item_id,label,is_leaf_label,latent_idx,rank_within_label,inclusion_frequency,abs_cohens_d,evidence_class,behavior_component_id,behavior_component,representation_component_id,representation_component,grouping_status,short_name,primary_explanation,candidate_behavioral_explanation,representative_evidence,alternative_explanations,possible_confounds,limitations,card_confidence,model_reported_support_fraction,coding_provenance,grouping_provenance
RE_29759,RE,False,29759,1,1.0,0.8470445,behavioral_function,confirmatory_exploration,确认与探索性追问,confirmatory_exploration,确认与探索性追问,assigned_behavior_component,therapeutic reflection and questioning,"The sentences predominantly function as reflective statements or questions used in a therapeutic or counseling context, often summarizing, challenging, or exploring the speaker's experiences, feelings, or behaviors.","The sentences serve to elicit self-reflection, confirm understanding, or gently challenge the interlocutor's perspective, typical of motivational interviewing or therapy.","s007: So that means you want to quit now right || s023: So, you're gonna quit then?","The sentences could be from a structured interview or questionnaire about health behaviors, with the speaker summarizing or clarifying responses. | The pattern might reflect a conversational style where the speaker frequently uses 'you' to engage the listener, but the function varies across sentences.","The sentences are extracted from a larger dialogue, so the context of preceding and following turns is missing, which could alter the perceived function. | Transcription artifacts like false starts and repetitions may obscure the intended function.","Some sentences (e.g., s006, s031) are more ambiguous and could be interpreted as simple statements rather than therapeutic reflections. | The analysis relies on pragmatic inference without access to prosody or non-verbal cues.",4,1.0,extracted_unchanged_from_validated_feature_card,current_ai_evidence_review
RE_19435,RE,False,19435,2,1.0,0.8193015,linguistic_structure,,,so_discourse_launch,so 引导的话语启动结构,assigned_nonbehavior_component,so_you_statements,"The sentences predominantly begin with 'so you' followed by a verb phrase, forming a pattern of reflective or summarizing statements that appear to be therapist or counselor utterances in a clinical or motivational interviewing context.","The sentences likely function as reflective listening or summarizing statements used in therapeutic settings to validate, clarify, or prompt further discussion from the client.",s004: soyou're concerned about having a stroke || s012: so you're testing a lot,"The sentences could be part of a structured interview or questionnaire where the interviewer paraphrases the respondent's answers. | The pattern might reflect a specific therapeutic technique (e.g., motivational interviewing) where the therapist uses 'so you' to reflect the client's statements.","The sentences are extracted from a larger dialogue, so the pattern may be an artifact of the transcription or annotation process focusing on therapist turns. | Some sentences (e.g., s002) are longer and more complex, but still follow the 'so you' pattern.",The analysis is based solely on the provided sentences without context of the full conversation. | The pattern is primarily structural; the behavioral function is inferred but not directly confirmed.,4,1.0,extracted_unchanged_from_validated_feature_card,current_ai_evidence_review
RE_31930,RE,False,31930,3,1.0,0.6844043,linguistic_structure,,,so_discourse_launch,so 引导的话语启动结构,assigned_nonbehavior_component,So-prefixed therapeutic questions,"The majority of sentences begin with the discourse marker 'So' followed by a question or reflective statement typical of therapeutic or counseling contexts, often addressing personal behaviors, health, or relationships.","The sentences function as therapeutic prompts or exploratory questions, likely from a clinician to a client, aimed at eliciting information or reflection.","s003: So Greg, just focus on your drinking, can you tell me a bit about when you first started drinking when || s016: So basically, you're not planning on cutting down; you are just going to do the same thing?","The sentences could be part of a structured interview or assessment protocol, with 'So' serving as a conversational opener. | The pattern might reflect a specific therapeutic technique (e.g., motivational interviewing) where 'So' is used to transition or summarize.","The dataset may be drawn from a single clinical setting, limiting generalizability. | Transcription artifacts (e.g., 'hmm', 'yeah') may obscure the pattern.","Some sentences (e.g., s025, s032) are less clearly questions but still start with 'So'. | The behavioral function is inferred from context but not explicitly labeled.",4,1.0,extracted_unchanged_from_validated_feature_card,current_ai_evidence_review
RE_30224,RE,False,30224,4,1.0,0.683084,behavioral_function,reflective_reformulation,反映式重构与总结,reflective_reformulation,反映式重构与总结,assigned_behavior_component,therapeutic reflection and questioning,"The sentences predominantly consist of therapist-like reflections, paraphrases, and open-ended questions that restate or explore the client's statements, often using discourse markers like 'so', 'okay', 'it sounds like', and 'what I'm hearing is'.","The primary behavioral function is therapeutic reflection and probing, where the speaker mirrors the client's words to encourage elaboration or insight.",s005: it sounds like you really feel like you let yourself and your children down and that's hard to accept given how much you love your kids || s020: so it sounds like you're saying that alcohol brings pot of both positive and negative aspects to your life,"The sentences could be part of a motivational interviewing script, focusing on eliciting change talk. | They might represent a collection of counseling session transcripts with a mix of therapist and client turns, but the majority are therapist turns.","Some sentences (e.g., s008, s015, s030, s043) may be client utterances or contain transcription errors, breaking the pattern. | The pattern may be an artifact of the data source (e.g., therapy transcripts) rather than a designed feature.","The interpretation is based on surface-level discourse markers and may not capture deeper therapeutic techniques. | Outliers suggest the set may include both therapist and client speech, but the majority are therapist-like.",4,0.92,extracted_unchanged_from_validated_feature_card,current_ai_evidence_review
RE_14875,RE,False,14875,5,1.0,0.6773471,linguistic_structure,,,so_discourse_launch,so 引导的话语启动结构,assigned_nonbehavior_component,therapeutic_discourse_markers,"The majority of sentences begin with 'and so' or 'so', functioning as discourse markers that connect to prior talk, often in a therapeutic or counseling context. These sentences typically involve reflective listening, scaling questions, or exploratory prompts about feelings, behaviors, or motivations.","The sentences appear to be from a therapeutic or coaching interaction, where the speaker uses 'and so' to build rapport, summarize, or probe deeper into the client's experiences. Common functions include reflecting feelings, asking about readiness to change, and exploring barriers.",s012: and so let's look at those two here || s020: and so are you interested in stopping smoking?,"The sentences could be from a corpus of transcribed therapy sessions, with 'and so' being a common filler or transition used by therapists. | Alternatively, the pattern might reflect a specific annotation or transcription style where 'and so' is inserted to indicate a continuation of speech.","The presence of 'so' in all sentences might be an artifact of the data collection or transcription process, rather than a genuine linguistic pattern. | Some sentences (e.g., s001, s046) show grammatical errors or incoherence, suggesting possible transcription errors or non-native speech.","The analysis assumes a single discourse context, but the sentences vary in coherence and may come from multiple speakers or settings. | The pattern is primarily structural (discourse marker) and may not capture deeper behavioral functions consistently.",4,1.0,extracted_unchanged_from_validated_feature_card,current_ai_evidence_review
RE_5663,RE,False,5663,6,1.0,0.6631307,linguistic_structure,,,so_discourse_launch,so 引导的话语启动结构,assigned_nonbehavior_component,discourse_marker_so,"The sentences consistently use the discourse marker 'so' in a turn-initiating or transition role, often at the start of a clause or after a pause, to connect ideas or signal a shift in topic or focus.",The available sentences do not support a stable behavioral-function interpretation.,s001: so you can't imagine that so is look at the other side can you imagine having further instance with law enforcement we're charges in the future || s004: I understand so tell me how often do you drink,"The sentences may represent therapeutic or counseling dialogue, where 'so' is used to summarize or redirect the conversation. | The pattern could be a transcription artifact where 'so' is overrepresented due to conversational speech habits.","The dataset may be drawn from a single conversation type (e.g., therapy sessions) where 'so' is particularly frequent. | Some instances of 'so' may be part of fixed phrases (e.g., 'so far', 'so good') rather than discourse markers.","The pattern is purely structural and does not capture the diverse topics or functions across sentences. | A few sentences (e.g., s034 'It's so ....') are too short to confirm the pattern, but they still contain 'so'.",4,1.0,extracted_unchanged_from_validated_feature_card,current_ai_evidence_review
RE_1516,RE,False,1516,7,1.0,0.6625647,behavioral_function,directive_risk_guidance,直接建议与风险反馈,directive_risk_guidance,直接建议与风险反馈,assigned_behavior_component,second-person advice and counseling,"The sentences predominantly use second-person 'you' to give advice, offer suggestions, or reflect on the listener's situation, often in a counseling or coaching context. The pattern includes discourse markers like 'okay', 'yeah', 'um', and 'well', and covers topics such as health, behavior change, and personal goals.","The primary behavioral function is giving advice, making suggestions, or providing reflective feedback in a supportive or directive manner, typical of counseling or coaching interactions.","s003: Okay, well, um, you're going to have to cut the fast food down to no more than once a week || s010: um you said that you know you weren't raised like that you're do parents do you think your parents would like if they knew you drank this much?","The sentences could be interpreted as a collection of conversational fragments from various contexts, with no single stable pattern beyond the use of 'you'. | The pattern might reflect a specific genre of transcribed therapy or coaching sessions, but the diversity of topics and tones suggests multiple sub-patterns.","The sentences are likely extracted from different parts of longer conversations, so the pattern may be an artifact of the extraction process focusing on utterances containing 'you'. | The presence of discourse fillers like 'um', 'yeah', 'okay' may be a transcription artifact rather than a genuine feature of the interaction.","The analysis is based solely on the provided sentences without full conversational context. | Some sentences (e.g., s041) have a different tone (aggressive) that may not fit the counseling interpretation perfectly.",4,1.0,extracted_unchanged_from_validated_feature_card,current_ai_evidence_review
RE_7054,RE,False,7054,8,1.0,0.6581278,behavioral_function,directive_risk_guidance,直接建议与风险反馈,directive_risk_guidance,直接建议与风险反馈,assigned_behavior_component,second-person advice and evaluation,"The sentences predominantly use second-person 'you' to give advice, evaluate behavior, or describe consequences in a counseling or coaching context. They often include conditionals, imperatives, or evaluative statements about the addressee's actions or state.","The sentences function as advice, warnings, or motivational statements typical of a health or addiction counselor addressing a client.",s001: yeah absolutely if you don't have that first if you can stop yourself having that first drink you're more inclined not to keep drinking of course || s003: yeah you're not here because you think you have a problem you're here because they sent you here,"The sentences could be part of a motivational interviewing transcript, where the counselor reflects and guides the client. | They might represent a collection of self-talk or internal monologue, but the consistent 'you' suggests direct address.","The sentences are extracted from a larger dialogue, so context is missing; some may be questions or statements from the client rather than the counselor. | The presence of 'yeah' and 'well' suggests conversational turns, but the function may vary by speaker role.","Without speaker labels, it is unclear whether all sentences are from the same speaker (e.g., counselor) or mixed. | Some sentences (e.g., s022 'I think you're wrong') could be client responses, but still fit the 'you' pattern.",4,1.0,extracted_unchanged_from_validated_feature_card,current_ai_evidence_review
RE_26319,RE,False,26319,9,1.0,0.6578204,linguistic_structure,,,,,nonbehavior_isolated_or_unresolved,so_that_purpose_clauses,"A majority of sentences contain the discourse marker 'so' followed by a clause expressing purpose, result, or explanation, often in therapeutic or advisory contexts. The pattern includes 'so that' purpose clauses (e.g., s001, s002, s003) and 'so' as a discourse marker introducing a consequence or summary (e.g., s023, s030, s040).","The sentences appear to function as therapeutic or counseling discourse, where the speaker uses 'so' to link actions to goals, provide feedback, or summarize understanding. This pattern supports collaborative problem-solving and motivational interviewing.",s001: and I wanted to get your reaction to this news so that I can better help you || s023: so that sounds doable,"The sentences may reflect a therapeutic register with frequent use of 'so' as a conversational filler or transition marker. | The pattern could be an artifact of transcription, where 'so' is used to indicate speaker continuation or turn-taking.","The dataset may be drawn from a single domain (e.g., counseling transcripts), inflating the frequency of 'so'. | Some sentences lack 'so' (e.g., s009, s010, s011, s012, s045, s046, s047, s048) but still fit the broader therapeutic context.","The pattern is primarily structural and does not capture the full range of behavioral functions. | Sentences without 'so' (e.g., s009, s010) are still included as supporting because they share the therapeutic context, but they weaken the linguistic pattern.",4,1.0,extracted_unchanged_from_validated_feature_card,current_ai_evidence_review
RE_3993,RE,False,3993,10,1.0,0.6380426,behavioral_function,reflective_reformulation,反映式重构与总结,reflective_reformulation,反映式重构与总结,assigned_behavior_component,therapist reflective listening,"The sentences predominantly function as therapist or counselor reflections, using phrases like 'it sounds like', 'so it seems like', and 'I hear you saying' to summarize or interpret the client's statements, often followed by a paraphrase of the client's experience or situation.","The primary behavioral function is reflective listening, a therapeutic technique where the therapist mirrors the client's statements to show understanding and encourage elaboration.",s001: and so it's already it's pretty obvious and it also sounds like that pain is really taken up a pretty big role in your in your life and it feels like a pretty big barrier right there || s005: sounds like you've been in a lot of pain and it's made it pretty difficult to do some of the things you normally do,"The sentences could be interpreted as a mix of therapeutic reflections and clinical information-gathering, where some utterances provide feedback or education rather than reflection. | Alternatively, the pattern might be a linguistic template used in motivational interviewing, where reflections are combined with affirmations and summaries.","The dataset may include multiple speakers (therapist vs. client) or different therapeutic styles, leading to variation in utterance types. | Transcription artifacts such as incomplete sentences or overlapping speech could obscure the intended function.","The primary interpretation does not cover all sentences; outliers include factual statements, affirmations, and questions that serve different functions. | The behavioral function is inferred from linguistic markers but may not reflect actual therapeutic intent without context.",4,0.68,extracted_unchanged_from_validated_feature_card,current_ai_evidence_review
RE_10181,RE,False,10181,11,1.0,0.63661695,behavioral_function,ambivalence_reflection,矛盾与双面反映,ambivalence_reflection,矛盾与双面反映,assigned_behavior_component,therapeutic reflection on ambivalence,"The sentences predominantly reflect a therapeutic or counseling discourse where the speaker (likely a clinician) reflects back the client's mixed feelings, concerns, or progress regarding health behaviors (e.g., substance use, diet, exercise) and social relationships, often using tentative language like 'kind of', 'a little', 'sounds like', and 'I hear you'.","The primary behavioral function is reflective listening and motivational interviewing, where the clinician summarizes, validates, and gently challenges the client's ambivalence to promote behavior change.",s001: so some of the negative things would be it's a impact on your health right the the smell clothes and so forth and then there's a lot of kind of social pushback || s011: okay I hear you so on one hand you feel confident that you're able to manage this home course load and the stress level and on the other hand you're unsure because you don't have the same social support it's like you did back home,"The sentences could be from a health coaching session focusing on behavior change, with the clinician using open-ended questions and affirmations. | Alternatively, they might represent a mix of client and clinician turns in a counseling session, where the pattern is the conversational structure of motivational interviewing.","The dataset may include both clinician and client utterances, making it hard to isolate a single speaker's pattern. | Some sentences are incomplete or fragmented due to transcription artifacts, obscuring the intended function.","A few sentences (e.g., s013, s017, s024, s039) do not clearly fit the therapeutic reflection pattern, possibly due to transcription errors or different contexts. | The pattern is inferred from content and discourse markers, but without speaker labels, the behavioral function remains somewhat speculative.",4,0.92,extracted_unchanged_from_validated_feature_card,current_ai_evidence_review
RE_31133,RE,False,31133,12,1.0,0.6349244,behavioral_function,reflective_reformulation,反映式重构与总结,reflective_reformulation,反映式重构与总结,assigned_behavior_component,sounds_like_reflection,"The majority of sentences use the construction 'it sounds like' or 'that sounds like' to reflect or paraphrase the speaker's understanding of the interlocutor's situation, often in a therapeutic or counseling context.","The sentences function as reflective listening statements, where the speaker mirrors or summarizes what the other person has said to show understanding and encourage further discussion.",s003: It does sound like something pretty significant happened that sort of  Freaked everybody out. || s008: and it sounds like you're your wife and your kids are very important to you and that is that for the reason why you're here,"The pattern may be a surface artifact of transcription conventions in therapy sessions, where 'sounds like' is a common discourse marker. | The sentences could be interpreted as evaluative statements where the speaker judges the interlocutor's situation, but the reflective function is more prominent.","The dataset may be drawn from a specific domain (e.g., counseling) where reflective listening is prevalent, limiting generalizability. | Some sentences use 'seems like' instead of 'sounds like', which may indicate a different but related pattern.",The analysis is based solely on text without prosodic or contextual cues that could clarify function. | Outlier sentences may represent different sub-patterns or noise in the data.,4,0.86,extracted_unchanged_from_validated_feature_card,current_ai_evidence_review
RE_15068,RE,False,15068,13,1.0,0.634514,linguistic_structure,,,it_evaluative_construction,it 引导的评价结构,assigned_nonbehavior_component,it-cleft and evaluative stance,"The majority of sentences use an 'it is/feels/sounds/looks like' structure to express an evaluation, opinion, or reflection about a situation, often in a therapeutic or advisory context. The pattern involves a dummy subject 'it' followed by a copula or perception verb and an evaluative complement.","The sentences function as reflective statements, often summarizing, validating, or reframing the interlocutor's experience, typical of counseling or motivational interviewing.",s003: yeah and it got the feeling that it's something that you want to think about that this is a really big decision and it's not one that you're gonna make in a hurry || s016: so it sounds like it's a way to relax it's a way to socialize with your friends from work and it's hard to imagine what it would be like for you at work if you couldn't go outside and smoke,"The sentences may be part of a motivational interviewing script, with frequent use of reflective listening and affirmation. | The pattern could be a transcription artifact where speakers use 'it' as a filler or discourse marker without specific referent.","The sentences come from a single conversation or domain (e.g., health behavior change), which may inflate the apparent pattern. | The 'it' structure may be overrepresented due to the topic (e.g., discussing smoking, drinking, dental care).","Some sentences (e.g., s020, s035) have less clear 'it' structures but still fit the evaluative stance. | The behavioral function is inferred from context but not explicitly confirmed.",4,1.0,extracted_unchanged_from_validated_feature_card,current_ai_evidence_review
RE_26800,RE,False,26800,14,1.0,0.62815595,behavioral_function,reflective_reformulation,反映式重构与总结,reflective_reformulation,反映式重构与总结,assigned_behavior_component,therapist_reflection_pattern,"The majority of sentences follow a pattern where the speaker (likely a therapist or counselor) reflects back or interprets the client's statements using phrases like 'sounds like', 'it seems like', 'clearly', or 'obviously', followed by a summary of the client's situation or feelings. This pattern serves to validate the client's experience and encourage further discussion.","The primary behavioral function is reflective listening or empathic reflection, a common therapeutic technique used to show understanding and to help the client articulate their thoughts and feelings.",s002: you obviously know yourself pretty well || s011: Wow okay so it sounds like you're feeling pretty confident after our discussion,"The pattern could be a linguistic template used in motivational interviewing, where the therapist uses reflective statements to build rapport and elicit change talk. | Alternatively, the pattern might be a surface artifact of a specific therapy session transcript where the therapist consistently uses 'sounds like' as a discourse marker.","The sentences may come from multiple therapy sessions with different clients, but the reflective pattern remains consistent. | Some sentences (e.g., s025) are client utterances, which could indicate that the dataset includes both therapist and client speech, but the pattern is predominantly therapist reflections.",The analysis is based solely on the provided sentences without context of the full conversation. | The pattern may not generalize to other therapy contexts or datasets.,4,0.98,extracted_unchanged_from_validated_feature_card,current_ai_evidence_review
RE_11405,RE,False,11405,15,1.0,0.615395,behavioral_function,directive_risk_guidance,直接建议与风险反馈,directive_risk_guidance,直接建议与风险反馈,assigned_behavior_component,second-person advice and reflection,"The sentences predominantly use second-person 'you' to address the listener directly, often in contexts of giving advice, reflecting on personal habits, or discussing health-related risks and changes. The pattern includes frequent discourse markers like 'you know' and 'so', and a mix of declarative and interrogative structures that engage the listener in a conversational, therapeutic, or coaching tone.","The sentences appear to function as advice-giving, reflective questioning, or motivational interviewing, likely from a counselor or coach to a client, focusing on behavior change (e.g., smoking, chewing tobacco, drinking, safety).","s002: Well, you know, you're doing good but don't forget what we talked about today, okay, about your chew tobacco and your mouth || s007: There's all these risks that you're putting yourself in","The sentences could be part of a therapeutic or counseling session transcript, with the speaker using reflective listening and open-ended questions. | Alternatively, they might represent a coaching or motivational interviewing style focused on behavior change, with frequent use of 'you' to personalize the message.","The sentences are extracted from a larger conversation, so the pattern may be influenced by the specific dialogue context (e.g., health intervention). | Some sentences include first-person narratives (e.g., s001, s011) that could be from the client rather than the counselor, mixing perspectives.","The analysis is based solely on text without prosodic or contextual cues, which could affect interpretation of function. | The sample may not represent all discourse functions present in the full conversation.",4,1.0,extracted_unchanged_from_validated_feature_card,current_ai_evidence_review
RE_20436,RE,False,20436,16,1.0,0.61355853,behavioral_function,ambivalence_reflection,矛盾与双面反映,ambivalence_reflection,矛盾与双面反映,assigned_behavior_component,ambivalence_reflection,"The sentences predominantly reflect a therapist or counselor summarizing a client's ambivalence, using contrastive discourse markers like 'on one hand... on the other hand' or 'but' to highlight conflicting feelings or thoughts.","The primary behavioral function is reflective listening and validation, where the speaker mirrors the client's internal conflict to foster insight and exploration.",s001: okay so on one hand you feel like it would be a relief to be less stressed and overwhelmed about your schoolwork and then on the other hand you feel like you just don't have time to go to counseling because you have so much work to do || s004: okay I hear you so on one hand you feel confident that you're able to manage this home course load and the stress level and on the other hand you're unsure because you don't have the same social support it's like you did back home,"The sentences could be seen as a collection of motivational interviewing reflections, focusing on change talk and sustain talk. | Alternatively, they might represent a therapeutic technique of summarizing client statements to build rapport and clarify issues.","The sentences are drawn from a therapeutic context, which may introduce a consistent reflective style that is not a stable pattern of the text feature itself. | Some sentences (e.g., s008, s009, s016, s017, s018, s029, s031, s035, s036, s046, s047, s048, s049) are less clearly ambivalent but still fit the reflective summary pattern.","The analysis is based on a single set of sentences without metadata about the original task or speaker roles. | The pattern may be an artifact of the data collection process (e.g., therapist utterances in a corpus).",4,1.0,extracted_unchanged_from_validated_feature_card,current_ai_evidence_review
RE_2995,RE,False,2995,17,1.0,0.6080913,unclear_or_mixed,,,mixed_counseling_discourse,混合型咨询话语,assigned_nonbehavior_component,counseling_dialogue_mixed,"The sentences appear to be from a counseling or healthcare dialogue, characterized by frequent use of discourse markers (e.g., 'um', 'yeah', 'so', 'I mean'), second-person address ('you'), and expressions of empathy, advice, or reflection. The pattern is a mix of therapist/healthcare provider statements and client/patient responses, but no single behavioral function or linguistic structure dominates across all sentences.",The available sentences do not support a stable behavioral-function interpretation.,s002: this is a big stuff for you I know I'm it's hard to make a step like this || s006: well I don't mean to be evasive about this but I just I want to know what do you think you should do in this situation,"The sentences could be from a motivational interviewing session, with many examples of reflective listening and open-ended questions. | Alternatively, they might be from a general conversation about health behavior change, with both provider and patient turns.","The sentences are decontextualized, making it hard to distinguish speaker roles. | Transcription artifacts (e.g., 'um', 'yeah') may overrepresent discourse markers.","No single pattern covers all sentences; some are questions, some are statements, some are advice. | The mix of topics (dental, exercise, drinking, etc.) suggests multiple sub-dialogues.",3,1.0,extracted_unchanged_from_validated_feature_card,current_ai_evidence_review
RE_1211,RE,False,1211,18,1.0,0.5932429,behavioral_function,reflective_reformulation,反映式重构与总结,reflective_reformulation,反映式重构与总结,assigned_behavior_component,therapist_reframing_and_summarizing,"The sentences predominantly function as therapist or counselor utterances that summarize, reframe, or validate a client's reported experiences, often using 'so', 'okay', 'it sounds like', or 'what I hear you saying' to introduce a restatement or interpretation of the client's situation.","The primary behavioral function is reflective listening and summarizing, a core therapeutic technique used to demonstrate understanding and encourage further disclosure.",s001: and so you've been avoiding food like this for so long that it totally makes sense that you're feeling fear || s003: so it sounds like you have a large workload and you already have a lot on your plate and now your parents are nagging you about going to counseling,"The sentences could be seen as a collection of motivational interviewing techniques, including affirmations and reflections. | Alternatively, they might represent a data annotation artifact where all sentences are from a single therapy session transcript, leading to uniform discourse style.","All sentences are from a single domain (therapy/counseling), so the pattern may not generalize to other contexts. | The pattern is heavily reliant on discourse markers like 'so' and 'okay', which could be an artifact of the transcription style.","The analysis does not account for the client's responses, which are absent from the sample. | Some sentences (e.g., s020) are direct questions, which slightly differ from the summarizing pattern but still serve a therapeutic function.",4,1.0,extracted_unchanged_from_validated_feature_card,current_ai_evidence_review
RE_12852,RE,False,12852,19,1.0,0.58899,behavioral_function,ambivalence_reflection,矛盾与双面反映,ambivalence_reflection,矛盾与双面反映,assigned_behavior_component,therapeutic reflection and advice,"The sentences predominantly feature a therapist or counselor reflecting the client's statements, summarizing ambivalence, or offering advice, often using 'so', 'okay', 'you feel', and 'it sounds like'.","The primary behavioral function is reflective listening and motivational interviewing, where the speaker mirrors the client's experiences and gently guides toward change.",s002: okay so on one hand you feel like it would be a relief to be less stressed and overwhelmed about your schoolwork and then on the other hand you feel like you just don't have time to go to counseling because you have so much work to do || s010: so what I know of you is that when you're faced with a tough challenge like a divorce you rise to the occasion and you manage to get through it and you come out on top,"The sentences could be part of a structured interview or assessment where the interviewer summarizes client responses. | The pattern may reflect a specific therapeutic modality like cognitive-behavioral therapy, focusing on identifying thoughts and behaviors.","Some sentences are direct advice or rules (e.g., s007, s050), which differ from reflective statements. | A few sentences are incomplete or fragmented (e.g., s026, s042), possibly due to transcription errors.","Outlier sentences include direct advice, questions about past, and incomplete thoughts, which do not fit the reflective pattern. | The dataset may mix different speakers or contexts, reducing pattern consistency.",4,0.66,extracted_unchanged_from_validated_feature_card,current_ai_evidence_review
RE_17861,RE,False,17861,20,1.0,0.5859378,linguistic_structure,,,second_person_evaluation,第二人称评价与经历陈述,assigned_nonbehavior_component,second-person statements about personal experiences,"The sentences predominantly use second-person 'you' to describe the addressee's actions, feelings, or states, often in a conversational or therapeutic context. The pattern is a stable linguistic structure of addressing the listener directly.",The available sentences do not support a stable behavioral-function interpretation.,s001: you keep throwing wine into the conversation || s008: you look really healthy good very healthy,The sentences may reflect a therapeutic or coaching discourse where the speaker reflects or summarizes the client's statements. | The pattern could be a transcription artifact from a conversation where the speaker frequently uses 'you' to engage the listener.,"The sentences are extracted from a larger conversation, so the pattern may be influenced by the dialogue context. | Some sentences include discourse markers like 'okay so' or 'and' that are typical of spoken language.","The pattern is purely structural and does not capture the variety of topics or functions across sentences. | Some sentences are incomplete or contain disfluencies, which may affect pattern detection.",4,1.0,extracted_unchanged_from_validated_feature_card,current_ai_evidence_review
RE_16292,RE,False,16292,21,1.0,0.58551246,behavioral_function,reflective_reformulation,反映式重构与总结,reflective_reformulation,反映式重构与总结,assigned_behavior_component,therapist_reflection_pattern,"The majority of sentences use the discourse marker 'so it sounds like' or 'it sounds like' to reflect or paraphrase the speaker's (client's) statements, functioning as a therapeutic reflection or summarizing technique.","The sentences serve as reflective listening or paraphrasing, a common therapeutic technique to show understanding and encourage elaboration.",s011: so Jane it sounds like you're angry with your supervisor || s018: so it sounds like you really want to go to Black Friday with your friends you're feeling a little anxious about it,"The sentences may be part of a medical or counseling intake interview, where the speaker summarizes or checks understanding of patient information. | The pattern could be a linguistic template used by a specific speaker or in a specific context, such as a therapy session transcript.","Some sentences use 'it looks like' instead of 'it sounds like', which may indicate a different function (e.g., factual verification vs. reflective listening). | A few sentences are incoherent or contain transcription errors, making pattern identification difficult.","The outlier sentences (e.g., s001, s002, s016) do not fit the reflective pattern and may represent different discourse functions. | The dataset may be drawn from multiple contexts or speakers, reducing pattern stability.",4,0.84,extracted_unchanged_from_validated_feature_card,current_ai_evidence_review
RE_20808,RE,False,20808,22,0.99,0.58335435,linguistic_structure,,,second_person_evaluation,第二人称评价与经历陈述,assigned_nonbehavior_component,second-person address,"All sentences begin with or contain the second-person pronoun 'you', often followed by a verb phrase, forming direct address or statements about the addressee. This pattern is consistent across the majority of sentences, though some include discourse markers like 'you know' or contractions like 'you're'.","The sentences appear to function as conversational turns in a dialogue, likely from a counseling or medical interview context, where the speaker addresses the listener directly, making observations, asking questions, or giving advice.",s002: You've gotten pretty isolated. || s011: You're putting yourself at risk for all these other diseases,"The sentences may reflect a therapeutic or counseling discourse where the speaker reflects the client's feelings or behaviors. | The sentences could be from a health advice or motivational interviewing context, focusing on the addressee's habits or health.","The dataset may be sampled from a specific genre (e.g., therapy transcripts) where second-person address is common. | Some sentences are fragments or contain disfluencies (e.g., s026, s038) that may reflect spoken language artifacts.","The pattern is purely structural; behavioral function is inferred but not strongly evidenced. | Some sentences are incomplete or ambiguous (e.g., s016, s026), making interpretation less certain.",4,1.0,extracted_unchanged_from_validated_feature_card,current_ai_evidence_review
RE_22558,RE,False,22558,23,0.99,0.57388854,behavioral_function,emotion_focused_reflection,情绪与压力反映,emotion_focused_reflection,情绪与压力反映,assigned_behavior_component,therapist reflection with 'pretty',"The sentences predominantly consist of therapist-like reflective statements that summarize or validate a client's reported experience, frequently using the intensifier 'pretty' (e.g., 'pretty confident', 'pretty frustrated', 'pretty important'). The pattern involves a discourse marker (e.g., 'okay so', 'so it sounds like') followed by a paraphrase of the client's state, often with an affective or evaluative adjective modified by 'pretty'.","The sentences appear to serve a therapeutic reflective listening function, where the speaker mirrors the client's feelings or situation to show understanding and encourage further disclosure.",s001: Wow okay so it sounds like you're feeling pretty confident after our discussion || s003: okay so it feels like you're having trouble fitting exercise into your schedule and you're starting to feel pretty discouraged and frustrated,"The pattern may be a linguistic template used in motivational interviewing, where the therapist uses 'okay so' and 'sounds like' to introduce reflections. | The frequent use of 'pretty' could be a conversational filler or hedging device rather than a deliberate therapeutic technique. | Some sentences may be from a client rather than a therapist, as in s041 and s046, which express personal feelings without reflective framing.","The dataset may mix therapist and client utterances, as some sentences (e.g., s041, s046) appear to be from a client's perspective. | The presence of incomplete sentences (s007, s008) and transcription artifacts may obscure the pattern. | The word 'pretty' is polysemous; in some contexts it may mean 'attractive' rather than 'fairly'.","The behavioral function interpretation relies on pragmatic inference; without context, the exact role of each utterance is uncertain. | Outliers include narrative, question, and direct quote sentences that do not fit the reflective pattern.",4,0.72,extracted_unchanged_from_validated_feature_card,current_ai_evidence_review
RE_21800,RE,False,21800,24,0.99,0.57349217,linguistic_structure,,,reflection_surface_template,反映式表层模板,assigned_nonbehavior_component,it_sounds_like_reflection,"The majority of sentences begin with 'it sounds like' or a variant, followed by a reflective summary or interpretation of the speaker's situation, often in a therapeutic or coaching context.","The sentences function as reflective listening or summarizing statements, commonly used in counseling or motivational interviewing to show understanding and validate the speaker's experience.",s004: okay so it sounds like you're willing to make a change and you're getting kind of excited about possibly having more energy || s008: okay so it sounds like you're drinking about four times a week anywhere between three and eight drinks on a given day so maybe around  drinks a week,"The sentences are all from a single conversation or transcript, possibly a therapy session, where the speaker uses a consistent discourse marker. | The pattern may reflect a specific annotation or transcription style where 'it sounds like' is a common phrase used to introduce paraphrases.","The dataset may be from a single domain (e.g., counseling) where this phrasing is typical, limiting generalizability. | Some sentences are incomplete or truncated, which may affect pattern detection.","A few sentences (e.g., s033, s035, s050) use 'seems like' instead of 'sounds like', indicating slight variation. | The behavioral function is inferred from context but not explicitly confirmed.",4,0.94,extracted_unchanged_from_validated_feature_card,current_ai_evidence_review
RE_28269,RE,False,28269,25,0.97,0.56952953,behavioral_function,reflective_reformulation,反映式重构与总结,reflective_reformulation,反映式重构与总结,assigned_behavior_component,therapist_paraphrase_so_okay,"The sentences predominantly consist of therapist paraphrases or reflections, often beginning with 'So' or 'Okay so', followed by a restatement of the client's prior utterance, frequently including second-person 'you' and hedges like 'kind of' or 'sort of'.","The primary behavioral function is therapeutic reflection or summarizing, where the therapist checks understanding or encourages elaboration by restating the client's statements.","s001: So, you're gonna quit then? || s004: So you are pretty confident about you wanting to change","The sentences could be interpreted as a collection of motivational interviewing reflections, where the therapist uses 'So' to summarize and affirm client statements. | Alternatively, they might represent a linguistic template for summarizing client speech in clinical settings, with 'okay so' as a discourse marker.","The dataset may be drawn from a single therapeutic context, limiting generalizability. | Transcription artifacts like repetitions ('I, I, I') and hesitations may obscure the pattern.","Two sentences (s022, s023) do not fit the primary pattern, indicating some heterogeneity. | The behavioral function is inferred from linguistic form; actual context is unknown.",4,0.96,extracted_unchanged_from_validated_feature_card,current_ai_evidence_review
RE_111,RE,False,111,26,0.99,0.5682712,linguistic_structure,,,it_evaluative_construction,it 引导的评价结构,assigned_nonbehavior_component,it-cleft and discourse marker 'so',"The majority of sentences begin with 'it' as a dummy subject (e.g., 'It sounds like', 'It's', 'It measures') or start with discourse markers like 'so' or 'okay so', often followed by a clause summarizing or reflecting the interlocutor's situation. This pattern suggests a reflective or summarizing discourse function.","The sentences appear to function as reflections, summaries, or confirmations of the interlocutor's statements, common in therapeutic or counseling contexts.",s005: So it sounds that you have been dealing with this for a while? || s030: Wow okay so it sounds like you're feeling pretty confident after our discussion,"The sentences may be from a medical or counseling dialogue, as many refer to health behaviors (e.g., smoking, drinking, exercise). | The pattern could be an artifact of transcription, where speakers use fillers like 'so' and 'okay' frequently.","The dataset may be drawn from a single domain (e.g., motivational interviewing), biasing the discourse markers and reflective structure. | The dummy 'it' pattern is extremely common in English, so the pattern may be too broad to be distinctive.","Some sentences (e.g., s028 'It's Friday') are simple statements that fit the dummy 'it' pattern but lack the reflective function. | The analysis does not account for sentence length or specific lexical choices beyond the initial structure.",4,1.0,extracted_unchanged_from_validated_feature_card,current_ai_evidence_review
RE_31363,RE,False,31363,27,1.0,0.5664118,behavioral_function,,,,,behavior_unassigned,therapeutic_discourse_markers,"The sentences predominantly feature discourse markers (e.g., 'so', 'and', 'but', 'and then') and second-person pronouns ('you', 'your'), characteristic of therapeutic or counseling dialogue where the speaker guides, advises, or reflects on the listener's experiences.","The sentences function as therapeutic or coaching utterances: they include reflections (s004, s041), advice (s029, s036), affirmations (s042, s048), and exploratory questions (s002, s049), all common in clinical or motivational interviewing contexts.",s004: and then also it sounds like you're kind of feeling not so great about your resume and your experience || s029: so I would probably say maybe to stay away from the lemon shallot butter noise and maybe steer towards that simply grilled with olive oil or the maybe the baked or,"The sentences could be from a single conversation transcript, with the pattern being the use of discourse markers like 'and', 'so', 'but' to connect turns, but this is less specific. | The pattern might be the frequent use of second-person pronouns ('you', 'your') indicating direct address, but this is a surface feature rather than a behavioral function.","The sentences are extracted from a larger transcript, so the pattern may reflect the overall conversation style rather than a stable feature of these sentences alone. | Some sentences (e.g., s045) are fragmentary and may not clearly exhibit the therapeutic function, but they still contain second-person pronouns.","The analysis assumes a therapeutic context, but without metadata, the setting could be other types of counseling or coaching. | The pattern is based on pragmatic function, which can be subjective; different annotators might label functions differently.",4,1.0,extracted_unchanged_from_validated_feature_card,current_ai_evidence_review
RE_29874,RE,False,29874,28,0.98,0.5604782,behavioral_function,reflective_reformulation,反映式重构与总结,reflective_reformulation,反映式重构与总结,assigned_behavior_component,seems_like_reflection,"The majority of sentences use the construction 'it seems like' or 'it sounds like' to reflect or summarize the speaker's perception of the listener's situation, often in a therapeutic or counseling context.","The sentences function as reflective listening statements, where the speaker mirrors or checks their understanding of the listener's experience, common in motivational interviewing or therapy.",s004: it seems like it's helped you to identify what's going on a little bit || s008: and it seems like you're really committed to getting your blood Sugar's under control,"The sentences may be part of a structured interview or assessment where the clinician uses 'seems like' to probe the client's perspective. | The pattern could reflect a linguistic template for expressing tentative observations, common in professional helping contexts.","The dataset may be drawn from a single therapeutic session, leading to repetition of the same discourse strategy. | Transcription artifacts (e.g., false starts, repetitions) may obscure the underlying pattern.","A few sentences (s014, s016) do not fit the primary pattern, suggesting some variability. | The behavioral function is inferred from context but not explicitly confirmed.",4,0.96,extracted_unchanged_from_validated_feature_card,current_ai_evidence_review
RE_23242,RE,False,23242,29,0.99,0.5590297,behavioral_function,,,,,behavior_unassigned,therapist_observation_and_affirmation,"The sentences predominantly involve a therapist or counselor observing, noting, or affirming client behaviors, feelings, or progress, often using phrases like 'I noticed', 'I see', 'I understand', or 'it sounds like'.","The primary behavioral function is to build rapport, validate client experiences, and guide the conversation by reflecting observations and encouraging disclosure.",s001: I noticed that you got a little tense and sort of it's almost like those wheels are turning again just considering it as the coaches are tracking || s002: I noticed that you filled out one of our drug questionnaires,"The sentences are from a clinical or counseling setting where the speaker reviews client forms and medical history. | The sentences involve the speaker expressing surprise or appreciation about client actions or progress. | The sentences are a mix of observations, affirmations, and questions about client behavior and health.","The dataset may include multiple speakers or contexts (e.g., medical, counseling, casual conversation) that are not distinguished. | Some sentences are incomplete or contain transcription errors, making interpretation ambiguous. | The presence of outliers like s006 suggests the set may include non-therapeutic interactions.","The primary pattern does not cover all sentences; outliers include compliments, greetings, and unrelated statements. | The behavioral function is inferred from context but not explicitly confirmed by the data. | The sample IDs are not ordered by time or speaker, so conversational flow is unknown.",3,0.6,extracted_unchanged_from_validated_feature_card,current_ai_evidence_review
RE_9537,RE,False,9537,30,0.98,0.5517469,linguistic_structure,,,so_discourse_launch,so 引导的话语启动结构,assigned_nonbehavior_component,so-initial discourse marker,"The majority of sentences begin with the discourse marker 'so', often followed by a question, summary, or directive, indicating a conversational turn-taking or topic-continuation function. This pattern is consistent across diverse topics and contexts.","The sentences appear to function as conversational initiations or continuations, often in therapeutic or advisory settings, using 'so' to link to prior discourse or to introduce a new focus.",s010: So what's that mean to you to hear that it's a problem. || s024: So what do you think will help,"The sentences may represent a specific genre of clinical or counseling dialogue, where 'so' is used to transition between topics or to prompt patient reflection. | The pattern could be an artifact of transcription, where 'so' is used to mark the beginning of a speaker's turn in a conversation.","The dataset may be drawn from a single domain (e.g., therapy sessions) where 'so' is a common discourse marker, limiting generalizability. | Some sentences (e.g., s005, s006) have non-standard punctuation or spelling, but still follow the 'so' pattern.","The analysis does not capture the full pragmatic function of each sentence beyond the initial 'so'. | Some sentences (e.g., s001) have complex structures that may not be fully explained by the 'so' pattern alone.",5,1.0,extracted_unchanged_from_validated_feature_card,current_ai_evidence_review
RE_29845,RE,False,29845,31,0.96,0.5499808,behavioral_function,directive_risk_guidance,直接建议与风险反馈,directive_risk_guidance,直接建议与风险反馈,assigned_behavior_component,therapeutic_dialogue_advice,"The sentences predominantly reflect a therapeutic or counseling dialogue where a speaker addresses a 'you' about health risks, emotional struggles, and behavioral change, often using conditional or motivational language.","The primary behavioral function appears to be advice-giving or motivational interviewing, as many sentences offer guidance, highlight consequences, or encourage reflection on personal issues.",s001: You're putting yourself at risk for all these other diseases || s003: none of us want to see you on the streets prostituting yourself because you need dope,"The sentences could be from a scripted role-play or simulated therapy session, explaining the consistent use of second-person address and health-related topics. | Alternatively, the pattern may reflect a collection of motivational interviewing prompts, where the speaker uses reflective listening and open-ended questions to guide behavior change.","The sentences are extracted from a larger dialogue, so missing context may exaggerate the therapeutic tone. | Some sentences (e.g., s002, s005) appear more narrative or fragmented, possibly from different speakers or contexts.","The analysis is based solely on text without speaker or turn information, limiting functional interpretation. | The set includes outliers that do not fit the therapeutic advice pattern, reducing coverage.",3,0.64,extracted_unchanged_from_validated_feature_card,current_ai_evidence_review
RE_19005,RE,False,19005,32,0.99,0.54533213,behavioral_function,,,,,behavior_unassigned,therapeutic_discourse_markers,"The sentences predominantly feature discourse markers typical of therapeutic or counseling conversations, such as 'so', 'okay', 'yeah', 'um', and 'you know', along with reflective or probing questions about personal experiences, feelings, and behaviors.","The sentences function as therapeutic dialogue, including reflections, questions, and affirmations aimed at exploring client experiences, emotions, and behaviors.",s001: okay so where between hearing the person talking about Tim and going to the gym where did you decide to cut because you said you were also feeling like punching somebody so there must have been a point where you decided I'm going to cut || s009: well given that you've sort of noticed all these changes where it's affecting your friendships it's affecting your studying it's affecting your relationship with your mom,"The sentences could be from a motivational interviewing session, focusing on ambivalence and change talk. | They might represent a peer support group conversation, with shared experiences and advice.","The dataset may include multiple speakers (therapist and client), but the pattern of discourse markers remains consistent. | Some sentences are incomplete or contain transcription errors, but the overall therapeutic tone persists.","The analysis is based solely on text, lacking prosodic and contextual cues that could refine the interpretation. | The sample IDs are sequential, but the order may not reflect actual conversation flow.",4,1.0,extracted_unchanged_from_validated_feature_card,current_ai_evidence_review
RE_26968,RE,False,26968,33,0.95,0.5369549,behavioral_function,emotion_focused_reflection,情绪与压力反映,emotion_focused_reflection,情绪与压力反映,assigned_behavior_component,therapeutic_emotion_focus,"The sentences predominantly involve a therapist or counselor reflecting, validating, or probing a client's emotional states (e.g., feeling overwhelmed, depressed, anxious, sad) and related experiences, often using phrases like 'you're feeling', 'it sounds like', or 'tell me about'.","The primary behavioral function appears to be therapeutic reflection and exploration: the speaker (likely a clinician) mirrors the client's reported feelings, asks clarifying questions, and encourages elaboration on emotional and behavioral patterns.",s002: okay so right now you have so much going on that you're just feeling totally overwhelmed you don't even know where to start || s007: so what I hear you saying is that you're feeling really stressed and kind of stretched out too thin,"The sentences could be from a structured clinical interview or diagnostic assessment, focusing on symptom checklists and severity ratings. | Alternatively, they might represent a motivational interviewing session, emphasizing client ambivalence and change talk.","Some sentences (e.g., s003, s014, s040) are more specific to physical health or behavioral habits, which may reflect a broader health counseling context rather than pure mental health therapy. | The presence of self-disclosure (s025) and direct advice (s022) suggests some variation in therapeutic style.","The dataset lacks speaker labels and full conversational context, making it impossible to confirm the exact therapeutic modality or setting. | Some sentences (e.g., s048) are fragmentary and may be misattributed.",4,1.0,extracted_unchanged_from_validated_feature_card,current_ai_evidence_review
RE_8034,RE,False,8034,34,0.95,0.53261125,linguistic_structure,,,reflection_surface_template,反映式表层模板,assigned_nonbehavior_component,okay_so_it_sounds_like,"A majority of sentences begin with 'okay so it sounds like' or a close variant, followed by a reflective summary or interpretation of the interlocutor's situation, often in a therapeutic or counseling context.","The sentences function as reflective listening or summarizing statements, common in motivational interviewing or therapy, where the speaker mirrors or checks understanding of the other person's experience.",s004: Wow okay so it sounds like you're feeling pretty confident after our discussion || s009: okay so it feels like you're having trouble fitting exercise into your schedule and you're starting to feel pretty discouraged and frustrated,The sentences may be part of a structured interview or questionnaire where the interviewer paraphrases responses. | The pattern could reflect a conversational routine in a specific domain like health coaching or addiction counseling.,"The dataset may be drawn from a single conversation or transcript, artificially inflating the pattern's prevalence. | Some sentences (e.g., s028, s030) lack the 'okay so' opener but still fit the reflective function, suggesting the pattern is not perfectly uniform.","The analysis is based solely on surface form; deeper pragmatic function may vary across sentences. | Without context, it is unclear whether all sentences are from the same speaker or interaction.",4,1.0,extracted_unchanged_from_validated_feature_card,current_ai_evidence_review
RE_26869,RE,False,26869,35,0.99,0.5273536,surface_artifact,,,,,nonbehavior_isolated_or_unresolved,possessive_clitic_errors,"Many sentences contain a possessive clitic ('s) that is incorrectly attached to a noun that should be plural or is used in a context where a plural or possessive is ambiguous, often resulting in ungrammatical or semantically odd constructions (e.g., 'your wife's foot feeding you', 'your son's always healthy', 'your blood Sugar's under control').",The available sentences do not support a stable behavioral-function interpretation.,s006: your wife's foot feeding you huh || s009: so your husband's always expand your clumsy rushing into things,"The sentences may be from a corpus of therapy or counseling sessions, as many involve personal concerns and advice. | The pattern could reflect a transcription artifact where apostrophes are inserted incorrectly due to speech recognition errors. | The sentences might be examples of non-native English or dialectal variation in possessive marking.","The sentences are drawn from a single source (e.g., therapy transcripts) which may have systematic transcription errors. | Some sentences without possessive clitics still contain other grammatical errors, suggesting a broader pattern of non-standard English. | The feature ID may correspond to a specific annotation or error tag, biasing the selection toward sentences with possessive errors.","The analysis is based solely on surface form and does not consider deeper syntactic or semantic context. | The sample size is small and may not be representative of a larger population. | The interpretation may conflate different types of errors (e.g., possessive vs. plural) under one label.",4,1.0,extracted_unchanged_from_validated_feature_card,current_ai_evidence_review
RE_3416,RE,False,3416,36,0.95,0.52676284,behavioral_function,reflective_reformulation,反映式重构与总结,reflective_reformulation,反映式重构与总结,assigned_behavior_component,therapist reflective listening,"The sentences predominantly feature a therapist or counselor using reflective listening, paraphrasing, and summarizing to mirror the client's statements, often starting with 'so', 'okay', 'it sounds like', or 'it seems like'.","The primary behavioral function is reflective listening and summarizing in a therapeutic or counseling context, aimed at validating the client's experience and checking understanding.",s001: oh okay it's about sharing there's that yeah really that piece of connectedness that's really important for you || s002: okay so if I understand you correctly it is about your priority right now,"The sentences could be from a coaching or motivational interviewing session, focusing on change talk and goal setting. | Some sentences may be from a medical or health consultation, discussing symptoms, medications, and lifestyle changes.","The dataset may include both therapist and client utterances, but the pattern is strongest for therapist turns. | Transcription artifacts like 'um', 'okay', 'so' may inflate the appearance of a single pattern.","Outliers include client statements, factual descriptions, and questions that do not fit the reflective listening pattern. | The pattern is based on discourse markers and pragmatic function, which may overlap with other conversational contexts.",4,0.6,extracted_unchanged_from_validated_feature_card,current_ai_evidence_review
RE_29190,RE,False,29190,37,0.91,0.52446884,linguistic_structure,,,reflection_surface_template,反映式表层模板,assigned_nonbehavior_component,that_sounds_like_evaluation,"The majority of sentences begin with 'that sounds like', 'it sounds like', or 'sounds like', followed by an evaluative or interpretive phrase about a prior statement or situation. This pattern functions as a reflective listening or summarizing move, often in a therapeutic or advisory context.","The sentences serve as reflective listening or paraphrasing, where the speaker interprets or evaluates the interlocutor's previous utterance, often to show understanding or to guide the conversation.",s001: yeah that sounds like that's a source of frustration || s004: that sounds like a great idea,"The sentences are primarily evaluative, expressing the speaker's judgment (positive, negative, or neutral) about a topic, often using adjectives like 'great', 'exhausting', 'upsetting'. | The sentences function as conversational continuers or backchannels, acknowledging the interlocutor's speech and prompting further elaboration.","The sentences come from a corpus of therapy or counseling sessions, which may bias the pattern toward reflective listening. | Some sentences include additional clauses or questions (e.g., s010, s047), which may deviate from the core pattern but still contain the key phrase.","The pattern is primarily structural; the behavioral function is inferred but not directly observable from the sentences alone. | A few sentences (e.g., s022, s029) embed the pattern in longer utterances, but still contain the key phrase.",4,1.0,extracted_unchanged_from_validated_feature_card,current_ai_evidence_review
RE_2167,RE,False,2167,38,0.99,0.5242514,behavioral_function,reflective_reformulation,反映式重构与总结,reflective_reformulation,反映式重构与总结,assigned_behavior_component,therapeutic_discourse_markers,"The sentences predominantly feature discourse markers such as 'so', 'okay', 'it sounds like', and 'you mentioned', characteristic of therapeutic or counseling dialogue where the speaker reflects, summarizes, or probes the client's experiences.","The primary behavioral function is reflective listening and probing, used by a therapist or counselor to encourage elaboration, clarify client statements, and guide the conversation toward goals or insights.",s003: okay so it sounds like you felt like you had a lot of people that you could turn to at that time and now you can exactly turn to them like you once did because you decided to go off to different schools || s004: okay so I guess just going back to and why you went to the GP and how you've ended up kind of coming here today so it sounds like you've been experiencing anxiety for quite a few years but just recently moved out of home for the first time,"The sentences could be part of a motivational interviewing session, focusing on change talk and ambivalence. | The pattern might reflect a structured clinical intake interview with standardized prompts. | The sentences could be from a coaching or advising context, not necessarily therapeutic.","The dataset may be drawn from multiple sources (e.g., therapy, medical consultation, coaching) that share similar discourse markers. | Transcription artifacts like 'um' and repetitions may inflate the appearance of a single pattern. | Some sentences are client responses rather than therapist utterances, which may follow different patterns.","The analysis is based solely on text without speaker labels, so it is unclear who is speaking. | The pattern is robust but may not generalize to all therapeutic contexts. | Outliers may represent client speech or different phases of the interaction.",4,0.9,extracted_unchanged_from_validated_feature_card,current_ai_evidence_review
RE_13169,RE,False,13169,39,0.95,0.5198702,behavioral_function,,,,,behavior_unassigned,therapeutic_reflection_and_advice,"The sentences predominantly involve a speaker reflecting on a client's or interlocutor's experiences, feelings, or behaviors, often using phrases like 'it sounds like' or 'I think', and offering advice, encouragement, or interpretation in a therapeutic or counseling context.","The primary behavioral function appears to be reflective listening and motivational interviewing, where the speaker mirrors the client's statements, validates emotions, and gently guides toward change.",s001: I don't think I'm ready to go there yet Michael but it sounds to me like you want to get off of your medication || s007: yeah well it sounds like there's some judgments in there right so it sounds like probably you're having some judgments like I'm feeling really bad yeah,"The sentences could be from a general conversation about health behaviors, with some being client statements and others counselor statements, but the reflective pattern is dominant. | The pattern might be an artifact of transcription from a therapy session, where the counselor uses reflective statements and the client responds with personal narratives.","The dataset may include both counselor and client utterances, mixing reflective and non-reflective sentences. | Some sentences are incomplete or fragmented, making interpretation ambiguous.","The primary interpretation covers about 70% of sentences; outliers include greetings, fragments, and client narratives. | The behavioral function is inferred from linguistic cues but not independently verified.",4,0.7,extracted_unchanged_from_validated_feature_card,current_ai_evidence_review
RE_15504,RE,False,15504,40,0.9,0.51962745,behavioral_function,confirmatory_exploration,确认与探索性追问,confirmatory_exploration,确认与探索性追问,assigned_behavior_component,so-initialed counseling questions,"The majority of sentences begin with the discourse marker 'So' and function as questions or prompts in a counseling or coaching context, often addressing health behaviors, personal decisions, or relationship issues.","The sentences serve as therapeutic or motivational interviewing questions, aiming to elicit client reflection, commitment, or information about health-related behaviors (e.g., smoking, drinking, diet, exercise).","s005: So, you're gonna quit then? || s018: So what do you think will help","The sentences are from a corpus of motivational interviewing sessions, where 'So' is used to transition between topics or summarize. | The pattern is a surface artifact of transcription conventions that include discourse markers like 'So' at utterance beginnings. | The sentences reflect a mix of question types (yes/no, wh-) and statements, all serving to guide a client through behavior change.","The dataset may be from a single domain (e.g., health coaching) which biases the topic and function. | The presence of 'So' may be a transcription artifact or a conversational filler rather than a deliberate therapeutic technique. | Some sentences (e.g., s001, s039) do not start with 'So' but still fit the counseling context, indicating the pattern is not purely structural.",The analysis is based solely on text without prosodic or contextual information. | The sample IDs are not fully representative of all possible variations in counseling discourse.,4,1.0,extracted_unchanged_from_validated_feature_card,current_ai_evidence_review
RE_4018,RE,False,4018,41,0.9,0.51783216,linguistic_structure,,,reflection_surface_template,反映式表层模板,assigned_nonbehavior_component,seems_like_feel_pattern,"The majority of sentences use perception verbs (seems, sounds, feels, looks) followed by a complement clause, often with 'like' or 'that', to express the speaker's inference or interpretation of the listener's state or situation.","The sentences function as reflective statements or empathetic inferences, commonly used in therapeutic or counseling contexts to validate or explore the listener's feelings and experiences.",s003: in fact it seems like you're feeling pretty sad and maybe even a little hopeless || s017: ok it seems like you are willing to change your behavior and at the same time you are frustrated about not getting the medication that you need for you to change or support that you need to change,The sentences may represent a therapeutic discourse pattern where the speaker uses tentative language to build rapport and encourage self-disclosure. | The pattern could be a surface artifact of a specific dialogue system or script that frequently uses 'seems like' and 'sounds like' as conversational fillers.,"The dataset may be drawn from a specific domain (e.g., counseling, medical interviews) where such language is common, limiting generalizability. | Some sentences are incomplete or contain transcription errors, making pattern detection noisy.","Outliers include questions, direct requests, and unrelated narratives that do not fit the primary pattern. | The pattern is primarily structural; behavioral function is inferred but not directly evidenced.",4,0.86,extracted_unchanged_from_validated_feature_card,current_ai_evidence_review
RE_30798,RE,False,30798,42,0.89,0.51683086,linguistic_structure,,,it_evaluative_construction,it 引导的评价结构,assigned_nonbehavior_component,it_sentences,"The majority of sentences begin with 'It' followed by a verb (e.g., sounds, looks, is) and often include evaluative or descriptive content about a situation, feeling, or fact. This pattern is a linguistic structure where 'It' serves as a dummy subject or referent, and the sentence provides commentary or information.",The available sentences do not support a stable behavioral-function interpretation.,s001: It does sound like something pretty significant happened that sort of  Freaked everybody out. || s003: It’s definitely more than what we would recommend and could certainly be contributing to your high blood pressure.,"The sentences may reflect a therapeutic or counseling discourse where 'It' is used to refer to a client's situation or feeling, but this is not consistent across all sentences. | The pattern could be a surface artifact of transcription where speakers frequently start utterances with 'It' as a filler or discourse marker, but this is less specific.","The dataset may be biased towards sentences beginning with 'It' due to the selection criteria for this feature. | Some sentences (e.g., s022, s047) contain multiple clauses or are fragmented, making the pattern less clear.","The pattern is purely structural and does not capture semantic or functional commonalities. | Two sentences (s049, s050) do not start with 'It', indicating the pattern is not universal.",4,0.96,extracted_unchanged_from_validated_feature_card,current_ai_evidence_review
RE_23670,RE,False,23670,43,0.89,0.5163147,linguistic_structure,,,reflection_surface_template,反映式表层模板,assigned_nonbehavior_component,sounds_like_reflection,"The majority of sentences begin with 'sounds like' or a variant, functioning as a reflective or summarizing statement about the interlocutor's situation, often in a therapeutic or coaching context.","The sentences serve as reflective listening or summarizing statements, commonly used in motivational interviewing or therapy to acknowledge and validate the speaker's experience.",s010: sounds like you're noticing quite a few not so good things about alcohol though mom got mad at you you're having decreased focus you're kind of not doing so well in school maybe || s015: sounds like you're concerned about eating too many five foods and not exercising enough,The sentences may be part of a therapeutic dialogue where the therapist uses reflective listening to encourage client elaboration. | The pattern could be a discourse marker for summarizing or paraphrasing the client's previous statements.,"Some sentences are fragments or have different syntactic structures (e.g., 'sounds brilliant' without 'like'). | The dataset may be from a specific domain (e.g., addiction counseling) which influences the pattern.","Outliers include sentences that do not follow the 'sounds like' pattern, such as direct affirmations ('sounds good') or fragments. | The behavioral function is inferred but not explicitly confirmed by the data.",4,0.82,extracted_unchanged_from_validated_feature_card,current_ai_evidence_review
RE_3805,RE,False,3805,44,0.87,0.51248056,unclear_or_mixed,,,mixed_counseling_discourse,混合型咨询话语,assigned_nonbehavior_component,therapeutic_discourse_mixed,"The sentences predominantly feature a mix of self-disclosure, reflection, and therapist-like paraphrasing or questioning, often using second-person 'you' to address the speaker or client, with frequent discourse markers like 'so', 'okay', 'it sounds like', and 'you know'. The pattern is a blend of personal narrative and therapeutic reframing, but no single function or structure dominates across all sentences.",The available sentences do not support a stable behavioral-function interpretation.,s001: and I obviously haven't been this way like when I took this job I guess that's when my health started spiraling downwards and I don't know I guess that's when I kind of noticed things were kind of off as far as my health goes so || s017: so it sounds like you're feeling this contradiction of pleasing your dad and meeting his expectations but you also want to enjoy yourself and be young,"The sentences may represent a corpus of psychotherapy sessions, with alternating client self-disclosure and therapist reflections. | The pattern could be a mix of personal narratives and advice-giving, with no single discourse function dominating.","The sentences are likely extracted from different parts of conversations, mixing client and therapist turns. | Transcription artifacts like 'you know', 'like', and hesitations may obscure functional patterns.","The set is heterogeneous, with no single pattern covering all sentences. | Lack of context (e.g., speaker identity) limits functional interpretation.",3,1.0,extracted_unchanged_from_validated_feature_card,current_ai_evidence_review
RE_13312,RE,False,13312,45,0.93,0.5118123,unclear_or_mixed,,,mixed_counseling_discourse,混合型咨询话语,assigned_nonbehavior_component,counseling_dialogue_mixed,"The sentences appear to be from a counseling or therapeutic dialogue, with a mix of client statements and therapist responses covering topics like health behaviors (drinking, smoking, diet), personal relationships, and self-reflection. The pattern is not highly stable due to varied topics and discourse functions.",The available sentences do not support a stable behavioral-function interpretation.,s001: but in looking through this chart I mean it seems like he's had six or seven of these just in the past year or so that's really a big problem || s006: it does sound like he's concerned about you and and concerned about your health and that he loves you,"The sentences could be from a health coaching session focusing on lifestyle changes. | They might be part of a motivational interviewing script with open-ended questions and reflections. | The set could be a mix of different conversations, not a single coherent dialogue.","The sentences vary in speaker role (therapist vs. client) and topic, making it hard to identify a single pattern. | Some sentences are incomplete or contain transcription errors (e.g., s023 'dying exercise'). | The presence of multiple distinct topics (alcohol, smoking, relationships, asthma) suggests a composite dataset.",No clear majority pattern emerges due to high topic and function diversity. | The sample IDs are consecutive but the dialogue flow is not obvious. | The analysis is based solely on text without context of speaker identity or turn order.,2,1.0,extracted_unchanged_from_validated_feature_card,current_ai_evidence_review
RE_28688,RE,False,28688,46,0.89,0.51087105,linguistic_structure,,,reflection_surface_template,反映式表层模板,assigned_nonbehavior_component,it sounds/looks like + interpretation,"The majority of sentences use the formulaic expression 'it sounds/looks like' (or 'it sounds as though') to introduce a therapist's reflective interpretation or summary of the client's situation, often followed by a clause describing the client's feelings, behaviors, or circumstances.","The sentences function as reflective listening statements or interpretive summaries in a therapeutic or counseling context, used to check understanding and encourage client elaboration.",s001: it so it sounds like you know you really you really have a reason that you really want to be here you care about your wife can you care about your job and you really like what you do is what I'm hearing right now you're good at it look || s005: what I'm hearing is it sounds like you might feel like maybe who's managing money to a degree the last yeah,"The sentences may represent a specific therapeutic technique (e.g., motivational interviewing) where the therapist uses reflective statements to build rapport. | The pattern could be a transcription artifact where the transcriber consistently rendered the therapist's speech with 'it sounds/looks like' as a discourse marker.","The dataset may be drawn from a single therapeutic context, limiting generalizability. | Some sentences (e.g., s010, s024) are outliers that do not fit the pattern, possibly due to different speakers or transcription errors.",The analysis is based solely on surface linguistic form; deeper pragmatic function may vary across sentences. | Outliers s010 and s024 are not covered by the primary interpretation.,4,0.96,extracted_unchanged_from_validated_feature_card,current_ai_evidence_review
RE_2089,RE,False,2089,47,0.86,0.50682616,behavioral_function,reflective_reformulation,反映式重构与总结,reflective_reformulation,反映式重构与总结,assigned_behavior_component,therapist reflection with 'it seems',"The majority of sentences use a reflective, tentative formulation beginning with 'it seems' or 'it sounds' to summarize or interpret the speaker's situation, often in a therapeutic or counseling context.","The sentences function as reflective listening or summarizing statements, commonly used in motivational interviewing or therapy to validate and clarify the client's experience.",s001: well it seems like you have a lot of awareness of your triggers for smoking || s002: so it seems that being healthy is pretty important to you and that having symptoms of diabetes or feeling sick worries you,"The sentences could be interpreted as a linguistic template where the speaker uses hedging expressions ('it seems', 'it sounds') to soften assertions, common in clinical or advisory discourse. | Alternatively, the pattern might reflect a specific annotation or transcription artifact where all sentences are extracted from a corpus of motivational interviewing sessions, leading to a uniform discourse style.","The sentences may come from a single domain (e.g., therapy transcripts), which could artificially inflate the pattern's consistency. | Some sentences (e.g., s024, s031) are questions or contain different structures, but they still fit the reflective function broadly.","The analysis does not account for the full context of each sentence, which might reveal additional functions. | The pattern is robust but may not generalize to other text types.",4,1.0,extracted_unchanged_from_validated_feature_card,current_ai_evidence_review
RE_26681,RE,False,26681,48,0.9,0.5051013,behavioral_function,,,,,behavior_unassigned,counseling_dialogue_you,"The sentences are from a counseling or motivational interview dialogue, consistently using second-person 'you' to address the client, discussing health behaviors (drinking, medication, diet, exercise) and psychological states (guilt, uncertainty, motivation).","The primary behavioral function is therapeutic guidance: the speaker uses reflective listening, open-ended questions, and advice to explore the client's ambivalence and promote behavior change.",s001: Of the advantages of you actually stopping or cutting down the drinking buddy thing might be the advantages || s005: so maybe thinking about those maybe we can apply those to you no more ways to motivate you to make those changes and get towards your solutions,"The sentences could be from a health coaching session focusing on lifestyle changes. | They might represent a peer support conversation about addiction recovery. | Alternatively, they could be excerpts from a structured clinical interview.","The sentences are decontextualized, lacking speaker labels and turn-taking cues. | Some sentences (e.g., s030 about teeth) seem less directly therapeutic but still fit the conversational frame. | The consistent use of 'you' could be an artifact of the transcription focusing on one speaker.","Without full dialogue context, the exact therapeutic modality is uncertain. | The sample may overrepresent certain topics (drinking, medication) due to selection bias.",4,1.0,extracted_unchanged_from_validated_feature_card,current_ai_evidence_review
RE_15396,RE,False,15396,49,0.9,0.5040166,linguistic_structure,,,it_evaluative_construction,it 引导的评价结构,assigned_nonbehavior_component,it-cleft and evaluative constructions,"The majority of sentences begin with 'it is/was' or a contraction, followed by an adjective, noun phrase, or clause that evaluates or describes a situation, often in a conversational or advisory context.",The available sentences do not support a stable behavioral-function interpretation.,s001: but it is a particular type of job you would like to do and the type of money you would like to make || s005: it is everything seems worse at night,"The sentences are from counseling or medical advice dialogues, often using 'it is' to frame recommendations or reflections. | The pattern reflects a discourse strategy of using dummy 'it' to introduce topics or evaluations in conversational speech.","The dataset may be drawn from a specific domain (e.g., therapy, medical advice) that naturally uses 'it is' constructions. | Transcription artifacts or sentence segmentation might create artificial patterns.","One sentence (s002) does not follow the pattern, but it may be a transcription error or outlier. | The pattern is structural and does not capture semantic or functional diversity.",4,0.98,extracted_unchanged_from_validated_feature_card,current_ai_evidence_review
RE_4625,RE,False,4625,50,0.87,0.50218064,behavioral_function,reflective_reformulation,反映式重构与总结,reflective_reformulation,反映式重构与总结,assigned_behavior_component,therapist_reflective_listening,"The sentences predominantly consist of therapist or counselor statements that use reflective listening, summarizing, or paraphrasing of a client's reported feelings, thoughts, or situations, often starting with 'so', 'okay so', 'it sounds like', or 'you seem'.","The primary behavioral function is reflective listening and validation, where the speaker mirrors or checks understanding of the client's emotional state or circumstances, common in therapeutic or counseling contexts.",s001: well it sounds like you are incredibly busy as a college student John sleeping || s003: okay so on one hand you feel like it would be a relief to be less stressed and overwhelmed about your schoolwork and then on the other hand you feel like you just don't have time to go to counseling because you have so much work to do,"The sentences could be from a motivational interviewing session, where the therapist uses reflective listening to elicit change talk. | Alternatively, they might represent a mix of therapist reflections and occasional client statements or administrative comments, but the majority are therapist reflections.","Some sentences may be from different speakers (therapist vs. client) or different contexts (counseling vs. medical), but the majority share the reflective listening pattern. | Transcription errors or incomplete sentences (e.g., s018, s031) may obscure the pattern.","The dataset does not provide speaker labels, so the interpretation assumes a therapist-client dyad. | Outliers may represent different phases of the interaction or different therapeutic approaches.",4,0.78,extracted_unchanged_from_validated_feature_card,current_ai_evidence_review
RE_4662,RE,False,4662,51,0.88,0.49934635,linguistic_structure,,,second_person_evaluation,第二人称评价与经历陈述,assigned_nonbehavior_component,you're statements with evaluation or advice,"The majority of sentences contain the contracted form 'you're' followed by a predicate that evaluates, advises, or describes the listener's state or action, often in a conversational or therapeutic context.","The sentences function as reflections, evaluations, or advice-giving in a counseling or coaching discourse, where the speaker comments on the listener's behavior or feelings.","s001: yeah Chris come on you're getting peer pressure || s010: Okay, well, um, you're going to have to cut the fast food down to no more than once a week","The sentences are from a therapeutic or counseling setting, focusing on the client's behaviors and feelings. | The sentences are characterized by the use of second-person pronouns and present tense, indicating direct address.","Some sentences lack 'you're' but still address the listener (e.g., s033, s035). | The dataset may be drawn from a specific domain (e.g., addiction counseling) that biases the pattern.","The pattern is primarily syntactic; behavioral function is inferred but not directly confirmed. | Some sentences (e.g., s016, s026) are less clearly evaluative or advisory.",4,1.0,extracted_unchanged_from_validated_feature_card,current_ai_evidence_review
RE_17315,RE,False,17315,52,0.77,0.4983686,linguistic_structure,,,so_discourse_launch,so 引导的话语启动结构,assigned_nonbehavior_component,and so + question/reflection,"Most sentences begin with 'and so' followed by a question or reflective statement, often in a therapeutic or counseling context.","The sentences function as therapeutic prompts or reflections, using 'and so' to connect to prior discourse and elicit client responses.","s003: And so, what can you tell me about that? || s009: and so those times when you decide to quit what are your reasons for quitting?","The sentences are from a corpus of motivational interviewing sessions, characterized by open-ended questions and reflective listening. | The pattern is a surface artifact of transcription conventions where 'and so' is used to mark turn-taking or continuation.","The dataset may be from a single therapeutic context, limiting generalizability. | Some sentences lack 'and so' (e.g., s034) or have 'so' without 'and', but still fit the overall pattern.",The analysis does not account for the full conversational context. | The pattern may be an artifact of the transcription style rather than a genuine linguistic feature.,4,0.98,extracted_unchanged_from_validated_feature_card,current_ai_evidence_review
RE_13966,RE,False,13966,53,0.73,0.48971137,linguistic_structure,,,second_person_evaluation,第二人称评价与经历陈述,assigned_nonbehavior_component,you're statements about health and emotions,"The sentences predominantly use the second-person pronoun 'you' followed by a form of 'be' (are/'re) to make statements about the addressee's emotional state, health behaviors, or personal circumstances, often in a counseling or advice context.","The sentences likely function as reflections, affirmations, or advice in a therapeutic or coaching dialogue, where the speaker mirrors or evaluates the listener's feelings or actions.",s003: You're putting yourself at risk for all these other diseases || s016: you're not feeling like a normal person should be feeling,"The sentences could be from a medical or counseling intake interview, focusing on patient health behaviors and emotional states. | The pattern might reflect a specific annotation template where all sentences begin with 'you' followed by a verb, possibly from a corpus of motivational interviewing transcripts.","Some sentences are fragments or contain transcription errors (e.g., s002, s028), which may obscure the pattern. | The set includes a few questions (s006, s032, s043) that deviate from the declarative pattern but still use 'you'.","The behavioral function is inferred from content but not explicitly labeled; the exact discourse context is unknown. | Some sentences (e.g., s010 'you're welcome') are formulaic and may not fit the health/emotion topic.",4,1.0,extracted_unchanged_from_validated_feature_card,current_ai_evidence_review
RE_20564,RE,False,20564,55,0.7,0.48235318,behavioral_function,directive_risk_guidance,直接建议与风险反馈,directive_risk_guidance,直接建议与风险反馈,assigned_behavior_component,therapeutic_dialogue_advice,"The sentences predominantly feature a therapist or counselor addressing a client, using second-person 'you' to discuss health behaviors, emotional states, and coping strategies, often with suggestions or reflections.","The primary behavioral function is therapeutic guidance: offering advice, exploring motivations, and reinforcing positive changes in a counseling context.",s001: and you could if you do choose a healthy option you can take it to work the next day and you'll have a lunch option for you here at the office || s004: I'm really depressed and then you call me disturbed made matters worse so I'm thinking that maybe I should go on medication I don't know what do you think,The sentences could be from a health coaching session focusing on lifestyle changes like diet and exercise. | They might represent a motivational interviewing session where the counselor explores ambivalence about substance use.,"The dataset may be drawn from multiple counseling contexts (e.g., addiction, mental health, general health) which could introduce variability. | Transcription artifacts like filler words and repetitions may obscure the pattern.","A few sentences (s007, s012, s017) do not clearly fit the therapeutic dialogue pattern, suggesting some noise. | The interpretation relies on pragmatic function, which can be subjective without full conversational context.",4,0.94,extracted_unchanged_from_validated_feature_card,current_ai_evidence_review
RES_20808,RES,True,20808,1,1.0,0.70120627,linguistic_structure,,,second_person_address,第二人称指向结构,assigned_nonbehavior_component,second-person address,"All sentences begin with or contain the second-person pronoun 'you', often followed by a verb phrase, forming direct address or statements about the addressee. This pattern is consistent across the majority of sentences, though some include discourse markers like 'you know' or contractions like 'you're'.","The sentences appear to function as conversational turns in a dialogue, likely from a counseling or medical interview context, where the speaker addresses the listener directly, making observations, asking questions, or giving advice.",s002: You've gotten pretty isolated. || s011: You're putting yourself at risk for all these other diseases,"The sentences may reflect a therapeutic or counseling discourse where the speaker reflects the client's feelings or behaviors. | The sentences could be from a health advice or motivational interviewing context, focusing on the addressee's habits or health.","The dataset may be sampled from a specific genre (e.g., therapy transcripts) where second-person address is common. | Some sentences are fragments or contain disfluencies (e.g., s026, s038) that may reflect spoken language artifacts.","The pattern is purely structural; behavioral function is inferred but not strongly evidenced. | Some sentences are incomplete or ambiguous (e.g., s016, s026), making interpretation less certain.",4,1.0,extracted_unchanged_from_validated_feature_card,current_ai_evidence_review
RES_28269,RES,True,28269,2,1.0,0.42628196,behavioral_function,reflection_clarification,反映与理解核对,reflection_clarification,反映与理解核对,assigned_behavior_component,therapist_paraphrase_so_okay,"The sentences predominantly consist of therapist paraphrases or reflections, often beginning with 'So' or 'Okay so', followed by a restatement of the client's prior utterance, frequently including second-person 'you' and hedges like 'kind of' or 'sort of'.","The primary behavioral function is therapeutic reflection or summarizing, where the therapist checks understanding or encourages elaboration by restating the client's statements.","s001: So, you're gonna quit then? || s004: So you are pretty confident about you wanting to change","The sentences could be interpreted as a collection of motivational interviewing reflections, where the therapist uses 'So' to summarize and affirm client statements. | Alternatively, they might represent a linguistic template for summarizing client speech in clinical settings, with 'okay so' as a discourse marker.","The dataset may be drawn from a single therapeutic context, limiting generalizability. | Transcription artifacts like repetitions ('I, I, I') and hesitations may obscure the pattern.","Two sentences (s022, s023) do not fit the primary pattern, indicating some heterogeneity. | The behavioral function is inferred from linguistic form; actual context is unknown.",4,0.96,extracted_unchanged_from_validated_feature_card,current_ai_evidence_review
RES_11435,RES,True,11435,3,1.0,0.42258167,unclear_or_mixed,,,mixed_healthcare_discourse,混合型医疗会谈,assigned_nonbehavior_component,healthcare_dialogue_mixed,"The sentences are from a healthcare or counseling dialogue, featuring a mix of questions, statements, and affirmations typical of a clinician-patient interaction. The pattern is not uniform; it includes greetings, inquiries about symptoms, treatment discussions, and motivational talk.",The available sentences do not support a stable behavioral-function interpretation.,s001: hey Monica how are you doing today || s014: tell me about how you're using the insulin,"The sentences could be from a customer service interaction, with greetings, requests, and confirmations. | They might be from a therapy session, focusing on patient experiences and emotional support. | The set could be a mix of different dialogue types, making a single pattern elusive.","The sentences are decontextualized, lacking speaker roles and turn order. | Some sentences are incomplete or contain transcription artifacts (e.g., 'it do did'). | The presence of names (Monica, John, Rachel, Mark) suggests multiple conversations.",No single pattern covers all sentences; the set is heterogeneous. | Behavioral function varies widely across sentences. | The sample size is large but the pattern is not uniform.,2,1.0,extracted_unchanged_from_validated_feature_card,current_ai_evidence_review
RES_29759,RES,True,29759,4,1.0,0.42122835,behavioral_function,reflection_clarification,反映与理解核对,reflection_clarification,反映与理解核对,assigned_behavior_component,therapeutic reflection and questioning,"The sentences predominantly function as reflective statements or questions used in a therapeutic or counseling context, often summarizing, challenging, or exploring the speaker's experiences, feelings, or behaviors.","The sentences serve to elicit self-reflection, confirm understanding, or gently challenge the interlocutor's perspective, typical of motivational interviewing or therapy.","s007: So that means you want to quit now right || s023: So, you're gonna quit then?","The sentences could be from a structured interview or questionnaire about health behaviors, with the speaker summarizing or clarifying responses. | The pattern might reflect a conversational style where the speaker frequently uses 'you' to engage the listener, but the function varies across sentences.","The sentences are extracted from a larger dialogue, so the context of preceding and following turns is missing, which could alter the perceived function. | Transcription artifacts like false starts and repetitions may obscure the intended function.","Some sentences (e.g., s006, s031) are more ambiguous and could be interpreted as simple statements rather than therapeutic reflections. | The analysis relies on pragmatic inference without access to prosody or non-verbal cues.",4,1.0,extracted_unchanged_from_validated_feature_card,current_ai_evidence_review
RES_1516,RES,True,1516,5,1.0,0.42048857,behavioral_function,directive_risk_guidance,建议与风险提示,directive_risk_guidance,建议与风险提示,assigned_behavior_component,second-person advice and counseling,"The sentences predominantly use second-person 'you' to give advice, offer suggestions, or reflect on the listener's situation, often in a counseling or coaching context. The pattern includes discourse markers like 'okay', 'yeah', 'um', and 'well', and covers topics such as health, behavior change, and personal goals.","The primary behavioral function is giving advice, making suggestions, or providing reflective feedback in a supportive or directive manner, typical of counseling or coaching interactions.","s003: Okay, well, um, you're going to have to cut the fast food down to no more than once a week || s010: um you said that you know you weren't raised like that you're do parents do you think your parents would like if they knew you drank this much?","The sentences could be interpreted as a collection of conversational fragments from various contexts, with no single stable pattern beyond the use of 'you'. | The pattern might reflect a specific genre of transcribed therapy or coaching sessions, but the diversity of topics and tones suggests multiple sub-patterns.","The sentences are likely extracted from different parts of longer conversations, so the pattern may be an artifact of the extraction process focusing on utterances containing 'you'. | The presence of discourse fillers like 'um', 'yeah', 'okay' may be a transcription artifact rather than a genuine feature of the interaction.","The analysis is based solely on the provided sentences without full conversational context. | Some sentences (e.g., s041) have a different tone (aggressive) that may not fit the counseling interpretation perfectly.",4,1.0,extracted_unchanged_from_validated_feature_card,current_ai_evidence_review
RES_13966,RES,True,13966,6,0.99,0.41205236,linguistic_structure,,,second_person_address,第二人称指向结构,assigned_nonbehavior_component,you're statements about health and emotions,"The sentences predominantly use the second-person pronoun 'you' followed by a form of 'be' (are/'re) to make statements about the addressee's emotional state, health behaviors, or personal circumstances, often in a counseling or advice context.","The sentences likely function as reflections, affirmations, or advice in a therapeutic or coaching dialogue, where the speaker mirrors or evaluates the listener's feelings or actions.",s003: You're putting yourself at risk for all these other diseases || s016: you're not feeling like a normal person should be feeling,"The sentences could be from a medical or counseling intake interview, focusing on patient health behaviors and emotional states. | The pattern might reflect a specific annotation template where all sentences begin with 'you' followed by a verb, possibly from a corpus of motivational interviewing transcripts.","Some sentences are fragments or contain transcription errors (e.g., s002, s028), which may obscure the pattern. | The set includes a few questions (s006, s032, s043) that deviate from the declarative pattern but still use 'you'.","The behavioral function is inferred from content but not explicitly labeled; the exact discourse context is unknown. | Some sentences (e.g., s010 'you're welcome') are formulaic and may not fit the health/emotion topic.",4,1.0,extracted_unchanged_from_validated_feature_card,current_ai_evidence_review
RES_23077,RES,True,23077,7,0.94,0.3696118,unclear_or_mixed,,,mixed_healthcare_discourse,混合型医疗会谈,assigned_nonbehavior_component,healthcare_discourse_mixed,"The sentences appear to be fragments from healthcare or counseling conversations, covering topics like symptoms, medications, lifestyle, and risk assessment, but they lack a single stable linguistic or functional pattern.",The available sentences do not support a stable behavioral-function interpretation.,s027: five times a week yeah okay you know I wanted to show you on this chart here that using marijuana thought times a week the way you are and from what you said on our questionnaire put you in this category of being at risk || s017: and caffeine scanners constrict your blood vessels in your brain and also can relieve pain from from the migraine,"The sentences are from a medical advice or therapy session transcript, with a mix of questions, advice, and patient responses. | The sentences are fragments from a health risk assessment questionnaire or interview guide. | The sentences are from a corpus of spoken medical consultations, showing varied discourse functions.","The sentences are short and decontextualized, making it hard to infer a single pattern. | The set includes both patient and clinician utterances, mixing perspectives. | Some sentences are incomplete or contain transcription artifacts (e.g., 'years.').",No single pattern covers all sentences; the set is heterogeneous. | The sample size is large but lacks clear clustering. | Behavioral function is not consistently identifiable across sentences.,2,1.0,extracted_unchanged_from_validated_feature_card,current_ai_evidence_review
RES_19435,RES,True,19435,8,0.91,0.36710334,linguistic_structure,,,second_person_address,第二人称指向结构,assigned_nonbehavior_component,so_you_statements,"The sentences predominantly begin with 'so you' followed by a verb phrase, forming a pattern of reflective or summarizing statements that appear to be therapist or counselor utterances in a clinical or motivational interviewing context.","The sentences likely function as reflective listening or summarizing statements used in therapeutic settings to validate, clarify, or prompt further discussion from the client.",s004: soyou're concerned about having a stroke || s012: so you're testing a lot,"The sentences could be part of a structured interview or questionnaire where the interviewer paraphrases the respondent's answers. | The pattern might reflect a specific therapeutic technique (e.g., motivational interviewing) where the therapist uses 'so you' to reflect the client's statements.","The sentences are extracted from a larger dialogue, so the pattern may be an artifact of the transcription or annotation process focusing on therapist turns. | Some sentences (e.g., s002) are longer and more complex, but still follow the 'so you' pattern.",The analysis is based solely on the provided sentences without context of the full conversation. | The pattern is primarily structural; the behavioral function is inferred but not directly confirmed.,4,1.0,extracted_unchanged_from_validated_feature_card,current_ai_evidence_review
RES_8468,RES,True,8468,9,0.9,0.35853672,behavioral_function,reflection_clarification,反映与理解核对,reflection_clarification,反映与理解核对,assigned_behavior_component,therapeutic_discourse_you,"The sentences predominantly feature second-person 'you' in a reflective or confrontational discourse, typical of therapeutic or counseling settings where a therapist summarizes, challenges, or explores a client's statements and behaviors.","The primary behavioral function is to reflect, challenge, or clarify the client's reported experiences, often using summarizing statements, questions, or confrontational remarks to promote insight or accountability.",s002: and so because you were worried about them thinking that you were trying to avoid them you ended up using marijuana is that correct || s005: you also mentioned that smoking is a way to manage your weight and concern that if you are we're going to quit smoking what that would do in terms of gaining weight and that smoking after meals is pleasurable that it's something that would be really hard to give up,"The sentences could be from a motivational interviewing session, focusing on eliciting change talk and exploring ambivalence. | Alternatively, they might represent a mix of counseling and medical advice, with some outliers being factual statements or general health information.","The dataset may be drawn from multiple sources (e.g., therapy transcripts, medical consultations) leading to topical variation. | Some sentences (e.g., s021, s033, s046) are more informational or educational, lacking the reflective/challenging tone.","The interpretation relies on pragmatic function, which can be subjective without context. | Outliers may indicate a different discourse mode (e.g., patient education) within the same setting.",4,0.94,extracted_unchanged_from_validated_feature_card,current_ai_evidence_review
RES_32696,RES,True,32696,10,0.95,0.34582168,unclear_or_mixed,,,mixed_healthcare_discourse,混合型医疗会谈,assigned_nonbehavior_component,healthcare_discourse_mixed,"The sentences are a mix of questions, statements, and fragments typical of healthcare or counseling dialogues, covering topics like diabetes, medication, exercise, and personal concerns, but no single pattern covers a majority.",The available sentences do not support a stable behavioral-function interpretation.,s001: Having diabetes affects you more than you realize and some people feel fine when they have a big ulcer on their foot. || s007: We know from clinical trial that it helps to slow progression.,"The sentences may represent a collection of patient-provider interactions with a focus on chronic disease management. | They could be excerpts from motivational interviewing sessions, with reflections and open-ended questions. | The set might be a mix of clinical notes and patient quotes, lacking a unified pattern.","The sentences are decontextualized, making it hard to infer function. | Variation in sentence length and type (questions, statements, fragments) suggests multiple sources. | Some sentences appear to be from different speakers or roles (patient vs. provider).",No single pattern covers a majority of sentences. | Behavioral function is ambiguous without conversational context. | The set may be artificially combined from different dialogues.,2,1.0,extracted_unchanged_from_validated_feature_card,current_ai_evidence_review
RES_32727,RES,True,32727,11,0.88,0.32738158,behavioral_function,directive_risk_guidance,建议与风险提示,directive_risk_guidance,建议与风险提示,assigned_behavior_component,second-person health advice,"The sentences predominantly use second-person 'you' to address the listener directly, often in contexts of health, habits, or personal advice, with frequent use of epistemic markers like 'I'm sure', 'I know', 'you know', and 'probably'.","The sentences appear to function as conversational turns in a counseling or medical advice setting, where the speaker assesses the listener's situation, offers reassurance, or gives recommendations.","s003: you're likely to face costly legal citations for grades health problems getting kicked out of school and disappointing your parents || s009: Yeah, so right now you're feeling a little overwhelmed with everything that's going on and you're not even sure where to start.","The sentences could be from a corpus of motivational interviewing or health coaching sessions, where the therapist uses reflective listening and open-ended prompts. | Alternatively, they might be examples of 'you' as a generic pronoun in instructional or persuasive texts, though the personal context suggests direct address.","The sentences are extracted from longer dialogues, so the pattern may reflect the specific conversational role of the speaker (e.g., counselor) rather than a general linguistic feature. | The presence of many health-related terms (dentist, diabetes, smoking, alcohol) may bias the topic interpretation.","The analysis is based on isolated sentences without full conversational context, which may obscure the exact behavioral function. | Sample s027 is too short to determine its function, but it still uses 'your'.",4,0.98,extracted_unchanged_from_validated_feature_card,current_ai_evidence_review
RES_16320,RES,True,16320,12,0.85,0.3271168,behavioral_function,,,,,behavior_unassigned,second-person address in counseling,"The sentences predominantly use second-person pronouns (you/your/you're) in a therapeutic or counseling context, often reflecting, summarizing, or probing the client's experiences, feelings, or behaviors.","The sentences likely function as therapeutic reflections, affirmations, or exploratory questions used by a counselor to engage a client, validate their experiences, and encourage self-reflection.",s002: so and you may not be able to answer this question but if you didn't have any anxiety would that change your motivation to use marijuana || s008: so you're you're taking care of a lot of people your community your kids all the while trying to take care of yourself that's a lot,"The sentences could be from a motivational interviewing session, focusing on client ambivalence and change talk. | The pattern may reflect a general conversational style with frequent use of 'you know' as a filler, not specific to counseling.","Some sentences are incomplete or contain transcription errors, obscuring the intended function. | The presence of 'you know' as a discourse marker may inflate the appearance of second-person address.","Outliers include fragments, navigational instructions, and greetings that do not fit the counseling context. | The behavioral function is inferred from content and context, but no explicit metadata confirms the setting.",4,0.82,extracted_unchanged_from_validated_feature_card,current_ai_evidence_review
RES_29701,RES,True,29701,14,0.72,0.31740245,unclear_or_mixed,,,,,nonbehavior_isolated_or_unresolved,you_know_what_questions,"Many sentences contain the discourse marker 'you know what' followed by a statement or question, often in a conversational or counseling context. This pattern appears in about 14 sentences, but the set is heterogeneous with many other question forms and statements.",The available sentences do not support a stable behavioral-function interpretation.,s001: okay you know what kinds of physical activity do you enjoy doing if you were to do physical activity what do you like doing || s002: you know what's scary,"Many sentences are questions (e.g., 'do you have any questions', 'Are you having problems...'), but this pattern is not dominant across the set. | Several sentences contain 'got it' or 'okay' as acknowledgments, but these are few. | The set may reflect a mix of counseling dialogue with varied discourse functions.","The set includes multiple speakers and contexts, leading to high variability. | Transcription artifacts like incomplete sentences or punctuation differences may obscure patterns.","Only 14 out of 50 sentences share the 'you know what' pattern, insufficient for a majority. | The remaining sentences show diverse structures and functions.",2,0.28,extracted_unchanged_from_validated_feature_card,current_ai_evidence_review
RES_26319,RES,True,26319,15,0.73,0.31136128,linguistic_structure,,,,,nonbehavior_isolated_or_unresolved,so_that_purpose_clauses,"A majority of sentences contain the discourse marker 'so' followed by a clause expressing purpose, result, or explanation, often in therapeutic or advisory contexts. The pattern includes 'so that' purpose clauses (e.g., s001, s002, s003) and 'so' as a discourse marker introducing a consequence or summary (e.g., s023, s030, s040).","The sentences appear to function as therapeutic or counseling discourse, where the speaker uses 'so' to link actions to goals, provide feedback, or summarize understanding. This pattern supports collaborative problem-solving and motivational interviewing.",s001: and I wanted to get your reaction to this news so that I can better help you || s023: so that sounds doable,"The sentences may reflect a therapeutic register with frequent use of 'so' as a conversational filler or transition marker. | The pattern could be an artifact of transcription, where 'so' is used to indicate speaker continuation or turn-taking.","The dataset may be drawn from a single domain (e.g., counseling transcripts), inflating the frequency of 'so'. | Some sentences lack 'so' (e.g., s009, s010, s011, s012, s045, s046, s047, s048) but still fit the broader therapeutic context.","The pattern is primarily structural and does not capture the full range of behavioral functions. | Sentences without 'so' (e.g., s009, s010) are still included as supporting because they share the therapeutic context, but they weaken the linguistic pattern.",4,1.0,extracted_unchanged_from_validated_feature_card,current_ai_evidence_review
RES_27859,RES,True,27859,16,0.77,0.30628702,behavioral_function,directive_risk_guidance,建议与风险提示,directive_risk_guidance,建议与风险提示,assigned_behavior_component,second-person advice and health discourse,"The sentences predominantly use second-person 'you' to give advice, warnings, or reflections on health-related topics such as diet, exercise, smoking, and medical conditions, often with a conversational tone and discourse markers like 'you know'.","The primary behavioral function is giving advice or recommendations, often in a health or lifestyle context, using a direct address to the listener.","s001: well those are some great alternatives instead of going to gym you save a lot of time || s016: Okay well smoking really is really bad for you, you know it causes things like lung cancer, emphysema, heart disease.","The sentences may be from a corpus of conversational English, possibly from health coaching or therapy sessions, explaining the frequent use of 'you' and advice-giving. | The pattern could be a linguistic structure of second-person address combined with discourse markers like 'you know' and 'so', rather than a specific behavioral function.","The dataset may include multiple speakers or contexts, leading to some sentences that are not advice-oriented. | Transcription errors or incomplete sentences may obscure the intended function.","Some sentences lack clear health or advice content, reducing coverage. | The behavioral function is inferred from pragmatic cues, which may be ambiguous.",3,0.78,extracted_unchanged_from_validated_feature_card,current_ai_evidence_review
REC_31133,REC,True,31133,1,1.0,0.96537316,behavioral_function,reflective_reformulation,反映式重构与总结,reflective_reformulation,反映式重构与总结,assigned_behavior_component,sounds_like_reflection,"The majority of sentences use the construction 'it sounds like' or 'that sounds like' to reflect or paraphrase the speaker's understanding of the interlocutor's situation, often in a therapeutic or counseling context.","The sentences function as reflective listening statements, where the speaker mirrors or summarizes what the other person has said to show understanding and encourage further discussion.",s003: It does sound like something pretty significant happened that sort of  Freaked everybody out. || s008: and it sounds like you're your wife and your kids are very important to you and that is that for the reason why you're here,"The pattern may be a surface artifact of transcription conventions in therapy sessions, where 'sounds like' is a common discourse marker. | The sentences could be interpreted as evaluative statements where the speaker judges the interlocutor's situation, but the reflective function is more prominent.","The dataset may be drawn from a specific domain (e.g., counseling) where reflective listening is prevalent, limiting generalizability. | Some sentences use 'seems like' instead of 'sounds like', which may indicate a different but related pattern.",The analysis is based solely on text without prosodic or contextual cues that could clarify function. | Outlier sentences may represent different sub-patterns or noise in the data.,4,0.86,extracted_unchanged_from_validated_feature_card,current_ai_evidence_review
REC_20436,REC,True,20436,2,1.0,0.95610064,behavioral_function,ambivalence_reflection,矛盾与双面反映,ambivalence_reflection,矛盾与双面反映,assigned_behavior_component,ambivalence_reflection,"The sentences predominantly reflect a therapist or counselor summarizing a client's ambivalence, using contrastive discourse markers like 'on one hand... on the other hand' or 'but' to highlight conflicting feelings or thoughts.","The primary behavioral function is reflective listening and validation, where the speaker mirrors the client's internal conflict to foster insight and exploration.",s001: okay so on one hand you feel like it would be a relief to be less stressed and overwhelmed about your schoolwork and then on the other hand you feel like you just don't have time to go to counseling because you have so much work to do || s004: okay I hear you so on one hand you feel confident that you're able to manage this home course load and the stress level and on the other hand you're unsure because you don't have the same social support it's like you did back home,"The sentences could be seen as a collection of motivational interviewing reflections, focusing on change talk and sustain talk. | Alternatively, they might represent a therapeutic technique of summarizing client statements to build rapport and clarify issues.","The sentences are drawn from a therapeutic context, which may introduce a consistent reflective style that is not a stable pattern of the text feature itself. | Some sentences (e.g., s008, s009, s016, s017, s018, s029, s031, s035, s036, s046, s047, s048, s049) are less clearly ambivalent but still fit the reflective summary pattern.","The analysis is based on a single set of sentences without metadata about the original task or speaker roles. | The pattern may be an artifact of the data collection process (e.g., therapist utterances in a corpus).",4,1.0,extracted_unchanged_from_validated_feature_card,current_ai_evidence_review
REC_26800,REC,True,26800,3,1.0,0.946745,behavioral_function,reflective_reformulation,反映式重构与总结,reflective_reformulation,反映式重构与总结,assigned_behavior_component,therapist_reflection_pattern,"The majority of sentences follow a pattern where the speaker (likely a therapist or counselor) reflects back or interprets the client's statements using phrases like 'sounds like', 'it seems like', 'clearly', or 'obviously', followed by a summary of the client's situation or feelings. This pattern serves to validate the client's experience and encourage further discussion.","The primary behavioral function is reflective listening or empathic reflection, a common therapeutic technique used to show understanding and to help the client articulate their thoughts and feelings.",s002: you obviously know yourself pretty well || s011: Wow okay so it sounds like you're feeling pretty confident after our discussion,"The pattern could be a linguistic template used in motivational interviewing, where the therapist uses reflective statements to build rapport and elicit change talk. | Alternatively, the pattern might be a surface artifact of a specific therapy session transcript where the therapist consistently uses 'sounds like' as a discourse marker.","The sentences may come from multiple therapy sessions with different clients, but the reflective pattern remains consistent. | Some sentences (e.g., s025) are client utterances, which could indicate that the dataset includes both therapist and client speech, but the pattern is predominantly therapist reflections.",The analysis is based solely on the provided sentences without context of the full conversation. | The pattern may not generalize to other therapy contexts or datasets.,4,0.98,extracted_unchanged_from_validated_feature_card,current_ai_evidence_review
REC_30224,REC,True,30224,4,1.0,0.9464679,behavioral_function,reflective_reformulation,反映式重构与总结,reflective_reformulation,反映式重构与总结,assigned_behavior_component,therapeutic reflection and questioning,"The sentences predominantly consist of therapist-like reflections, paraphrases, and open-ended questions that restate or explore the client's statements, often using discourse markers like 'so', 'okay', 'it sounds like', and 'what I'm hearing is'.","The primary behavioral function is therapeutic reflection and probing, where the speaker mirrors the client's words to encourage elaboration or insight.",s005: it sounds like you really feel like you let yourself and your children down and that's hard to accept given how much you love your kids || s020: so it sounds like you're saying that alcohol brings pot of both positive and negative aspects to your life,"The sentences could be part of a motivational interviewing script, focusing on eliciting change talk. | They might represent a collection of counseling session transcripts with a mix of therapist and client turns, but the majority are therapist turns.","Some sentences (e.g., s008, s015, s030, s043) may be client utterances or contain transcription errors, breaking the pattern. | The pattern may be an artifact of the data source (e.g., therapy transcripts) rather than a designed feature.","The interpretation is based on surface-level discourse markers and may not capture deeper therapeutic techniques. | Outliers suggest the set may include both therapist and client speech, but the majority are therapist-like.",4,0.92,extracted_unchanged_from_validated_feature_card,current_ai_evidence_review
REC_19435,REC,True,19435,5,1.0,0.93838876,linguistic_structure,,,so_discourse_launch,so 引导的话语启动结构,assigned_nonbehavior_component,so_you_statements,"The sentences predominantly begin with 'so you' followed by a verb phrase, forming a pattern of reflective or summarizing statements that appear to be therapist or counselor utterances in a clinical or motivational interviewing context.","The sentences likely function as reflective listening or summarizing statements used in therapeutic settings to validate, clarify, or prompt further discussion from the client.",s004: soyou're concerned about having a stroke || s012: so you're testing a lot,"The sentences could be part of a structured interview or questionnaire where the interviewer paraphrases the respondent's answers. | The pattern might reflect a specific therapeutic technique (e.g., motivational interviewing) where the therapist uses 'so you' to reflect the client's statements.","The sentences are extracted from a larger dialogue, so the pattern may be an artifact of the transcription or annotation process focusing on therapist turns. | Some sentences (e.g., s002) are longer and more complex, but still follow the 'so you' pattern.",The analysis is based solely on the provided sentences without context of the full conversation. | The pattern is primarily structural; the behavioral function is inferred but not directly confirmed.,4,1.0,extracted_unchanged_from_validated_feature_card,current_ai_evidence_review
REC_29759,REC,True,29759,6,1.0,0.93792856,behavioral_function,,,,,behavior_unassigned,therapeutic reflection and questioning,"The sentences predominantly function as reflective statements or questions used in a therapeutic or counseling context, often summarizing, challenging, or exploring the speaker's experiences, feelings, or behaviors.","The sentences serve to elicit self-reflection, confirm understanding, or gently challenge the interlocutor's perspective, typical of motivational interviewing or therapy.","s007: So that means you want to quit now right || s023: So, you're gonna quit then?","The sentences could be from a structured interview or questionnaire about health behaviors, with the speaker summarizing or clarifying responses. | The pattern might reflect a conversational style where the speaker frequently uses 'you' to engage the listener, but the function varies across sentences.","The sentences are extracted from a larger dialogue, so the context of preceding and following turns is missing, which could alter the perceived function. | Transcription artifacts like false starts and repetitions may obscure the intended function.","Some sentences (e.g., s006, s031) are more ambiguous and could be interpreted as simple statements rather than therapeutic reflections. | The analysis relies on pragmatic inference without access to prosody or non-verbal cues.",4,1.0,extracted_unchanged_from_validated_feature_card,current_ai_evidence_review
REC_3993,REC,True,3993,7,1.0,0.9377721,behavioral_function,reflective_reformulation,反映式重构与总结,reflective_reformulation,反映式重构与总结,assigned_behavior_component,therapist reflective listening,"The sentences predominantly function as therapist or counselor reflections, using phrases like 'it sounds like', 'so it seems like', and 'I hear you saying' to summarize or interpret the client's statements, often followed by a paraphrase of the client's experience or situation.","The primary behavioral function is reflective listening, a therapeutic technique where the therapist mirrors the client's statements to show understanding and encourage elaboration.",s001: and so it's already it's pretty obvious and it also sounds like that pain is really taken up a pretty big role in your in your life and it feels like a pretty big barrier right there || s005: sounds like you've been in a lot of pain and it's made it pretty difficult to do some of the things you normally do,"The sentences could be interpreted as a mix of therapeutic reflections and clinical information-gathering, where some utterances provide feedback or education rather than reflection. | Alternatively, the pattern might be a linguistic template used in motivational interviewing, where reflections are combined with affirmations and summaries.","The dataset may include multiple speakers (therapist vs. client) or different therapeutic styles, leading to variation in utterance types. | Transcription artifacts such as incomplete sentences or overlapping speech could obscure the intended function.","The primary interpretation does not cover all sentences; outliers include factual statements, affirmations, and questions that serve different functions. | The behavioral function is inferred from linguistic markers but may not reflect actual therapeutic intent without context.",4,0.68,extracted_unchanged_from_validated_feature_card,current_ai_evidence_review
REC_15068,REC,True,15068,8,1.0,0.9079166,linguistic_structure,,,reflection_surface_template,反映式表层模板,assigned_nonbehavior_component,it-cleft and evaluative stance,"The majority of sentences use an 'it is/feels/sounds/looks like' structure to express an evaluation, opinion, or reflection about a situation, often in a therapeutic or advisory context. The pattern involves a dummy subject 'it' followed by a copula or perception verb and an evaluative complement.","The sentences function as reflective statements, often summarizing, validating, or reframing the interlocutor's experience, typical of counseling or motivational interviewing.",s003: yeah and it got the feeling that it's something that you want to think about that this is a really big decision and it's not one that you're gonna make in a hurry || s016: so it sounds like it's a way to relax it's a way to socialize with your friends from work and it's hard to imagine what it would be like for you at work if you couldn't go outside and smoke,"The sentences may be part of a motivational interviewing script, with frequent use of reflective listening and affirmation. | The pattern could be a transcription artifact where speakers use 'it' as a filler or discourse marker without specific referent.","The sentences come from a single conversation or domain (e.g., health behavior change), which may inflate the apparent pattern. | The 'it' structure may be overrepresented due to the topic (e.g., discussing smoking, drinking, dental care).","Some sentences (e.g., s020, s035) have less clear 'it' structures but still fit the evaluative stance. | The behavioral function is inferred from context but not explicitly confirmed.",4,1.0,extracted_unchanged_from_validated_feature_card,current_ai_evidence_review
REC_16292,REC,True,16292,9,1.0,0.90198624,behavioral_function,reflective_reformulation,反映式重构与总结,reflective_reformulation,反映式重构与总结,assigned_behavior_component,therapist_reflection_pattern,"The majority of sentences use the discourse marker 'so it sounds like' or 'it sounds like' to reflect or paraphrase the speaker's (client's) statements, functioning as a therapeutic reflection or summarizing technique.","The sentences serve as reflective listening or paraphrasing, a common therapeutic technique to show understanding and encourage elaboration.",s011: so Jane it sounds like you're angry with your supervisor || s018: so it sounds like you really want to go to Black Friday with your friends you're feeling a little anxious about it,"The sentences may be part of a medical or counseling intake interview, where the speaker summarizes or checks understanding of patient information. | The pattern could be a linguistic template used by a specific speaker or in a specific context, such as a therapy session transcript.","Some sentences use 'it looks like' instead of 'it sounds like', which may indicate a different function (e.g., factual verification vs. reflective listening). | A few sentences are incoherent or contain transcription errors, making pattern identification difficult.","The outlier sentences (e.g., s001, s002, s016) do not fit the reflective pattern and may represent different discourse functions. | The dataset may be drawn from multiple contexts or speakers, reducing pattern stability.",4,0.84,extracted_unchanged_from_validated_feature_card,current_ai_evidence_review
REC_10181,REC,True,10181,10,1.0,0.9012066,behavioral_function,ambivalence_reflection,矛盾与双面反映,ambivalence_reflection,矛盾与双面反映,assigned_behavior_component,therapeutic reflection on ambivalence,"The sentences predominantly reflect a therapeutic or counseling discourse where the speaker (likely a clinician) reflects back the client's mixed feelings, concerns, or progress regarding health behaviors (e.g., substance use, diet, exercise) and social relationships, often using tentative language like 'kind of', 'a little', 'sounds like', and 'I hear you'.","The primary behavioral function is reflective listening and motivational interviewing, where the clinician summarizes, validates, and gently challenges the client's ambivalence to promote behavior change.",s001: so some of the negative things would be it's a impact on your health right the the smell clothes and so forth and then there's a lot of kind of social pushback || s011: okay I hear you so on one hand you feel confident that you're able to manage this home course load and the stress level and on the other hand you're unsure because you don't have the same social support it's like you did back home,"The sentences could be from a health coaching session focusing on behavior change, with the clinician using open-ended questions and affirmations. | Alternatively, they might represent a mix of client and clinician turns in a counseling session, where the pattern is the conversational structure of motivational interviewing.","The dataset may include both clinician and client utterances, making it hard to isolate a single speaker's pattern. | Some sentences are incomplete or fragmented due to transcription artifacts, obscuring the intended function.","A few sentences (e.g., s013, s017, s024, s039) do not clearly fit the therapeutic reflection pattern, possibly due to transcription errors or different contexts. | The pattern is inferred from content and discourse markers, but without speaker labels, the behavioral function remains somewhat speculative.",4,0.92,extracted_unchanged_from_validated_feature_card,current_ai_evidence_review
REC_12852,REC,True,12852,11,1.0,0.8680628,behavioral_function,ambivalence_reflection,矛盾与双面反映,ambivalence_reflection,矛盾与双面反映,assigned_behavior_component,therapeutic reflection and advice,"The sentences predominantly feature a therapist or counselor reflecting the client's statements, summarizing ambivalence, or offering advice, often using 'so', 'okay', 'you feel', and 'it sounds like'.","The primary behavioral function is reflective listening and motivational interviewing, where the speaker mirrors the client's experiences and gently guides toward change.",s002: okay so on one hand you feel like it would be a relief to be less stressed and overwhelmed about your schoolwork and then on the other hand you feel like you just don't have time to go to counseling because you have so much work to do || s010: so what I know of you is that when you're faced with a tough challenge like a divorce you rise to the occasion and you manage to get through it and you come out on top,"The sentences could be part of a structured interview or assessment where the interviewer summarizes client responses. | The pattern may reflect a specific therapeutic modality like cognitive-behavioral therapy, focusing on identifying thoughts and behaviors.","Some sentences are direct advice or rules (e.g., s007, s050), which differ from reflective statements. | A few sentences are incomplete or fragmented (e.g., s026, s042), possibly due to transcription errors.","Outlier sentences include direct advice, questions about past, and incomplete thoughts, which do not fit the reflective pattern. | The dataset may mix different speakers or contexts, reducing pattern consistency.",4,0.66,extracted_unchanged_from_validated_feature_card,current_ai_evidence_review
REC_19005,REC,True,19005,12,1.0,0.8563329,behavioral_function,,,,,behavior_unassigned,therapeutic_discourse_markers,"The sentences predominantly feature discourse markers typical of therapeutic or counseling conversations, such as 'so', 'okay', 'yeah', 'um', and 'you know', along with reflective or probing questions about personal experiences, feelings, and behaviors.","The sentences function as therapeutic dialogue, including reflections, questions, and affirmations aimed at exploring client experiences, emotions, and behaviors.",s001: okay so where between hearing the person talking about Tim and going to the gym where did you decide to cut because you said you were also feeling like punching somebody so there must have been a point where you decided I'm going to cut || s009: well given that you've sort of noticed all these changes where it's affecting your friendships it's affecting your studying it's affecting your relationship with your mom,"The sentences could be from a motivational interviewing session, focusing on ambivalence and change talk. | They might represent a peer support group conversation, with shared experiences and advice.","The dataset may include multiple speakers (therapist and client), but the pattern of discourse markers remains consistent. | Some sentences are incomplete or contain transcription errors, but the overall therapeutic tone persists.","The analysis is based solely on text, lacking prosodic and contextual cues that could refine the interpretation. | The sample IDs are sequential, but the order may not reflect actual conversation flow.",4,1.0,extracted_unchanged_from_validated_feature_card,current_ai_evidence_review
REC_29874,REC,True,29874,13,0.98,0.84796,behavioral_function,reflective_reformulation,反映式重构与总结,reflective_reformulation,反映式重构与总结,assigned_behavior_component,seems_like_reflection,"The majority of sentences use the construction 'it seems like' or 'it sounds like' to reflect or summarize the speaker's perception of the listener's situation, often in a therapeutic or counseling context.","The sentences function as reflective listening statements, where the speaker mirrors or checks their understanding of the listener's experience, common in motivational interviewing or therapy.",s004: it seems like it's helped you to identify what's going on a little bit || s008: and it seems like you're really committed to getting your blood Sugar's under control,"The sentences may be part of a structured interview or assessment where the clinician uses 'seems like' to probe the client's perspective. | The pattern could reflect a linguistic template for expressing tentative observations, common in professional helping contexts.","The dataset may be drawn from a single therapeutic session, leading to repetition of the same discourse strategy. | Transcription artifacts (e.g., false starts, repetitions) may obscure the underlying pattern.","A few sentences (s014, s016) do not fit the primary pattern, suggesting some variability. | The behavioral function is inferred from context but not explicitly confirmed.",4,0.96,extracted_unchanged_from_validated_feature_card,current_ai_evidence_review
REC_21800,REC,True,21800,14,0.99,0.84778386,linguistic_structure,,,reflection_surface_template,反映式表层模板,assigned_nonbehavior_component,it_sounds_like_reflection,"The majority of sentences begin with 'it sounds like' or a variant, followed by a reflective summary or interpretation of the speaker's situation, often in a therapeutic or coaching context.","The sentences function as reflective listening or summarizing statements, commonly used in counseling or motivational interviewing to show understanding and validate the speaker's experience.",s004: okay so it sounds like you're willing to make a change and you're getting kind of excited about possibly having more energy || s008: okay so it sounds like you're drinking about four times a week anywhere between three and eight drinks on a given day so maybe around  drinks a week,"The sentences are all from a single conversation or transcript, possibly a therapy session, where the speaker uses a consistent discourse marker. | The pattern may reflect a specific annotation or transcription style where 'it sounds like' is a common phrase used to introduce paraphrases.","The dataset may be from a single domain (e.g., counseling) where this phrasing is typical, limiting generalizability. | Some sentences are incomplete or truncated, which may affect pattern detection.","A few sentences (e.g., s033, s035, s050) use 'seems like' instead of 'sounds like', indicating slight variation. | The behavioral function is inferred from context but not explicitly confirmed.",4,0.94,extracted_unchanged_from_validated_feature_card,current_ai_evidence_review
REC_3805,REC,True,3805,15,1.0,0.8467931,unclear_or_mixed,,,mixed_counseling_discourse,混合型咨询话语,assigned_nonbehavior_component,therapeutic_discourse_mixed,"The sentences predominantly feature a mix of self-disclosure, reflection, and therapist-like paraphrasing or questioning, often using second-person 'you' to address the speaker or client, with frequent discourse markers like 'so', 'okay', 'it sounds like', and 'you know'. The pattern is a blend of personal narrative and therapeutic reframing, but no single function or structure dominates across all sentences.",The available sentences do not support a stable behavioral-function interpretation.,s001: and I obviously haven't been this way like when I took this job I guess that's when my health started spiraling downwards and I don't know I guess that's when I kind of noticed things were kind of off as far as my health goes so || s017: so it sounds like you're feeling this contradiction of pleasing your dad and meeting his expectations but you also want to enjoy yourself and be young,"The sentences may represent a corpus of psychotherapy sessions, with alternating client self-disclosure and therapist reflections. | The pattern could be a mix of personal narratives and advice-giving, with no single discourse function dominating.","The sentences are likely extracted from different parts of conversations, mixing client and therapist turns. | Transcription artifacts like 'you know', 'like', and hesitations may obscure functional patterns.","The set is heterogeneous, with no single pattern covering all sentences. | Lack of context (e.g., speaker identity) limits functional interpretation.",3,1.0,extracted_unchanged_from_validated_feature_card,current_ai_evidence_review
REC_23670,REC,True,23670,16,0.98,0.8248575,linguistic_structure,,,reflection_surface_template,反映式表层模板,assigned_nonbehavior_component,sounds_like_reflection,"The majority of sentences begin with 'sounds like' or a variant, functioning as a reflective or summarizing statement about the interlocutor's situation, often in a therapeutic or coaching context.","The sentences serve as reflective listening or summarizing statements, commonly used in motivational interviewing or therapy to acknowledge and validate the speaker's experience.",s010: sounds like you're noticing quite a few not so good things about alcohol though mom got mad at you you're having decreased focus you're kind of not doing so well in school maybe || s015: sounds like you're concerned about eating too many five foods and not exercising enough,The sentences may be part of a therapeutic dialogue where the therapist uses reflective listening to encourage client elaboration. | The pattern could be a discourse marker for summarizing or paraphrasing the client's previous statements.,"Some sentences are fragments or have different syntactic structures (e.g., 'sounds brilliant' without 'like'). | The dataset may be from a specific domain (e.g., addiction counseling) which influences the pattern.","Outliers include sentences that do not follow the 'sounds like' pattern, such as direct affirmations ('sounds good') or fragments. | The behavioral function is inferred but not explicitly confirmed by the data.",4,0.82,extracted_unchanged_from_validated_feature_card,current_ai_evidence_review
REC_11405,REC,True,11405,17,0.98,0.82454395,behavioral_function,directive_plan_feedback,建议、计划与风险反馈,directive_plan_feedback,建议、计划与风险反馈,assigned_behavior_component,second-person advice and reflection,"The sentences predominantly use second-person 'you' to address the listener directly, often in contexts of giving advice, reflecting on personal habits, or discussing health-related risks and changes. The pattern includes frequent discourse markers like 'you know' and 'so', and a mix of declarative and interrogative structures that engage the listener in a conversational, therapeutic, or coaching tone.","The sentences appear to function as advice-giving, reflective questioning, or motivational interviewing, likely from a counselor or coach to a client, focusing on behavior change (e.g., smoking, chewing tobacco, drinking, safety).","s002: Well, you know, you're doing good but don't forget what we talked about today, okay, about your chew tobacco and your mouth || s007: There's all these risks that you're putting yourself in","The sentences could be part of a therapeutic or counseling session transcript, with the speaker using reflective listening and open-ended questions. | Alternatively, they might represent a coaching or motivational interviewing style focused on behavior change, with frequent use of 'you' to personalize the message.","The sentences are extracted from a larger conversation, so the pattern may be influenced by the specific dialogue context (e.g., health intervention). | Some sentences include first-person narratives (e.g., s001, s011) that could be from the client rather than the counselor, mixing perspectives.","The analysis is based solely on text without prosodic or contextual cues, which could affect interpretation of function. | The sample may not represent all discourse functions present in the full conversation.",4,1.0,extracted_unchanged_from_validated_feature_card,current_ai_evidence_review
REC_29190,REC,True,29190,18,0.98,0.82062215,linguistic_structure,,,reflection_surface_template,反映式表层模板,assigned_nonbehavior_component,that_sounds_like_evaluation,"The majority of sentences begin with 'that sounds like', 'it sounds like', or 'sounds like', followed by an evaluative or interpretive phrase about a prior statement or situation. This pattern functions as a reflective listening or summarizing move, often in a therapeutic or advisory context.","The sentences serve as reflective listening or paraphrasing, where the speaker interprets or evaluates the interlocutor's previous utterance, often to show understanding or to guide the conversation.",s001: yeah that sounds like that's a source of frustration || s004: that sounds like a great idea,"The sentences are primarily evaluative, expressing the speaker's judgment (positive, negative, or neutral) about a topic, often using adjectives like 'great', 'exhausting', 'upsetting'. | The sentences function as conversational continuers or backchannels, acknowledging the interlocutor's speech and prompting further elaboration.","The sentences come from a corpus of therapy or counseling sessions, which may bias the pattern toward reflective listening. | Some sentences include additional clauses or questions (e.g., s010, s047), which may deviate from the core pattern but still contain the key phrase.","The pattern is primarily structural; the behavioral function is inferred but not directly observable from the sentences alone. | A few sentences (e.g., s022, s029) embed the pattern in longer utterances, but still contain the key phrase.",4,1.0,extracted_unchanged_from_validated_feature_card,current_ai_evidence_review
REC_14875,REC,True,14875,19,0.96,0.81857276,linguistic_structure,,,so_discourse_launch,so 引导的话语启动结构,assigned_nonbehavior_component,therapeutic_discourse_markers,"The majority of sentences begin with 'and so' or 'so', functioning as discourse markers that connect to prior talk, often in a therapeutic or counseling context. These sentences typically involve reflective listening, scaling questions, or exploratory prompts about feelings, behaviors, or motivations.","The sentences appear to be from a therapeutic or coaching interaction, where the speaker uses 'and so' to build rapport, summarize, or probe deeper into the client's experiences. Common functions include reflecting feelings, asking about readiness to change, and exploring barriers.",s012: and so let's look at those two here || s020: and so are you interested in stopping smoking?,"The sentences could be from a corpus of transcribed therapy sessions, with 'and so' being a common filler or transition used by therapists. | Alternatively, the pattern might reflect a specific annotation or transcription style where 'and so' is inserted to indicate a continuation of speech.","The presence of 'so' in all sentences might be an artifact of the data collection or transcription process, rather than a genuine linguistic pattern. | Some sentences (e.g., s001, s046) show grammatical errors or incoherence, suggesting possible transcription errors or non-native speech.","The analysis assumes a single discourse context, but the sentences vary in coherence and may come from multiple speakers or settings. | The pattern is primarily structural (discourse marker) and may not capture deeper behavioral functions consistently.",4,1.0,extracted_unchanged_from_validated_feature_card,current_ai_evidence_review
REC_5663,REC,True,5663,20,0.98,0.81606066,linguistic_structure,,,so_discourse_launch,so 引导的话语启动结构,assigned_nonbehavior_component,discourse_marker_so,"The sentences consistently use the discourse marker 'so' in a turn-initiating or transition role, often at the start of a clause or after a pause, to connect ideas or signal a shift in topic or focus.",The available sentences do not support a stable behavioral-function interpretation.,s001: so you can't imagine that so is look at the other side can you imagine having further instance with law enforcement we're charges in the future || s004: I understand so tell me how often do you drink,"The sentences may represent therapeutic or counseling dialogue, where 'so' is used to summarize or redirect the conversation. | The pattern could be a transcription artifact where 'so' is overrepresented due to conversational speech habits.","The dataset may be drawn from a single conversation type (e.g., therapy sessions) where 'so' is particularly frequent. | Some instances of 'so' may be part of fixed phrases (e.g., 'so far', 'so good') rather than discourse markers.","The pattern is purely structural and does not capture the diverse topics or functions across sentences. | A few sentences (e.g., s034 'It's so ....') are too short to confirm the pattern, but they still contain 'so'.",4,1.0,extracted_unchanged_from_validated_feature_card,current_ai_evidence_review
REC_1211,REC,True,1211,21,1.0,0.8131254,behavioral_function,reflective_reformulation,反映式重构与总结,reflective_reformulation,反映式重构与总结,assigned_behavior_component,therapist_reframing_and_summarizing,"The sentences predominantly function as therapist or counselor utterances that summarize, reframe, or validate a client's reported experiences, often using 'so', 'okay', 'it sounds like', or 'what I hear you saying' to introduce a restatement or interpretation of the client's situation.","The primary behavioral function is reflective listening and summarizing, a core therapeutic technique used to demonstrate understanding and encourage further disclosure.",s001: and so you've been avoiding food like this for so long that it totally makes sense that you're feeling fear || s003: so it sounds like you have a large workload and you already have a lot on your plate and now your parents are nagging you about going to counseling,"The sentences could be seen as a collection of motivational interviewing techniques, including affirmations and reflections. | Alternatively, they might represent a data annotation artifact where all sentences are from a single therapy session transcript, leading to uniform discourse style.","All sentences are from a single domain (therapy/counseling), so the pattern may not generalize to other contexts. | The pattern is heavily reliant on discourse markers like 'so' and 'okay', which could be an artifact of the transcription style.","The analysis does not account for the client's responses, which are absent from the sample. | Some sentences (e.g., s020) are direct questions, which slightly differ from the summarizing pattern but still serve a therapeutic function.",4,1.0,extracted_unchanged_from_validated_feature_card,current_ai_evidence_review
REC_9993,REC,True,9993,22,1.0,0.8015239,behavioral_function,directive_plan_feedback,建议、计划与风险反馈,directive_plan_feedback,建议、计划与风险反馈,assigned_behavior_component,counseling_dialogue_advice,"The sentences predominantly reflect a counseling or medical consultation dialogue where a professional (e.g., doctor, counselor) gives advice, asks reflective questions, or summarizes the client's statements about health behaviors (e.g., exercise, drinking, medication).","The primary behavioral function is therapeutic or medical advice-giving and reflective questioning, aimed at guiding behavior change or exploring client ambivalence.",s001: it might be your decision if you want children but as a doctor I'm not prepared to make that decision and to verify that decision for you || s006: so why don't we start by you telling me a bit about your day and the struggles you're having to include exercise where that those barriers are coming up and,"The sentences could be from a motivational interviewing session, focusing on eliciting change talk. | They might be excerpts from a health coaching app or transcript, with a mix of professional and client turns.","Some sentences are incomplete or contain transcription errors, making interpretation difficult. | The set includes both professional and client utterances, which may blur the pattern.","The pattern is based on pragmatic function, which may not be stable across all sentences. | Outliers may represent different stages or types of interaction.",4,0.82,extracted_unchanged_from_validated_feature_card,current_ai_evidence_review
REC_31930,REC,True,31930,23,0.97,0.7956444,linguistic_structure,,,so_discourse_launch,so 引导的话语启动结构,assigned_nonbehavior_component,So-prefixed therapeutic questions,"The majority of sentences begin with the discourse marker 'So' followed by a question or reflective statement typical of therapeutic or counseling contexts, often addressing personal behaviors, health, or relationships.","The sentences function as therapeutic prompts or exploratory questions, likely from a clinician to a client, aimed at eliciting information or reflection.","s003: So Greg, just focus on your drinking, can you tell me a bit about when you first started drinking when || s016: So basically, you're not planning on cutting down; you are just going to do the same thing?","The sentences could be part of a structured interview or assessment protocol, with 'So' serving as a conversational opener. | The pattern might reflect a specific therapeutic technique (e.g., motivational interviewing) where 'So' is used to transition or summarize.","The dataset may be drawn from a single clinical setting, limiting generalizability. | Transcription artifacts (e.g., 'hmm', 'yeah') may obscure the pattern.","Some sentences (e.g., s025, s032) are less clearly questions but still start with 'So'. | The behavioral function is inferred from context but not explicitly labeled.",4,1.0,extracted_unchanged_from_validated_feature_card,current_ai_evidence_review
REC_7054,REC,True,7054,24,0.95,0.7893671,behavioral_function,directive_plan_feedback,建议、计划与风险反馈,directive_plan_feedback,建议、计划与风险反馈,assigned_behavior_component,second-person advice and evaluation,"The sentences predominantly use second-person 'you' to give advice, evaluate behavior, or describe consequences in a counseling or coaching context. They often include conditionals, imperatives, or evaluative statements about the addressee's actions or state.","The sentences function as advice, warnings, or motivational statements typical of a health or addiction counselor addressing a client.",s001: yeah absolutely if you don't have that first if you can stop yourself having that first drink you're more inclined not to keep drinking of course || s003: yeah you're not here because you think you have a problem you're here because they sent you here,"The sentences could be part of a motivational interviewing transcript, where the counselor reflects and guides the client. | They might represent a collection of self-talk or internal monologue, but the consistent 'you' suggests direct address.","The sentences are extracted from a larger dialogue, so context is missing; some may be questions or statements from the client rather than the counselor. | The presence of 'yeah' and 'well' suggests conversational turns, but the function may vary by speaker role.","Without speaker labels, it is unclear whether all sentences are from the same speaker (e.g., counselor) or mixed. | Some sentences (e.g., s022 'I think you're wrong') could be client responses, but still fit the 'you' pattern.",4,1.0,extracted_unchanged_from_validated_feature_card,current_ai_evidence_review
REC_111,REC,True,111,25,0.94,0.78635335,linguistic_structure,,,reflection_surface_template,反映式表层模板,assigned_nonbehavior_component,it-cleft and discourse marker 'so',"The majority of sentences begin with 'it' as a dummy subject (e.g., 'It sounds like', 'It's', 'It measures') or start with discourse markers like 'so' or 'okay so', often followed by a clause summarizing or reflecting the interlocutor's situation. This pattern suggests a reflective or summarizing discourse function.","The sentences appear to function as reflections, summaries, or confirmations of the interlocutor's statements, common in therapeutic or counseling contexts.",s005: So it sounds that you have been dealing with this for a while? || s030: Wow okay so it sounds like you're feeling pretty confident after our discussion,"The sentences may be from a medical or counseling dialogue, as many refer to health behaviors (e.g., smoking, drinking, exercise). | The pattern could be an artifact of transcription, where speakers use fillers like 'so' and 'okay' frequently.","The dataset may be drawn from a single domain (e.g., motivational interviewing), biasing the discourse markers and reflective structure. | The dummy 'it' pattern is extremely common in English, so the pattern may be too broad to be distinctive.","Some sentences (e.g., s028 'It's Friday') are simple statements that fit the dummy 'it' pattern but lack the reflective function. | The analysis does not account for sentence length or specific lexical choices beyond the initial structure.",4,1.0,extracted_unchanged_from_validated_feature_card,current_ai_evidence_review
REC_22558,REC,True,22558,26,0.97,0.7859337,behavioral_function,emotion_experience_reflection,情绪与经历反映,emotion_experience_reflection,情绪与经历反映,assigned_behavior_component,therapist reflection with 'pretty',"The sentences predominantly consist of therapist-like reflective statements that summarize or validate a client's reported experience, frequently using the intensifier 'pretty' (e.g., 'pretty confident', 'pretty frustrated', 'pretty important'). The pattern involves a discourse marker (e.g., 'okay so', 'so it sounds like') followed by a paraphrase of the client's state, often with an affective or evaluative adjective modified by 'pretty'.","The sentences appear to serve a therapeutic reflective listening function, where the speaker mirrors the client's feelings or situation to show understanding and encourage further disclosure.",s001: Wow okay so it sounds like you're feeling pretty confident after our discussion || s003: okay so it feels like you're having trouble fitting exercise into your schedule and you're starting to feel pretty discouraged and frustrated,"The pattern may be a linguistic template used in motivational interviewing, where the therapist uses 'okay so' and 'sounds like' to introduce reflections. | The frequent use of 'pretty' could be a conversational filler or hedging device rather than a deliberate therapeutic technique. | Some sentences may be from a client rather than a therapist, as in s041 and s046, which express personal feelings without reflective framing.","The dataset may mix therapist and client utterances, as some sentences (e.g., s041, s046) appear to be from a client's perspective. | The presence of incomplete sentences (s007, s008) and transcription artifacts may obscure the pattern. | The word 'pretty' is polysemous; in some contexts it may mean 'attractive' rather than 'fairly'.","The behavioral function interpretation relies on pragmatic inference; without context, the exact role of each utterance is uncertain. | Outliers include narrative, question, and direct quote sentences that do not fit the reflective pattern.",4,0.72,extracted_unchanged_from_validated_feature_card,current_ai_evidence_review
REC_16256,REC,True,16256,27,0.99,0.77516806,behavioral_function,emotion_experience_reflection,情绪与经历反映,emotion_experience_reflection,情绪与经历反映,assigned_behavior_component,therapeutic_discourse_markers,"The sentences predominantly feature discourse markers and reflective listening phrases typical of therapeutic or counseling conversations, such as 'it sounds like', 'you know', 'so', and 'I hear you saying', often followed by paraphrasing or summarizing the interlocutor's statements.","The primary behavioral function appears to be active listening and reflective responding, common in therapeutic settings, aimed at validating, clarifying, or exploring the speaker's experiences.","s003: and when you say it was scary I hear you saying on some level was scary for you and your your safety but it also sounds like it was scary because all these other variables or elements were put in motion that were disruptive || s010: It really does sound, though, like you, you're really deeply committed to taking care of your child and providing the kind of structure and, and, and things, the basic needs, and really taking care of your child at the same time.","The sentences could be from a coaching or advice-giving context, where the speaker offers suggestions and encouragement. | Alternatively, they might represent a mix of casual conversation and professional discourse, with no single consistent function.","The sentences are extracted from a larger conversation, so the pattern may be influenced by the specific dialogue context. | Some sentences (e.g., s006, s036) focus on practical advice (diet, lunch options) which could be from a different domain like nutrition counseling.","The analysis is based solely on text without prosodic or contextual cues, which are important in therapeutic discourse. | The sample IDs are sequential and may not represent independent utterances, potentially overrepresenting a single conversation.",4,1.0,extracted_unchanged_from_validated_feature_card,current_ai_evidence_review
REC_26968,REC,True,26968,28,0.89,0.7751072,behavioral_function,emotion_experience_reflection,情绪与经历反映,emotion_experience_reflection,情绪与经历反映,assigned_behavior_component,therapeutic_emotion_focus,"The sentences predominantly involve a therapist or counselor reflecting, validating, or probing a client's emotional states (e.g., feeling overwhelmed, depressed, anxious, sad) and related experiences, often using phrases like 'you're feeling', 'it sounds like', or 'tell me about'.","The primary behavioral function appears to be therapeutic reflection and exploration: the speaker (likely a clinician) mirrors the client's reported feelings, asks clarifying questions, and encourages elaboration on emotional and behavioral patterns.",s002: okay so right now you have so much going on that you're just feeling totally overwhelmed you don't even know where to start || s007: so what I hear you saying is that you're feeling really stressed and kind of stretched out too thin,"The sentences could be from a structured clinical interview or diagnostic assessment, focusing on symptom checklists and severity ratings. | Alternatively, they might represent a motivational interviewing session, emphasizing client ambivalence and change talk.","Some sentences (e.g., s003, s014, s040) are more specific to physical health or behavioral habits, which may reflect a broader health counseling context rather than pure mental health therapy. | The presence of self-disclosure (s025) and direct advice (s022) suggests some variation in therapeutic style.","The dataset lacks speaker labels and full conversational context, making it impossible to confirm the exact therapeutic modality or setting. | Some sentences (e.g., s048) are fragmentary and may be misattributed.",4,1.0,extracted_unchanged_from_validated_feature_card,current_ai_evidence_review
REC_28688,REC,True,28688,29,0.92,0.7698516,linguistic_structure,,,reflection_surface_template,反映式表层模板,assigned_nonbehavior_component,it sounds/looks like + interpretation,"The majority of sentences use the formulaic expression 'it sounds/looks like' (or 'it sounds as though') to introduce a therapist's reflective interpretation or summary of the client's situation, often followed by a clause describing the client's feelings, behaviors, or circumstances.","The sentences function as reflective listening statements or interpretive summaries in a therapeutic or counseling context, used to check understanding and encourage client elaboration.",s001: it so it sounds like you know you really you really have a reason that you really want to be here you care about your wife can you care about your job and you really like what you do is what I'm hearing right now you're good at it look || s005: what I'm hearing is it sounds like you might feel like maybe who's managing money to a degree the last yeah,"The sentences may represent a specific therapeutic technique (e.g., motivational interviewing) where the therapist uses reflective statements to build rapport. | The pattern could be a transcription artifact where the transcriber consistently rendered the therapist's speech with 'it sounds/looks like' as a discourse marker.","The dataset may be drawn from a single therapeutic context, limiting generalizability. | Some sentences (e.g., s010, s024) are outliers that do not fit the pattern, possibly due to different speakers or transcription errors.",The analysis is based solely on surface linguistic form; deeper pragmatic function may vary across sentences. | Outliers s010 and s024 are not covered by the primary interpretation.,4,0.96,extracted_unchanged_from_validated_feature_card,current_ai_evidence_review
REC_30091,REC,True,30091,30,0.89,0.76974744,behavioral_function,,,,,behavior_unassigned,therapeutic_discourse_markers,"The sentences predominantly feature discourse markers and reflective statements typical of therapeutic or counseling dialogue, such as 'so it sounds like', 'okay', 'so what I'm wondering', and 'it seems like', often followed by paraphrasing or summarizing the interlocutor's experience.","The sentences function as therapeutic reflections, clarifications, and prompts, aiming to explore the speaker's feelings, relationships, and behaviors, particularly around alcohol use, family dynamics, and emotional conflicts.",s002: so it sounds like there's very similar stories to you Lily the character on my breath yes || s013: L	so just to summarize the less good things that you mentioned you talked about your relationship your family's really really concerned,"The sentences could be part of a structured interview or assessment about substance use and family relationships, with a focus on eliciting personal narratives. | The pattern might reflect a specific therapeutic modality, such as motivational interviewing, characterized by open-ended questions and reflective listening.","The sentences are extracted from a single conversation or session, so the pattern may be specific to that context rather than a general linguistic feature. | Some sentences appear incomplete or contain transcription errors, which may obscure the intended function.","The analysis is based on text only, without prosodic or contextual cues that could clarify the discourse function. | The sample size is small and may not represent the full range of therapeutic discourse.",4,1.0,extracted_unchanged_from_validated_feature_card,current_ai_evidence_review
REC_2089,REC,True,2089,31,0.91,0.7682638,behavioral_function,reflective_reformulation,反映式重构与总结,reflective_reformulation,反映式重构与总结,assigned_behavior_component,therapist reflection with 'it seems',"The majority of sentences use a reflective, tentative formulation beginning with 'it seems' or 'it sounds' to summarize or interpret the speaker's situation, often in a therapeutic or counseling context.","The sentences function as reflective listening or summarizing statements, commonly used in motivational interviewing or therapy to validate and clarify the client's experience.",s001: well it seems like you have a lot of awareness of your triggers for smoking || s002: so it seems that being healthy is pretty important to you and that having symptoms of diabetes or feeling sick worries you,"The sentences could be interpreted as a linguistic template where the speaker uses hedging expressions ('it seems', 'it sounds') to soften assertions, common in clinical or advisory discourse. | Alternatively, the pattern might reflect a specific annotation or transcription artifact where all sentences are extracted from a corpus of motivational interviewing sessions, leading to a uniform discourse style.","The sentences may come from a single domain (e.g., therapy transcripts), which could artificially inflate the pattern's consistency. | Some sentences (e.g., s024, s031) are questions or contain different structures, but they still fit the reflective function broadly.","The analysis does not account for the full context of each sentence, which might reveal additional functions. | The pattern is robust but may not generalize to other text types.",4,1.0,extracted_unchanged_from_validated_feature_card,current_ai_evidence_review
REC_32596,REC,True,32596,32,0.86,0.76267785,behavioral_function,emotion_experience_reflection,情绪与经历反映,emotion_experience_reflection,情绪与经历反映,assigned_behavior_component,therapeutic reflection with 'you're',"The majority of sentences are therapist or counselor reflections that use the second-person pronoun 'you're' followed by a present participle or adjective to describe the client's current state or behavior, often prefaced by discourse markers like 'so', 'okay', or 'it sounds like'.","The sentences function as reflective listening statements, a core therapeutic technique where the therapist paraphrases or summarizes the client's feelings or experiences to show understanding and encourage further disclosure.","s001: Yeah, so right now you're feeling a little overwhelmed with everything that's going on and you're not even sure where to start. || s003: sounds like you're noticing quite a few not so good things about alcohol though mom got mad at you you're having decreased focus you're kind of not doing so well in school maybe",The sentences could be part of a motivational interviewing session where the therapist uses reflective listening to build rapport and elicit change talk. | The pattern might be a linguistic artifact of transcribed therapy sessions where the therapist frequently uses 'you're' to paraphrase client statements.,"Some sentences may be from different speakers (therapist vs. client) or different stages of the session, affecting the pattern. | Transcription errors or incomplete sentences may obscure the intended function.","The outlier sentences include a mix of client speech, advice-giving, and administrative talk, which are not covered by the primary interpretation. | The pattern is based on surface-level linguistic features and may not capture deeper discourse functions.",4,0.8,extracted_unchanged_from_validated_feature_card,current_ai_evidence_review
REC_23242,REC,True,23242,33,0.96,0.76113206,behavioral_function,,,,,behavior_unassigned,therapist_observation_and_affirmation,"The sentences predominantly involve a therapist or counselor observing, noting, or affirming client behaviors, feelings, or progress, often using phrases like 'I noticed', 'I see', 'I understand', or 'it sounds like'.","The primary behavioral function is to build rapport, validate client experiences, and guide the conversation by reflecting observations and encouraging disclosure.",s001: I noticed that you got a little tense and sort of it's almost like those wheels are turning again just considering it as the coaches are tracking || s002: I noticed that you filled out one of our drug questionnaires,"The sentences are from a clinical or counseling setting where the speaker reviews client forms and medical history. | The sentences involve the speaker expressing surprise or appreciation about client actions or progress. | The sentences are a mix of observations, affirmations, and questions about client behavior and health.","The dataset may include multiple speakers or contexts (e.g., medical, counseling, casual conversation) that are not distinguished. | Some sentences are incomplete or contain transcription errors, making interpretation ambiguous. | The presence of outliers like s006 suggests the set may include non-therapeutic interactions.","The primary pattern does not cover all sentences; outliers include compliments, greetings, and unrelated statements. | The behavioral function is inferred from context but not explicitly confirmed by the data. | The sample IDs are not ordered by time or speaker, so conversational flow is unknown.",3,0.6,extracted_unchanged_from_validated_feature_card,current_ai_evidence_review
REC_31867,REC,True,31867,34,0.93,0.7605633,behavioral_function,directive_plan_feedback,建议、计划与风险反馈,directive_plan_feedback,建议、计划与风险反馈,assigned_behavior_component,healthcare_discourse_markers,"The sentences predominantly feature discourse markers and reflective statements typical of healthcare or counseling dialogues, such as 'so', 'okay', 'that makes sense', and 'it sounds like', often used to summarize, affirm, or guide the conversation.","The sentences appear to serve a therapeutic or medical consultation function, including summarizing patient statements, providing feedback, and offering advice or explanations.",s008: what I'm hearing says you don't want your bad health to affect the way to affect your career || s026: but before getting to that I'd like to put that aside and begin just by hearing from you brings you here,"The sentences may be from a single conversation transcript, with no specific pattern beyond being part of a dialogue. | The pattern could be an artifact of transcription, such as filler words and false starts, rather than a deliberate behavioral function.","The sentences are extracted from a longer conversation, so the pattern may reflect the overall dialogue structure rather than a stable feature of the sentences themselves. | The presence of many discourse markers could be due to the conversational nature of the data, not a specific behavioral function.","The analysis is based on a small sample of sentences from a single conversation, limiting generalizability. | The behavioral function interpretation is inferred from linguistic cues and may not reflect the actual intent of the speakers.",4,1.0,extracted_unchanged_from_validated_feature_card,current_ai_evidence_review
REC_31585,REC,True,31585,35,0.94,0.75765175,unclear_or_mixed,,,mixed_counseling_discourse,混合型咨询话语,assigned_nonbehavior_component,healthcare_dialogue_mixed,"The sentences appear to be from a healthcare or counseling dialogue, with a mix of patient education, motivational interviewing, and administrative tasks. The pattern is not stable across all sentences due to varied topics and functions.",The available sentences do not support a stable behavioral-function interpretation.,s001: so it sounds like you really want to go to Black Friday with your friends you're feeling a little anxious about it || s005: okay so tell me why you're only using it when your blood sugar goes high,The sentences may represent a mix of patient-provider interactions and motivational interviewing techniques. | The set could be from a corpus of transcribed medical consultations with diverse sub-dialogues.,"The sentences are decontextualized, making it hard to infer a single pattern. | Different speakers and topics (e.g., diabetes, alcohol, smoking) introduce variability.",No single pattern covers all sentences due to topic and function diversity. | The sample size is large but lacks consistent linguistic markers.,2,1.0,extracted_unchanged_from_validated_feature_card,current_ai_evidence_review
REC_13169,REC,True,13169,36,0.89,0.757001,behavioral_function,,,,,behavior_unassigned,therapeutic_reflection_and_advice,"The sentences predominantly involve a speaker reflecting on a client's or interlocutor's experiences, feelings, or behaviors, often using phrases like 'it sounds like' or 'I think', and offering advice, encouragement, or interpretation in a therapeutic or counseling context.","The primary behavioral function appears to be reflective listening and motivational interviewing, where the speaker mirrors the client's statements, validates emotions, and gently guides toward change.",s001: I don't think I'm ready to go there yet Michael but it sounds to me like you want to get off of your medication || s007: yeah well it sounds like there's some judgments in there right so it sounds like probably you're having some judgments like I'm feeling really bad yeah,"The sentences could be from a general conversation about health behaviors, with some being client statements and others counselor statements, but the reflective pattern is dominant. | The pattern might be an artifact of transcription from a therapy session, where the counselor uses reflective statements and the client responds with personal narratives.","The dataset may include both counselor and client utterances, mixing reflective and non-reflective sentences. | Some sentences are incomplete or fragmented, making interpretation ambiguous.","The primary interpretation covers about 70% of sentences; outliers include greetings, fragments, and client narratives. | The behavioral function is inferred from linguistic cues but not independently verified.",4,0.7,extracted_unchanged_from_validated_feature_card,current_ai_evidence_review
REC_8226,REC,True,8226,37,0.92,0.75308615,behavioral_function,directive_plan_feedback,建议、计划与风险反馈,directive_plan_feedback,建议、计划与风险反馈,assigned_behavior_component,healthcare_discourse_advice,"The sentences predominantly reflect a healthcare or counseling discourse where a professional (e.g., doctor, therapist) discusses treatment options, lifestyle changes, or emotional support with a patient, using collaborative language and summarizing next steps.","The primary behavioral function is providing advice, summarizing plans, and eliciting patient agreement or reflection, as seen in sentences like s002 (transitioning medication) and s010 (summarizing treatment plan).",s002: at this point is to think about transitioning you off of the oxy onto one of these over-the-counter medications and using some of these other techniques to help you manage the pain || s010: so we've talked about changing your medication stopping the medication you're on changing you to this ACE inhibitor and then perhaps looking at the weight and going getting back to the gym and starting an exercise program is that about right,"The sentences could be interpreted as a mix of motivational interviewing and patient education, with frequent use of reflective listening and summarizing. | Alternatively, they may represent a corpus of clinical consultations where the professional guides decision-making through questions and affirmations.","The sentences are decontextualized, lacking speaker identity and full conversational turns, which may obscure the exact behavioral function. | Some sentences (e.g., s027, s034) are more generic and could fit other contexts like general advice or casual conversation.","The analysis is based solely on text without prosody or non-verbal cues, which are important in healthcare discourse. | The sample includes possible transcription artifacts (e.g., repeated words, fillers) that may not reflect intentional patterns.",4,1.0,extracted_unchanged_from_validated_feature_card,current_ai_evidence_review
REC_3673,REC,True,3673,38,0.87,0.75062174,behavioral_function,,,,,behavior_unassigned,therapeutic_discourse_markers,"The sentences predominantly feature discourse markers such as 'so', 'okay', 'yeah', 'well', and 'you know', which are characteristic of therapeutic or counseling conversations where a therapist reflects, summarizes, or probes a client's statements.","The sentences function as reflective listening, summarizing, or probing statements typical of a therapist or counselor engaging with a client, often using 'so' to rephrase or 'okay' to transition.",s001: so gosh you're you're actually really drinking quite a lot you know your level of drinking puts you in what we call a high-risk group || s002: yeah well so it sounds like if it sounds to me like if if you didn't quit smoking that you feel like your overall health might really be at risk,"The sentences could be from a motivational interviewing session, focusing on health behavior change (e.g., drinking, smoking). | The pattern might reflect a general conversational style with frequent backchanneling and reformulation, not limited to therapy.","The dataset may be artificially constructed or transcribed from a specific context (e.g., therapy role-play), leading to overrepresentation of certain markers. | Some sentences appear fragmented or contain transcription errors, which may obscure the pattern.","The interpretation is based on discourse markers and pragmatic function, but the exact setting (therapy, coaching, etc.) is inferred. | A few sentences (e.g., s015, s016) are less coherent but still contain markers like 'okay' or 'so'.",4,1.0,extracted_unchanged_from_validated_feature_card,current_ai_evidence_review
REC_26319,REC,True,26319,39,0.8,0.74662703,linguistic_structure,,,,,nonbehavior_isolated_or_unresolved,so_that_purpose_clauses,"A majority of sentences contain the discourse marker 'so' followed by a clause expressing purpose, result, or explanation, often in therapeutic or advisory contexts. The pattern includes 'so that' purpose clauses (e.g., s001, s002, s003) and 'so' as a discourse marker introducing a consequence or summary (e.g., s023, s030, s040).","The sentences appear to function as therapeutic or counseling discourse, where the speaker uses 'so' to link actions to goals, provide feedback, or summarize understanding. This pattern supports collaborative problem-solving and motivational interviewing.",s001: and I wanted to get your reaction to this news so that I can better help you || s023: so that sounds doable,"The sentences may reflect a therapeutic register with frequent use of 'so' as a conversational filler or transition marker. | The pattern could be an artifact of transcription, where 'so' is used to indicate speaker continuation or turn-taking.","The dataset may be drawn from a single domain (e.g., counseling transcripts), inflating the frequency of 'so'. | Some sentences lack 'so' (e.g., s009, s010, s011, s012, s045, s046, s047, s048) but still fit the broader therapeutic context.","The pattern is primarily structural and does not capture the full range of behavioral functions. | Sentences without 'so' (e.g., s009, s010) are still included as supporting because they share the therapeutic context, but they weaken the linguistic pattern.",4,1.0,extracted_unchanged_from_validated_feature_card,current_ai_evidence_review
REC_8034,REC,True,8034,40,0.86,0.7452318,linguistic_structure,,,reflection_surface_template,反映式表层模板,assigned_nonbehavior_component,okay_so_it_sounds_like,"A majority of sentences begin with 'okay so it sounds like' or a close variant, followed by a reflective summary or interpretation of the interlocutor's situation, often in a therapeutic or counseling context.","The sentences function as reflective listening or summarizing statements, common in motivational interviewing or therapy, where the speaker mirrors or checks understanding of the other person's experience.",s004: Wow okay so it sounds like you're feeling pretty confident after our discussion || s009: okay so it feels like you're having trouble fitting exercise into your schedule and you're starting to feel pretty discouraged and frustrated,The sentences may be part of a structured interview or questionnaire where the interviewer paraphrases responses. | The pattern could reflect a conversational routine in a specific domain like health coaching or addiction counseling.,"The dataset may be drawn from a single conversation or transcript, artificially inflating the pattern's prevalence. | Some sentences (e.g., s028, s030) lack the 'okay so' opener but still fit the reflective function, suggesting the pattern is not perfectly uniform.","The analysis is based solely on surface form; deeper pragmatic function may vary across sentences. | Without context, it is unclear whether all sentences are from the same speaker or interaction.",4,1.0,extracted_unchanged_from_validated_feature_card,current_ai_evidence_review
REC_1455,REC,True,1455,41,0.81,0.74437004,behavioral_function,reflective_reformulation,反映式重构与总结,reflective_reformulation,反映式重构与总结,assigned_behavior_component,therapeutic reflection on behavior change,"The sentences predominantly involve a therapist or counselor reflecting back a client's statements about behavior change, often using 'so' and 'it sounds like' to summarize and validate the client's experience, with a focus on ambivalence, social pressure, and practical challenges.","The primary behavioral function is reflective listening and summarizing in a therapeutic or coaching context, aimed at building rapport and encouraging client self-exploration.",s001: really good um I want to seniors on the team so everybody's looking up to me so it's a little bit of pressure but i like i like it it's different you know our team's different || s008: okay so it's been quite a big step in a big change and and it sounds like that that was what led you to go to your GP,The sentences could be part of a motivational interviewing session focusing on substance use or health behavior change. | The pattern might reflect a general conversational style of summarizing and validating in any supportive dialogue.,"The sentences are extracted from a corpus of therapy or coaching sessions, which may introduce a consistent discourse style. | The presence of 'so' and 'it sounds like' may be an artifact of the transcription or annotation process.","Some sentences (e.g., s045) are too short to clearly exhibit the pattern. | The interpretation assumes a therapeutic context, which may not be explicitly confirmed.",4,1.0,extracted_unchanged_from_validated_feature_card,current_ai_evidence_review
REC_31915,REC,True,31915,42,0.81,0.7342725,behavioral_function,reflective_reformulation,反映式重构与总结,reflective_reformulation,反映式重构与总结,assigned_behavior_component,counseling reflections and summaries,"The sentences predominantly feature a therapist or counselor reflecting back, summarizing, or validating a client's statements, often using 'so', 'sounds like', 'you're saying', and second-person 'you' to paraphrase the client's experiences, concerns, or goals.","The primary behavioral function is therapeutic reflection and summarization, used to demonstrate active listening, clarify client statements, and guide the conversation.",s006: it so it sounds like you know you really you really have a reason that you really want to be here you care about your wife can you care about your job and you really like what you do is what I'm hearing right now you're good at it look || s013: so it sounds like your sleep has really been affected you're not getting good quality sleep you're really fatigued,"The sentences could be part of a motivational interviewing session, where the therapist uses reflective listening and affirmations. | Alternatively, they might be from a coaching or advice-giving context, with some sentences offering suggestions rather than reflections.","Some sentences are client utterances rather than therapist reflections, which may blur the pattern. | Transcription artifacts like filler words ('um', 'you know') are common but not diagnostic.","The analysis is based solely on text without speaker labels, so distinguishing therapist from client is inferential. | A few sentences (e.g., s016, s029) deviate from the reflective pattern, indicating some heterogeneity.",4,0.92,extracted_unchanged_from_validated_feature_card,current_ai_evidence_review
REC_4018,REC,True,4018,43,0.7,0.73076254,linguistic_structure,,,reflection_surface_template,反映式表层模板,assigned_nonbehavior_component,seems_like_feel_pattern,"The majority of sentences use perception verbs (seems, sounds, feels, looks) followed by a complement clause, often with 'like' or 'that', to express the speaker's inference or interpretation of the listener's state or situation.","The sentences function as reflective statements or empathetic inferences, commonly used in therapeutic or counseling contexts to validate or explore the listener's feelings and experiences.",s003: in fact it seems like you're feeling pretty sad and maybe even a little hopeless || s017: ok it seems like you are willing to change your behavior and at the same time you are frustrated about not getting the medication that you need for you to change or support that you need to change,The sentences may represent a therapeutic discourse pattern where the speaker uses tentative language to build rapport and encourage self-disclosure. | The pattern could be a surface artifact of a specific dialogue system or script that frequently uses 'seems like' and 'sounds like' as conversational fillers.,"The dataset may be drawn from a specific domain (e.g., counseling, medical interviews) where such language is common, limiting generalizability. | Some sentences are incomplete or contain transcription errors, making pattern detection noisy.","Outliers include questions, direct requests, and unrelated narratives that do not fit the primary pattern. | The pattern is primarily structural; behavioral function is inferred but not directly evidenced.",4,0.86,extracted_unchanged_from_validated_feature_card,current_ai_evidence_review
REC_17861,REC,True,17861,44,0.83,0.72938234,linguistic_structure,,,,,nonbehavior_isolated_or_unresolved,second-person statements about personal experiences,"The sentences predominantly use second-person 'you' to describe the addressee's actions, feelings, or states, often in a conversational or therapeutic context. The pattern is a stable linguistic structure of addressing the listener directly.",The available sentences do not support a stable behavioral-function interpretation.,s001: you keep throwing wine into the conversation || s008: you look really healthy good very healthy,The sentences may reflect a therapeutic or coaching discourse where the speaker reflects or summarizes the client's statements. | The pattern could be a transcription artifact from a conversation where the speaker frequently uses 'you' to engage the listener.,"The sentences are extracted from a larger conversation, so the pattern may be influenced by the dialogue context. | Some sentences include discourse markers like 'okay so' or 'and' that are typical of spoken language.","The pattern is purely structural and does not capture the variety of topics or functions across sentences. | Some sentences are incomplete or contain disfluencies, which may affect pattern detection.",4,1.0,extracted_unchanged_from_validated_feature_card,current_ai_evidence_review
REC_2995,REC,True,2995,45,0.7,0.72910005,unclear_or_mixed,,,mixed_counseling_discourse,混合型咨询话语,assigned_nonbehavior_component,counseling_dialogue_mixed,"The sentences appear to be from a counseling or healthcare dialogue, characterized by frequent use of discourse markers (e.g., 'um', 'yeah', 'so', 'I mean'), second-person address ('you'), and expressions of empathy, advice, or reflection. The pattern is a mix of therapist/healthcare provider statements and client/patient responses, but no single behavioral function or linguistic structure dominates across all sentences.",The available sentences do not support a stable behavioral-function interpretation.,s002: this is a big stuff for you I know I'm it's hard to make a step like this || s006: well I don't mean to be evasive about this but I just I want to know what do you think you should do in this situation,"The sentences could be from a motivational interviewing session, with many examples of reflective listening and open-ended questions. | Alternatively, they might be from a general conversation about health behavior change, with both provider and patient turns.","The sentences are decontextualized, making it hard to distinguish speaker roles. | Transcription artifacts (e.g., 'um', 'yeah') may overrepresent discourse markers.","No single pattern covers all sentences; some are questions, some are statements, some are advice. | The mix of topics (dental, exercise, drinking, etc.) suggests multiple sub-dialogues.",3,1.0,extracted_unchanged_from_validated_feature_card,current_ai_evidence_review
REC_3416,REC,True,3416,46,0.72,0.7211479,behavioral_function,reflective_reformulation,反映式重构与总结,reflective_reformulation,反映式重构与总结,assigned_behavior_component,therapist reflective listening,"The sentences predominantly feature a therapist or counselor using reflective listening, paraphrasing, and summarizing to mirror the client's statements, often starting with 'so', 'okay', 'it sounds like', or 'it seems like'.","The primary behavioral function is reflective listening and summarizing in a therapeutic or counseling context, aimed at validating the client's experience and checking understanding.",s001: oh okay it's about sharing there's that yeah really that piece of connectedness that's really important for you || s002: okay so if I understand you correctly it is about your priority right now,"The sentences could be from a coaching or motivational interviewing session, focusing on change talk and goal setting. | Some sentences may be from a medical or health consultation, discussing symptoms, medications, and lifestyle changes.","The dataset may include both therapist and client utterances, but the pattern is strongest for therapist turns. | Transcription artifacts like 'um', 'okay', 'so' may inflate the appearance of a single pattern.","Outliers include client statements, factual descriptions, and questions that do not fit the reflective listening pattern. | The pattern is based on discourse markers and pragmatic function, which may overlap with other conversational contexts.",4,0.6,extracted_unchanged_from_validated_feature_card,current_ai_evidence_review
REC_26869,REC,True,26869,47,0.71,0.7188932,surface_artifact,,,,,nonbehavior_isolated_or_unresolved,possessive_clitic_errors,"Many sentences contain a possessive clitic ('s) that is incorrectly attached to a noun that should be plural or is used in a context where a plural or possessive is ambiguous, often resulting in ungrammatical or semantically odd constructions (e.g., 'your wife's foot feeding you', 'your son's always healthy', 'your blood Sugar's under control').",The available sentences do not support a stable behavioral-function interpretation.,s006: your wife's foot feeding you huh || s009: so your husband's always expand your clumsy rushing into things,"The sentences may be from a corpus of therapy or counseling sessions, as many involve personal concerns and advice. | The pattern could reflect a transcription artifact where apostrophes are inserted incorrectly due to speech recognition errors. | The sentences might be examples of non-native English or dialectal variation in possessive marking.","The sentences are drawn from a single source (e.g., therapy transcripts) which may have systematic transcription errors. | Some sentences without possessive clitics still contain other grammatical errors, suggesting a broader pattern of non-standard English. | The feature ID may correspond to a specific annotation or error tag, biasing the selection toward sentences with possessive errors.","The analysis is based solely on surface form and does not consider deeper syntactic or semantic context. | The sample size is small and may not be representative of a larger population. | The interpretation may conflate different types of errors (e.g., possessive vs. plural) under one label.",4,1.0,extracted_unchanged_from_validated_feature_card,current_ai_evidence_review
QU_13430,QU,False,13430,1,1.0,2.584094,behavioral_function,focused_assessment,聚焦式事实与行为评估,focused_assessment,聚焦式事实与行为评估,assigned_behavior_component,clinical_questions,"The sentences are predominantly questions asked by a healthcare professional (likely a therapist or doctor) during a clinical or counseling session, covering topics such as substance use, mental health, lifestyle, and treatment motivation.","The primary behavioral function is information gathering and therapeutic probing, as the questions aim to assess patient history, motivation, and readiness for change.",s001: Did you come here for a prescription for anti-depressants? || s003: OK we've talked about the alcohol do you use any other drugs besides our whole you know like cannabis cocaine and veterinarians in,"The sentences could be from a structured interview or questionnaire, given the variety of topics and question formats. | They might represent a mix of different clinical contexts (e.g., addiction counseling, general practice, mental health) rather than a single session.","The sentences are decontextualized, so the exact setting (e.g., therapy, medical intake, research interview) is uncertain. | Some sentences (e.g., s020 'did I get that right') could be from a different interaction type, but still fit the clinical pattern.","The analysis assumes a clinical setting, but without metadata, other contexts (e.g., coaching, social work) are possible. | The pattern is broad; more specific sub-patterns (e.g., motivational interviewing vs. diagnostic interview) cannot be distinguished.",4,1.0,extracted_unchanged_from_validated_feature_card,current_ai_evidence_review
QU_664,QU,False,664,2,1.0,1.6924238,behavioral_function,,,,,behavior_unassigned,motivational_interviewing_scale_questions,"The sentences predominantly consist of questions that ask about importance, confidence, readiness, or motivation using a numerical scale (e.g., 1-10 or 0-10), typical of motivational interviewing techniques.","The sentences function as structured probes to elicit self-assessed motivation, confidence, or readiness for behavior change, often used in counseling or health coaching contexts.",s004: so on a scale of zero to 100 how important do you think it is for you to make this change || s009: and how confident would you say you are right in this moment that you'd be able to make this change and we'll do the same zero to ten scale,"The sentences are a collection of open-ended and scaled questions about behavior change, but the scaled questions are not the majority. | The sentences represent a mix of assessment and counseling questions, with no single dominant pattern.","The dataset may include multiple interviewers or contexts, leading to variation in question types. | Some sentences are incomplete or contain transcription errors, making pattern detection harder.","A significant number of sentences (21 out of 50) do not include a numerical scale, weakening the primary pattern. | The behavioral function is inferred from content but not validated by external context.",3,0.58,extracted_unchanged_from_validated_feature_card,current_ai_evidence_review
QU_9959,QU,False,9959,3,1.0,1.4907203,behavioral_function,open_exploration,开放式经历与观点探索,open_exploration,开放式经历与观点探索,assigned_behavior_component,open-ended questions about personal experiences,"The majority of sentences are open-ended questions that ask about personal experiences, habits, preferences, or reasons, often starting with 'what', 'how', 'why', or 'so'. They are typical of a conversational or clinical interview setting.","The sentences function as probes to elicit information from a respondent, likely in a therapeutic or counseling context, aimed at exploring behaviors, feelings, and decision-making.",s001: What kind of dog do you have? || s010: okay well let's just start a little bit by talking about your cravings the cravings themselves when you wake up in the morning you start your day when does a typical cravings start for you,"The sentences are all questions, but some are closed-ended (e.g., 'how many') while most are open-ended. | The sentences are from a medical or therapeutic intake interview, focusing on health behaviors like smoking, drinking, and exercise. | The sentences exhibit a pattern of using discourse markers like 'so', 'okay', 'well' to initiate questions.","The set includes a few non-question sentences (s008, s038, s043) that may be transcription errors or different contexts. | Some questions are very similar (e.g., s004 and s005) which might inflate the pattern's apparent consistency. | The presence of first-person question (s038) and fragmented sentence (s043) suggests possible annotation noise.","The analysis is based solely on text without prosodic or contextual cues. | The set may be drawn from multiple speakers or sessions, introducing variability.",4,0.94,extracted_unchanged_from_validated_feature_card,current_ai_evidence_review
QU_11660,QU,False,11660,4,1.0,1.4463559,linguistic_structure,,,wh_question_form,WH 问句形式,assigned_nonbehavior_component,wh_questions_with_would,"The majority of sentences are wh-questions (what, how, where, when, why) that use the modal 'would' to ask about preferences, hypothetical actions, or opinions. This pattern is consistent across diverse topics and contexts.","The sentences function as probing questions, likely from a counselor or interviewer, aimed at eliciting the respondent's thoughts, feelings, or plans regarding behavior change or personal goals.",s002: What would you say? || s017: what would you like to talk about,"The sentences are all questions, but some use 'would' while others use other modals or tenses, suggesting a broader pattern of interrogative forms. | The sentences may reflect a therapeutic or coaching discourse where the speaker asks open-ended questions to explore the client's perspective.","The dataset may be drawn from a specific domain (e.g., counseling, health coaching) that naturally uses many 'would' questions. | Transcription artifacts or incomplete sentences may obscure the pattern.","Outliers include statements, non-'would' questions, and fragments that do not fit the primary pattern. | The pattern is structural and does not capture the full functional diversity of the sentences.",4,0.84,extracted_unchanged_from_validated_feature_card,current_ai_evidence_review
QU_26485,QU,False,26485,5,1.0,1.3381729,behavioral_function,open_exploration,开放式经历与观点探索,open_exploration,开放式经历与观点探索,assigned_behavior_component,how_questions,"The majority of sentences are questions beginning with 'how', 'what', or 'can', often used to elicit information, opinions, or feelings from the addressee.","The sentences function as requests for information or reflection, typical of counseling or coaching contexts.",s005: how do you feel about that || s013: how do you think you might use it?,"The sentences are all questions, but some are self-directed (e.g., s001, s029) while most are other-directed. | The sentences are from a therapeutic or motivational interviewing setting, focusing on behavior change (e.g., alcohol, exercise).","The dataset may be from a specific domain (e.g., addiction counseling) which influences the question types. | Some sentences are incomplete or contain disfluencies (e.g., s003, s028) which may be transcription artifacts.","Two sentences (s023, s029) do not fit the primary pattern of second-person questions. | The behavioral function is inferred from the question form but not explicitly confirmed.",4,0.96,extracted_unchanged_from_validated_feature_card,current_ai_evidence_review
QU_10916,QU,False,10916,6,1.0,1.2413949,behavioral_function,,,,,behavior_unassigned,health-related open-ended questions,"The majority of sentences are open-ended questions about health behaviors, habits, or personal experiences, often using discourse markers like 'okay', 'so', and 'how' or 'what' to elicit information.","The sentences function as probing questions in a clinical or counseling context, aimed at assessing patient motivation, confidence, or behavior change readiness.",s001: okay so what other things can you tell me about that might affect your blood pressure || s014: okay so how confident are you that you can make these changes on a scale of one to ten one being not confident at all and ten being the most confident you've ever felt,"The sentences are all questions, but some are not health-related (e.g., s004, s025), suggesting a broader interview context. | The pattern may be an artifact of a specific data collection protocol (e.g., motivational interviewing) rather than a stable linguistic feature.","The dataset may include multiple interviewers or contexts, leading to variation in question style. | Some sentences are incomplete or truncated, making interpretation ambiguous.","A few sentences deviate from the health-question pattern, indicating the pattern is not universal. | The behavioral function is inferred from content and discourse markers, but actual context is unknown.",4,0.92,extracted_unchanged_from_validated_feature_card,current_ai_evidence_review
QU_27061,QU,False,27061,7,1.0,1.1462882,behavioral_function,change_evocation,改变动机与障碍唤起,change_evocation,改变动机与障碍唤起,assigned_behavior_component,therapeutic_questioning,"The sentences are predominantly open-ended questions used in a therapeutic or counseling context to elicit information, explore ambivalence, or encourage reflection about health behaviors (e.g., smoking, drinking, exercise).","The primary behavioral function is eliciting client self-exploration and information gathering, typical of motivational interviewing or clinical assessment.",s001: do you know of any thing that will help you quit smoking? || s002: so what would be some of the positives some of the good things about quitting based on what you told me here today,The sentences could be seen as a collection of generic interview questions without a specific therapeutic framework. | They might represent a mix of assessment and intervention techniques from different clinical approaches.,"The sample may be drawn from a single transcript of a motivational interviewing session, which would explain the uniformity. | Some sentences (e.g., s005, s018) are less directive but still fit the overall questioning pattern.","The analysis is based solely on text without context of speaker or prior utterances. | Some sentences (e.g., s015) contain transcription artifacts that may obscure meaning.",4,1.0,extracted_unchanged_from_validated_feature_card,current_ai_evidence_review
QU_12340,QU,False,12340,8,1.0,1.1443644,linguistic_structure,,,do_you_question_form,do you 助动词问句,assigned_nonbehavior_component,do_you_questions,"All sentences begin with 'do you' and are questions, forming a stable linguistic pattern of interrogative structures used to ask about personal experiences, opinions, or actions.","The sentences function as interview or clinical assessment questions, eliciting information about the addressee's thoughts, feelings, behaviors, or medical history.",s001: do you think that this will be helpful I'm black Franny || s008: do you drink alcohol,"The sentences are all questions but vary in topic, suggesting a mixed topical pattern. | The sentences may reflect a specific discourse context such as therapy or medical intake, but this is not directly observable from the text alone.","The pattern may be an artifact of data collection focusing on question-answer pairs. | Some sentences contain transcription errors or incomplete phrases (e.g., s004, s048) that do not affect the initial 'do you' pattern.",The behavioral function is inferred but not explicitly confirmed by context. | The pattern is purely structural and does not capture semantic or pragmatic variation.,5,1.0,extracted_unchanged_from_validated_feature_card,current_ai_evidence_review
QU_29590,QU,False,29590,9,1.0,1.0800498,behavioral_function,focused_assessment,聚焦式事实与行为评估,focused_assessment,聚焦式事实与行为评估,assigned_behavior_component,how_long_how_much_how_often_questions,"The majority of sentences are questions beginning with 'how long', 'how much', 'how often', or 'how many', often asking about duration, quantity, or frequency of behaviors like drinking, drug use, or exercise. A smaller subset starts with 'can you' and requests elaboration or examples.","The sentences function as interviewer questions probing patient history, habits, and attitudes, typical of clinical or counseling intake interviews.",s001: how long has it been since you kind of drink || s016: how much do you think you're drinking,"The sentences are all questions, but the specific interrogative phrases vary; the pattern could be described as 'open-ended clinical questions'. | The sentences may reflect a structured interview protocol with sections on duration, quantity, and frequency of substance use.","The set includes a few sentences that are not questions (e.g., s009 ends with 'I don't know I'), but these are still part of the same discourse. | Some sentences are incomplete (e.g., s008 'how long has'), but they still fit the pattern.","The analysis does not account for the exact content of each question, only the initial interrogative phrase. | The behavioral function is inferred from the clinical context, but the actual function may vary.",4,1.0,extracted_unchanged_from_validated_feature_card,current_ai_evidence_review
QU_21935,QU,False,21935,10,1.0,0.9512154,behavioral_function,focused_assessment,聚焦式事实与行为评估,focused_assessment,聚焦式事实与行为评估,assigned_behavior_component,health-behavior questions,"The majority of sentences are questions about health-related behaviors (sleep, weight, alcohol, drugs, diet, exercise) and attitudes, often using 'do you' or 'have you' structures.","The sentences function as clinical or counseling interview questions, assessing patient behaviors and readiness to change.",s001: and you mentioned that you weren't sleeping too well do you have any weight changes during that time || s005: okay can I ask you do you see yourself as overweight,"The sentences are all questions, but the topics vary; the pattern may be purely interrogative syntax. | The sentences could be from a motivational interviewing session, focusing on change talk. | Some sentences are about substance use (alcohol, marijuana, smoking) specifically, suggesting a substance abuse counseling context.","The dataset may be from multiple different interviews or contexts, mixing health topics. | Transcription artifacts like 'um' and 'mm-hmm' may obscure the pattern. | Some sentences are incomplete or contain disfluencies, making categorization difficult.","Outliers include narrative statements and non-health questions, indicating the pattern is not universal. | The behavioral function interpretation relies on pragmatic inference; explicit labeling is absent.",4,0.9,extracted_unchanged_from_validated_feature_card,current_ai_evidence_review
QU_21125,QU,False,21125,11,1.0,0.94183534,behavioral_function,open_exploration,开放式经历与观点探索,open_exploration,开放式经历与观点探索,assigned_behavior_component,interviewer_questions_about_behavior_change,"The sentences are predominantly interviewer questions probing personal experiences, behaviors, and motivations related to health, lifestyle, and behavior change, often using open-ended prompts like 'can you tell me a little bit about' or 'what about'.","The sentences function as interview questions designed to elicit detailed narratives from respondents about their behaviors, decisions, and attitudes, particularly around health-related topics such as drinking, smoking, exercise, and diabetes management.",s001: okay so you said that you were a big runner what role did running play in your life || s005: can you tell me a little bit more about what you do?,"The sentences could be seen as a collection of therapeutic or counseling prompts aimed at exploring client issues. | Alternatively, they might represent a structured interview guide for a health behavior study.","The sentences are drawn from multiple interviews, so some variation in style and topic is expected. | The presence of repeated phrases like 'can you tell me a little bit about' may reflect a transcription artifact or interviewer training.","The analysis does not account for the respondent's answers, which could provide additional context. | Some sentences (e.g., s039) include informational statements rather than pure questions, but still serve an interview function.",4,1.0,extracted_unchanged_from_validated_feature_card,current_ai_evidence_review
QU_18310,QU,False,18310,12,1.0,0.9008357,behavioral_function,change_evocation,改变动机与障碍唤起,change_evocation,改变动机与障碍唤起,assigned_behavior_component,open-ended questions about change and barriers,"The majority of sentences are open-ended questions, often starting with 'what' or 'which', that ask about experiences, barriers, plans, or hypothetical scenarios related to behavior change, particularly in health or substance use contexts.","The sentences function as therapeutic or motivational interviewing probes, designed to elicit client reflection, explore ambivalence, and identify barriers to change.",s001: in what ways might your life be better if you succeed in making the changes you mentioned || s008: what was it that you know made you start back smoking again,"The sentences are all from a single therapeutic or coaching session transcript, with the therapist asking questions and occasionally making reflective statements. | The sentences are predominantly interrogative in form, with a subset being declarative statements that serve as reflections or summaries.","The dataset may be drawn from a specific domain (e.g., addiction counseling) that biases the topic and function. | Transcription artifacts (e.g., repeated words, incomplete sentences) may obscure the intended pattern.","A few sentences are declarative statements rather than questions, but they still serve a therapeutic function. | The pattern is robust across the majority of sentences.",4,1.0,extracted_unchanged_from_validated_feature_card,current_ai_evidence_review
QU_24744,QU,False,24744,13,1.0,0.8828609,behavioral_function,open_exploration,开放式经历与观点探索,open_exploration,开放式经历与观点探索,assigned_behavior_component,wh-questions,"The majority of sentences are wh-questions (what, how, why, etc.) used to elicit information, thoughts, or feelings from an interlocutor, often in a therapeutic or counseling context.","The sentences function as probing questions to explore the interlocutor's experiences, beliefs, or behaviors, typical of motivational interviewing or clinical assessment.",s001: um what do you think that there's more of more positive or negative || s009: what were you feeling right then,"The sentences are all from a single conversation or interview, possibly a medical or counseling session, where the interviewer asks questions to guide the discussion. | The pattern may reflect a linguistic template of 'what' questions used to explore specific topics like feelings, thoughts, and behaviors.","Some sentences are not questions but statements or incomplete utterances, which may be due to transcription errors or overlapping speech. | The context of the conversation is unknown; the questions may serve different functions depending on the preceding discourse.","The analysis is based solely on text without prosodic or contextual information. | Some sentences are ambiguous or incomplete, making classification difficult.",4,0.84,extracted_unchanged_from_validated_feature_card,current_ai_evidence_review
QU_12544,QU,False,12544,14,1.0,0.874358,linguistic_structure,,,question_disfluency,问句重复与不流利,assigned_nonbehavior_component,wh-word repetitions and false starts,"The sentences frequently contain repeated wh-words (e.g., 'what what', 'why why', 'how how') and false starts or self-corrections, suggesting a pattern of disfluent questioning or exploratory speech.",The available sentences do not support a stable behavioral-function interpretation.,s004: what what's what kind of drinks do you have what do you drink || s012: Emily why why did you get your lip pierced,"The sentences may be transcriptions of spontaneous speech with disfluencies, reflecting natural conversational repair. | The pattern could be an artifact of transcription where repeated words are captured verbatim.","The dataset may consist of clinical or counseling interviews where questions are rephrased for clarity. | Some sentences (e.g., s008, s017) are short and lack obvious repetitions, but still fit the overall pattern of informal questioning.","The pattern is primarily structural and does not capture semantic or functional consistency. | Some sentences (e.g., s031, s038) contain repetitions but are not questions, slightly broadening the pattern.",4,1.0,extracted_unchanged_from_validated_feature_card,current_ai_evidence_review
QU_23183,QU,False,23183,15,1.0,0.8679807,linguistic_structure,,,wh_question_form,WH 问句形式,assigned_nonbehavior_component,what-initial questions,"The majority of sentences are questions beginning with 'what', often with repetition or hesitation, and are used to elicit information, opinions, or reflections from an interlocutor.","The sentences function as open-ended probes or requests for information, typical of counseling, interviewing, or coaching contexts.","s001: What, what are your thoughts right now about some of the options out there for you to do, if, if anything? || s005: What are, what are you thinking about?","The sentences may reflect a therapeutic or motivational interviewing style, with open-ended questions to explore client perspectives. | The pattern could be a transcription artifact where many 'what' questions are from a single speaker in a dialogue, but the context is not provided.","The dataset may be drawn from a specific domain (e.g., counseling, health coaching) that naturally uses many 'what' questions. | Transcription errors or disfluencies (repetitions, false starts) may obscure the underlying pattern.","The analysis is based solely on surface form; without context, behavioral function is inferred but not confirmed. | A few sentences are statements or garbled, indicating the pattern is not universal.",4,0.92,extracted_unchanged_from_validated_feature_card,current_ai_evidence_review
QU_26144,QU,False,26144,16,1.0,0.8620236,behavioral_function,open_exploration,开放式经历与观点探索,open_exploration,开放式经历与观点探索,assigned_behavior_component,therapist_question_pattern,"The sentences are predominantly questions beginning with 'so', 'and', or 'okay so', followed by 'what do you think', 'how do you feel', or similar interrogative phrases, characteristic of therapeutic or counseling discourse aimed at eliciting client reflection.","The sentences function as open-ended questions used by a therapist or counselor to prompt the client to explore thoughts, feelings, and behaviors, facilitating self-reflection and discussion.",s007: So what do you think will help || s014: so what do you think,"The sentences could be interpreted as a collection of interview questions from a structured assessment, focusing on behavior change and coping strategies. | Alternatively, they may represent a mixed set of therapeutic prompts and self-reflective questions, with some outliers being client statements rather than therapist questions.","The dataset may include both therapist and client utterances, but the majority appear to be therapist questions. | Transcription artifacts like repeated words ('what what') or fillers ('um') may obscure the pattern.","Three sentences (s025, s044, s049) do not fit the primary pattern, suggesting minor heterogeneity. | The behavioral function is inferred from linguistic form; without context, the exact discourse role is uncertain.",4,0.94,extracted_unchanged_from_validated_feature_card,current_ai_evidence_review
QU_24943,QU,False,24943,17,1.0,0.85821545,behavioral_function,focused_assessment,聚焦式事实与行为评估,focused_assessment,聚焦式事实与行为评估,assigned_behavior_component,healthcare interview questions,"The sentences are predominantly questions asked by a healthcare professional (e.g., doctor, nurse) to a patient, covering topics such as medication adherence, substance use, diet, and symptoms. The pattern is stable across a majority of sentences, characterized by interrogative forms and direct requests for information.","The primary behavioral function is information gathering in a clinical or counseling context, likely a medical interview or health assessment.",s002: what are the not so good things if any about smoking marijuana? || s008: so what do you typically eat in the day?,"The sentences could be part of a structured survey or questionnaire, given the repeated question formats. | They might represent a mix of different interviewers or contexts, but the overall pattern remains consistent.","Some sentences (e.g., s019, s032) are not direct questions but requests, though still serve information gathering. | The set lacks non-question sentences, which might be an artifact of selection.",The analysis is based solely on text; no context about the speakers or setting is available. | The pattern is broad and could fit multiple specific clinical domains.,4,1.0,extracted_unchanged_from_validated_feature_card,current_ai_evidence_review
QU_24761,QU,False,24761,18,1.0,0.8555914,behavioral_function,open_exploration,开放式经历与观点探索,open_exploration,开放式经历与观点探索,assigned_behavior_component,open-ended_question_pattern,"The sentences are predominantly open-ended questions that ask for the listener's thoughts, actions, or experiences, often using 'what' or 'tell me about' constructions.","The sentences function as probes to elicit elaboration, reflection, or information from the listener, typical of therapeutic or coaching discourse.",s001: any other thoughts of what you might do to help you overcome this || s004: mm-hmm and have you had any thoughts yourself about what you think might be causing it,"The sentences are all questions, but some are more specific (e.g., about diet) while others are general (e.g., 'what do you think'), so the pattern may be simply 'question-asking' without a consistent behavioral function. | The sentences may reflect a specific therapeutic technique (e.g., motivational interviewing) where open-ended questions are used to explore ambivalence or elicit change talk.","The sentences are extracted from a corpus of counseling or therapy sessions, so the pattern may be an artifact of that context rather than a general linguistic feature. | Some sentences include discourse markers like 'okay', 'so', 'well' that may be transcription artifacts or conversational fillers.",The analysis is based solely on the text without prosodic or contextual information. | The sample IDs are sequential and may not represent independent utterances.,4,1.0,extracted_unchanged_from_validated_feature_card,current_ai_evidence_review
QU_22358,QU,False,22358,19,0.88,0.7961379,behavioral_function,focused_assessment,聚焦式事实与行为评估,focused_assessment,聚焦式事实与行为评估,assigned_behavior_component,questioning_pattern,"The majority of sentences are questions, often starting with wh-words (how, what, when, why) or auxiliary verbs (do, is, are), and many include discourse markers like 'okay', 'well', 'so', 'and'. The pattern reflects a conversational, information-seeking style typical of a clinical or counseling interview.","The sentences function as probing questions to gather information, clarify details, or explore patient/client experiences, consistent with a diagnostic or therapeutic interview.",s001: do you understand how important this is? || s012: Well how long ago did this all begin?,"The sentences could be part of a scripted interview or questionnaire, with many questions following a template (e.g., 'how about X', 'what about X'). | The pattern might reflect a specific conversational context, such as a medical or psychological assessment, where the interviewer asks about symptoms, history, and behaviors.","The sentences are extracted from a larger conversation, so the pattern might be influenced by the specific topic or speaker role. | Some sentences are fragments (e.g., 'two of those?', 'in the pharmacy?') that rely on prior context, which is missing.","The analysis is based solely on the provided sentences without full conversational context. | Some sentences could be interpreted as statements or exclamations in context, but here they are presented as questions.",4,1.0,extracted_unchanged_from_validated_feature_card,current_ai_evidence_review
QU_16969,QU,False,16969,20,0.98,0.783192,linguistic_structure,,,do_you_question_form,do you 助动词问句,assigned_nonbehavior_component,do_you_questions,"The majority of sentences are questions beginning with 'do you', often used in clinical or counseling contexts to ask about behaviors, beliefs, or experiences.","The sentences function as interview or assessment questions, likely from a healthcare or therapy setting, probing habits, opinions, and personal history.",s030: do you drink alcohol || s034: do you have any questions,"The sentences could be part of a structured interview or questionnaire about health behaviors, with 'do you' as a standard prompt. | The pattern might reflect a transcription artifact where only questions starting with 'do you' were selected, but the variety of topics suggests genuine diversity.","Some sentences contain transcription errors or disfluencies (e.g., 'veterinarians in' in s006) that obscure the pattern. | A few sentences (e.g., s038) are not questions but still start with 'do you', indicating a conditional or imperative use.",The analysis is based solely on the provided sentences without context of the full conversation. | The pattern is robust but the behavioral function is inferred from content; the exact setting is unknown.,5,1.0,extracted_unchanged_from_validated_feature_card,current_ai_evidence_review
QU_8658,QU,False,8658,21,1.0,0.7823935,linguistic_structure,,,wh_question_form,WH 问句形式,assigned_nonbehavior_component,how_questions,"The sentences are predominantly questions beginning with 'how' (often preceded by discourse markers like 'so', 'okay', 'um'), used to inquire about frequency, quantity, feelings, or processes in health or lifestyle contexts.","The sentences function as probing questions in a clinical or counseling interview, eliciting self-report on behaviors (drinking, smoking, exercise) and subjective states (confidence, motivation, feelings).",s001: so just drinking water so why don't we you said you've done it in the past right how do you feel about drinking five bottles || s010: okay and how often do you think you would say you're drinking,"The sentences are all questions, but the pattern is simply interrogative form without a specific discourse function. | The sentences are part of a structured interview script with fixed question templates (e.g., 'how often', 'how many', 'how do you feel').","The dataset may be from a single interview or counseling session, leading to topic homogeneity. | Transcription artifacts like repeated discourse markers ('so', 'okay') may inflate the pattern.","The pattern is primarily structural; behavioral function is inferred but not directly observable. | Some sentences (e.g., s022, s039, s043) are simple greetings, which fit the 'how' question pattern but differ in context.",4,1.0,extracted_unchanged_from_validated_feature_card,current_ai_evidence_review
QU_18730,QU,False,18730,22,0.95,0.7577622,behavioral_function,open_exploration,开放式经历与观点探索,open_exploration,开放式经历与观点探索,assigned_behavior_component,exploratory_questioning_about_patient_experience,"The majority of sentences are questions or prompts from a healthcare provider exploring a patient's symptoms, behaviors, or thoughts, often using 'what' clauses (e.g., 'what's going on', 'what you think'). The pattern reflects a collaborative diagnostic or therapeutic inquiry.","The primary behavioral function is exploratory questioning: the speaker (likely a clinician) asks open-ended questions to gather information, understand the patient's perspective, and guide discussion toward problem-solving or self-reflection.",s003: great well here's a risk assessment form it's just a few questions that might help us figure out what the problem might be || s013: I want to talk to you about some of your symptoms try to figure out what's going on with you,"The pattern could be interpreted as a linguistic structure: frequent use of 'what' clauses in interrogative or embedded forms, reflecting a template for asking about patient experiences. | Alternatively, the pattern might reflect a topic of healthcare consultations, specifically discussions about symptoms, behaviors, and treatment plans.","All sentences appear to come from a single domain (healthcare), which may inflate the apparent coherence of the pattern. | The dataset may have been pre-selected for sentences containing 'what', introducing a surface artifact bias.","The analysis is based solely on text without speaker or context metadata, limiting certainty about behavioral function. | Some sentences (e.g., s009, s014) are statements rather than questions, but still fit the broader exploratory theme.",4,1.0,extracted_unchanged_from_validated_feature_card,current_ai_evidence_review
QU_3459,QU,False,3459,23,0.95,0.75664514,linguistic_structure,,,question_disfluency,问句重复与不流利,assigned_nonbehavior_component,Wh-questions with repetition and hesitation,"The majority of sentences are wh-questions, primarily starting with 'what', often containing repetitions (e.g., 'what what', 'what are what are') and hesitation markers (e.g., 'if, if', 'and, and, and'). These features suggest spontaneous speech or conversational discourse.","The sentences function as requests for information or clarification, typical of interview or counseling contexts where the speaker prompts the interlocutor to elaborate.","s001: What what do you think || s005: What, what thoughts do you have about how you might go about balancing that and, and, and thinking about, thinking about that?","The sentences are all questions, but the pattern is simply 'wh-questions' without emphasis on repetition. | The sentences are from a transcript of a medical or counseling interview, where the interviewer asks open-ended questions. | The pattern is a surface artifact of speech disfluencies transcribed verbatim.","The dataset may be a mix of different speakers or contexts, causing variation in question types. | Some sentences are incomplete or fragmented, making pattern detection harder. | The presence of 'what' in many sentences may be coincidental due to the topic.","The analysis is based solely on surface form and does not account for deeper pragmatic functions. | Outliers like s029 and s030 show that not all sentences are direct questions, limiting coverage.",4,0.92,extracted_unchanged_from_validated_feature_card,current_ai_evidence_review
QU_21859,QU,False,21859,24,0.97,0.7493234,behavioral_function,focused_assessment,聚焦式事实与行为评估,focused_assessment,聚焦式事实与行为评估,assigned_behavior_component,wh-questions about personal history and habits,"The majority of sentences are wh-questions (how, what, when, why, do) asking about personal history, habits, or experiences, often in a clinical or counseling context.","The sentences function as diagnostic or exploratory questions, likely from a healthcare or therapy setting, aimed at gathering information about a patient's behavior, history, or feelings.",s002: do you drink alcohol || s005: when did you start,"The sentences are from a clinical interview about substance use and mental health, with questions about alcohol, drugs, and feelings. | The sentences are a mix of scripted and spontaneous questions from a medical or therapy session, with some transcription errors or interruptions.","Transcription artifacts (e.g., incomplete sentences, repetitions) may obscure the pattern. | The presence of patient responses embedded in some questions (e.g., s009, s012) suggests mixed speaker turns.","Some sentences are ungrammatical or fragmented, making pattern identification difficult. | The set includes a few sentences that are not questions (e.g., s020 fragment) or are complex narratives.",4,0.84,extracted_unchanged_from_validated_feature_card,current_ai_evidence_review
QU_21203,QU,False,21203,25,0.86,0.7298662,behavioral_function,change_evocation,改变动机与障碍唤起,change_evocation,改变动机与障碍唤起,assigned_behavior_component,therapeutic_questioning_pattern,"The sentences predominantly consist of open-ended questions used in a therapeutic or counseling context to explore client behaviors, feelings, and plans, often starting with 'how', 'what', or 'so'.","The primary behavioral function is to elicit reflection, explore ambivalence, and guide behavior change, typical of motivational interviewing or cognitive-behavioral therapy.",s001: you also mentioned that smoking is a way to manage your weight and concern that if you are we're going to quit smoking what that would do in terms of gaining weight and that smoking after meals is pleasurable that it's something that would be really hard to give up || s016: right and then with the respect one of the things you mentioned is really wanting to respect yourself and not sort of cross boundaries not sort of cross lines how do you think that the drinking fits in with that,"The sentences may reflect a general pattern of exploratory questioning in any conversational context, not specifically therapeutic. | The pattern could be an artifact of transcription from a structured interview protocol with fixed question templates.","The dataset may be drawn from a specific therapeutic session, biasing the pattern toward counseling questions. | Transcription errors or incomplete utterances (e.g., s042) may obscure the pattern.","A few sentences are not questions (s005, s012, s025, s042), indicating the pattern is not universal. | The behavioral function interpretation relies on pragmatic inference; without context, the exact function is uncertain.",4,0.92,extracted_unchanged_from_validated_feature_card,current_ai_evidence_review
QU_32508,QU,False,32508,26,0.82,0.7292339,behavioral_function,open_exploration,开放式经历与观点探索,open_exploration,开放式经历与观点探索,assigned_behavior_component,therapeutic_questioning,"The sentences are predominantly open-ended questions used in a therapeutic or counseling context to elicit personal information, reflections, or behavioral patterns from a client.","The primary behavioral function is to gather information and encourage self-disclosure, typical of clinical interviews or motivational interviewing.",s001: good what would you say is your biggest challenge for keeping it well controlled || s005: and what do you like to do for fun?,The sentences could be from a structured interview protocol for substance use or mental health assessment. | They might represent a coaching or motivational interviewing session focused on behavior change.,"Some sentences (s012, s018) are less typical of therapeutic discourse, possibly from different contexts. | The set includes both formal and informal language, suggesting multiple speakers or settings.",The analysis is based solely on text without prosodic or contextual cues. | The sample may include sentences from different stages of an interview.,4,0.96,extracted_unchanged_from_validated_feature_card,current_ai_evidence_review
QUO_9959,QUO,True,9959,1,1.0,1.7623034,behavioral_function,open_exploration,开放式经历与观点探索,open_exploration,开放式经历与观点探索,assigned_behavior_component,open-ended questions about personal experiences,"The majority of sentences are open-ended questions that ask about personal experiences, habits, preferences, or reasons, often starting with 'what', 'how', 'why', or 'so'. They are typical of a conversational or clinical interview setting.","The sentences function as probes to elicit information from a respondent, likely in a therapeutic or counseling context, aimed at exploring behaviors, feelings, and decision-making.",s001: What kind of dog do you have? || s010: okay well let's just start a little bit by talking about your cravings the cravings themselves when you wake up in the morning you start your day when does a typical cravings start for you,"The sentences are all questions, but some are closed-ended (e.g., 'how many') while most are open-ended. | The sentences are from a medical or therapeutic intake interview, focusing on health behaviors like smoking, drinking, and exercise. | The sentences exhibit a pattern of using discourse markers like 'so', 'okay', 'well' to initiate questions.","The set includes a few non-question sentences (s008, s038, s043) that may be transcription errors or different contexts. | Some questions are very similar (e.g., s004 and s005) which might inflate the pattern's apparent consistency. | The presence of first-person question (s038) and fragmented sentence (s043) suggests possible annotation noise.","The analysis is based solely on text without prosodic or contextual cues. | The set may be drawn from multiple speakers or sessions, introducing variability.",4,0.94,extracted_unchanged_from_validated_feature_card,current_ai_evidence_review
QUO_664,QUO,True,664,2,1.0,1.6974965,behavioral_function,,,,,behavior_unassigned,motivational_interviewing_scale_questions,"The sentences predominantly consist of questions that ask about importance, confidence, readiness, or motivation using a numerical scale (e.g., 1-10 or 0-10), typical of motivational interviewing techniques.","The sentences function as structured probes to elicit self-assessed motivation, confidence, or readiness for behavior change, often used in counseling or health coaching contexts.",s004: so on a scale of zero to 100 how important do you think it is for you to make this change || s009: and how confident would you say you are right in this moment that you'd be able to make this change and we'll do the same zero to ten scale,"The sentences are a collection of open-ended and scaled questions about behavior change, but the scaled questions are not the majority. | The sentences represent a mix of assessment and counseling questions, with no single dominant pattern.","The dataset may include multiple interviewers or contexts, leading to variation in question types. | Some sentences are incomplete or contain transcription errors, making pattern detection harder.","A significant number of sentences (21 out of 50) do not include a numerical scale, weakening the primary pattern. | The behavioral function is inferred from content but not validated by external context.",3,0.58,extracted_unchanged_from_validated_feature_card,current_ai_evidence_review
QUO_13430,QUO,True,13430,3,1.0,1.6755173,behavioral_function,focused_assessment,聚焦式数量与病史询问,focused_assessment,聚焦式数量与病史询问,assigned_behavior_component,clinical_questions,"The sentences are predominantly questions asked by a healthcare professional (likely a therapist or doctor) during a clinical or counseling session, covering topics such as substance use, mental health, lifestyle, and treatment motivation.","The primary behavioral function is information gathering and therapeutic probing, as the questions aim to assess patient history, motivation, and readiness for change.",s001: Did you come here for a prescription for anti-depressants? || s003: OK we've talked about the alcohol do you use any other drugs besides our whole you know like cannabis cocaine and veterinarians in,"The sentences could be from a structured interview or questionnaire, given the variety of topics and question formats. | They might represent a mix of different clinical contexts (e.g., addiction counseling, general practice, mental health) rather than a single session.","The sentences are decontextualized, so the exact setting (e.g., therapy, medical intake, research interview) is uncertain. | Some sentences (e.g., s020 'did I get that right') could be from a different interaction type, but still fit the clinical pattern.","The analysis assumes a clinical setting, but without metadata, other contexts (e.g., coaching, social work) are possible. | The pattern is broad; more specific sub-patterns (e.g., motivational interviewing vs. diagnostic interview) cannot be distinguished.",4,1.0,extracted_unchanged_from_validated_feature_card,current_ai_evidence_review
QUO_23183,QUO,True,23183,4,1.0,1.3388325,linguistic_structure,,,what_question_template,what 问句模板,assigned_nonbehavior_component,what-initial questions,"The majority of sentences are questions beginning with 'what', often with repetition or hesitation, and are used to elicit information, opinions, or reflections from an interlocutor.","The sentences function as open-ended probes or requests for information, typical of counseling, interviewing, or coaching contexts.","s001: What, what are your thoughts right now about some of the options out there for you to do, if, if anything? || s005: What are, what are you thinking about?","The sentences may reflect a therapeutic or motivational interviewing style, with open-ended questions to explore client perspectives. | The pattern could be a transcription artifact where many 'what' questions are from a single speaker in a dialogue, but the context is not provided.","The dataset may be drawn from a specific domain (e.g., counseling, health coaching) that naturally uses many 'what' questions. | Transcription errors or disfluencies (repetitions, false starts) may obscure the underlying pattern.","The analysis is based solely on surface form; without context, behavioral function is inferred but not confirmed. | A few sentences are statements or garbled, indicating the pattern is not universal.",4,0.92,extracted_unchanged_from_validated_feature_card,current_ai_evidence_review
QUO_26485,QUO,True,26485,5,1.0,1.3121221,behavioral_function,open_exploration,开放式经历与观点探索,open_exploration,开放式经历与观点探索,assigned_behavior_component,how_questions,"The majority of sentences are questions beginning with 'how', 'what', or 'can', often used to elicit information, opinions, or feelings from the addressee.","The sentences function as requests for information or reflection, typical of counseling or coaching contexts.",s005: how do you feel about that || s013: how do you think you might use it?,"The sentences are all questions, but some are self-directed (e.g., s001, s029) while most are other-directed. | The sentences are from a therapeutic or motivational interviewing setting, focusing on behavior change (e.g., alcohol, exercise).","The dataset may be from a specific domain (e.g., addiction counseling) which influences the question types. | Some sentences are incomplete or contain disfluencies (e.g., s003, s028) which may be transcription artifacts.","Two sentences (s023, s029) do not fit the primary pattern of second-person questions. | The behavioral function is inferred from the question form but not explicitly confirmed.",4,0.96,extracted_unchanged_from_validated_feature_card,current_ai_evidence_review
QUO_24744,QUO,True,24744,6,1.0,1.2973925,behavioral_function,open_exploration,开放式经历与观点探索,open_exploration,开放式经历与观点探索,assigned_behavior_component,wh-questions,"The majority of sentences are wh-questions (what, how, why, etc.) used to elicit information, thoughts, or feelings from an interlocutor, often in a therapeutic or counseling context.","The sentences function as probing questions to explore the interlocutor's experiences, beliefs, or behaviors, typical of motivational interviewing or clinical assessment.",s001: um what do you think that there's more of more positive or negative || s009: what were you feeling right then,"The sentences are all from a single conversation or interview, possibly a medical or counseling session, where the interviewer asks questions to guide the discussion. | The pattern may reflect a linguistic template of 'what' questions used to explore specific topics like feelings, thoughts, and behaviors.","Some sentences are not questions but statements or incomplete utterances, which may be due to transcription errors or overlapping speech. | The context of the conversation is unknown; the questions may serve different functions depending on the preceding discourse.","The analysis is based solely on text without prosodic or contextual information. | Some sentences are ambiguous or incomplete, making classification difficult.",4,0.84,extracted_unchanged_from_validated_feature_card,current_ai_evidence_review
QUO_11660,QUO,True,11660,7,1.0,1.2639519,linguistic_structure,,,wh_question_disfluency,WH 问句与不流利结构,assigned_nonbehavior_component,wh_questions_with_would,"The majority of sentences are wh-questions (what, how, where, when, why) that use the modal 'would' to ask about preferences, hypothetical actions, or opinions. This pattern is consistent across diverse topics and contexts.","The sentences function as probing questions, likely from a counselor or interviewer, aimed at eliciting the respondent's thoughts, feelings, or plans regarding behavior change or personal goals.",s002: What would you say? || s017: what would you like to talk about,"The sentences are all questions, but some use 'would' while others use other modals or tenses, suggesting a broader pattern of interrogative forms. | The sentences may reflect a therapeutic or coaching discourse where the speaker asks open-ended questions to explore the client's perspective.","The dataset may be drawn from a specific domain (e.g., counseling, health coaching) that naturally uses many 'would' questions. | Transcription artifacts or incomplete sentences may obscure the pattern.","Outliers include statements, non-'would' questions, and fragments that do not fit the primary pattern. | The pattern is structural and does not capture the full functional diversity of the sentences.",4,0.84,extracted_unchanged_from_validated_feature_card,current_ai_evidence_review
QUO_18310,QUO,True,18310,8,1.0,1.2511157,behavioral_function,change_evocation,改变动机与差距探索,change_evocation,改变动机与差距探索,assigned_behavior_component,open-ended questions about change and barriers,"The majority of sentences are open-ended questions, often starting with 'what' or 'which', that ask about experiences, barriers, plans, or hypothetical scenarios related to behavior change, particularly in health or substance use contexts.","The sentences function as therapeutic or motivational interviewing probes, designed to elicit client reflection, explore ambivalence, and identify barriers to change.",s001: in what ways might your life be better if you succeed in making the changes you mentioned || s008: what was it that you know made you start back smoking again,"The sentences are all from a single therapeutic or coaching session transcript, with the therapist asking questions and occasionally making reflective statements. | The sentences are predominantly interrogative in form, with a subset being declarative statements that serve as reflections or summaries.","The dataset may be drawn from a specific domain (e.g., addiction counseling) that biases the topic and function. | Transcription artifacts (e.g., repeated words, incomplete sentences) may obscure the intended pattern.","A few sentences are declarative statements rather than questions, but they still serve a therapeutic function. | The pattern is robust across the majority of sentences.",4,1.0,extracted_unchanged_from_validated_feature_card,current_ai_evidence_review
QUO_24761,QUO,True,24761,9,1.0,1.2193291,behavioral_function,open_exploration,开放式经历与观点探索,open_exploration,开放式经历与观点探索,assigned_behavior_component,open-ended_question_pattern,"The sentences are predominantly open-ended questions that ask for the listener's thoughts, actions, or experiences, often using 'what' or 'tell me about' constructions.","The sentences function as probes to elicit elaboration, reflection, or information from the listener, typical of therapeutic or coaching discourse.",s001: any other thoughts of what you might do to help you overcome this || s004: mm-hmm and have you had any thoughts yourself about what you think might be causing it,"The sentences are all questions, but some are more specific (e.g., about diet) while others are general (e.g., 'what do you think'), so the pattern may be simply 'question-asking' without a consistent behavioral function. | The sentences may reflect a specific therapeutic technique (e.g., motivational interviewing) where open-ended questions are used to explore ambivalence or elicit change talk.","The sentences are extracted from a corpus of counseling or therapy sessions, so the pattern may be an artifact of that context rather than a general linguistic feature. | Some sentences include discourse markers like 'okay', 'so', 'well' that may be transcription artifacts or conversational fillers.",The analysis is based solely on the text without prosodic or contextual information. | The sample IDs are sequential and may not represent independent utterances.,4,1.0,extracted_unchanged_from_validated_feature_card,current_ai_evidence_review
QUO_27061,QUO,True,27061,10,1.0,1.1748339,behavioral_function,change_evocation,改变动机与差距探索,change_evocation,改变动机与差距探索,assigned_behavior_component,therapeutic_questioning,"The sentences are predominantly open-ended questions used in a therapeutic or counseling context to elicit information, explore ambivalence, or encourage reflection about health behaviors (e.g., smoking, drinking, exercise).","The primary behavioral function is eliciting client self-exploration and information gathering, typical of motivational interviewing or clinical assessment.",s001: do you know of any thing that will help you quit smoking? || s002: so what would be some of the positives some of the good things about quitting based on what you told me here today,The sentences could be seen as a collection of generic interview questions without a specific therapeutic framework. | They might represent a mix of assessment and intervention techniques from different clinical approaches.,"The sample may be drawn from a single transcript of a motivational interviewing session, which would explain the uniformity. | Some sentences (e.g., s005, s018) are less directive but still fit the overall questioning pattern.","The analysis is based solely on text without context of speaker or prior utterances. | Some sentences (e.g., s015) contain transcription artifacts that may obscure meaning.",4,1.0,extracted_unchanged_from_validated_feature_card,current_ai_evidence_review
QUO_10916,QUO,True,10916,11,1.0,1.1628616,behavioral_function,,,,,behavior_unassigned,health-related open-ended questions,"The majority of sentences are open-ended questions about health behaviors, habits, or personal experiences, often using discourse markers like 'okay', 'so', and 'how' or 'what' to elicit information.","The sentences function as probing questions in a clinical or counseling context, aimed at assessing patient motivation, confidence, or behavior change readiness.",s001: okay so what other things can you tell me about that might affect your blood pressure || s014: okay so how confident are you that you can make these changes on a scale of one to ten one being not confident at all and ten being the most confident you've ever felt,"The sentences are all questions, but some are not health-related (e.g., s004, s025), suggesting a broader interview context. | The pattern may be an artifact of a specific data collection protocol (e.g., motivational interviewing) rather than a stable linguistic feature.","The dataset may include multiple interviewers or contexts, leading to variation in question style. | Some sentences are incomplete or truncated, making interpretation ambiguous.","A few sentences deviate from the health-question pattern, indicating the pattern is not universal. | The behavioral function is inferred from content and discourse markers, but actual context is unknown.",4,0.92,extracted_unchanged_from_validated_feature_card,current_ai_evidence_review
QUO_18730,QUO,True,18730,12,1.0,1.1618813,behavioral_function,open_exploration,开放式经历与观点探索,open_exploration,开放式经历与观点探索,assigned_behavior_component,exploratory_questioning_about_patient_experience,"The majority of sentences are questions or prompts from a healthcare provider exploring a patient's symptoms, behaviors, or thoughts, often using 'what' clauses (e.g., 'what's going on', 'what you think'). The pattern reflects a collaborative diagnostic or therapeutic inquiry.","The primary behavioral function is exploratory questioning: the speaker (likely a clinician) asks open-ended questions to gather information, understand the patient's perspective, and guide discussion toward problem-solving or self-reflection.",s003: great well here's a risk assessment form it's just a few questions that might help us figure out what the problem might be || s013: I want to talk to you about some of your symptoms try to figure out what's going on with you,"The pattern could be interpreted as a linguistic structure: frequent use of 'what' clauses in interrogative or embedded forms, reflecting a template for asking about patient experiences. | Alternatively, the pattern might reflect a topic of healthcare consultations, specifically discussions about symptoms, behaviors, and treatment plans.","All sentences appear to come from a single domain (healthcare), which may inflate the apparent coherence of the pattern. | The dataset may have been pre-selected for sentences containing 'what', introducing a surface artifact bias.","The analysis is based solely on text without speaker or context metadata, limiting certainty about behavioral function. | Some sentences (e.g., s009, s014) are statements rather than questions, but still fit the broader exploratory theme.",4,1.0,extracted_unchanged_from_validated_feature_card,current_ai_evidence_review
QUO_21125,QUO,True,21125,13,1.0,1.1329104,behavioral_function,open_exploration,开放式经历与观点探索,open_exploration,开放式经历与观点探索,assigned_behavior_component,interviewer_questions_about_behavior_change,"The sentences are predominantly interviewer questions probing personal experiences, behaviors, and motivations related to health, lifestyle, and behavior change, often using open-ended prompts like 'can you tell me a little bit about' or 'what about'.","The sentences function as interview questions designed to elicit detailed narratives from respondents about their behaviors, decisions, and attitudes, particularly around health-related topics such as drinking, smoking, exercise, and diabetes management.",s001: okay so you said that you were a big runner what role did running play in your life || s005: can you tell me a little bit more about what you do?,"The sentences could be seen as a collection of therapeutic or counseling prompts aimed at exploring client issues. | Alternatively, they might represent a structured interview guide for a health behavior study.","The sentences are drawn from multiple interviews, so some variation in style and topic is expected. | The presence of repeated phrases like 'can you tell me a little bit about' may reflect a transcription artifact or interviewer training.","The analysis does not account for the respondent's answers, which could provide additional context. | Some sentences (e.g., s039) include informational statements rather than pure questions, but still serve an interview function.",4,1.0,extracted_unchanged_from_validated_feature_card,current_ai_evidence_review
QUO_3459,QUO,True,3459,14,1.0,1.1059489,linguistic_structure,,,wh_question_disfluency,WH 问句与不流利结构,assigned_nonbehavior_component,Wh-questions with repetition and hesitation,"The majority of sentences are wh-questions, primarily starting with 'what', often containing repetitions (e.g., 'what what', 'what are what are') and hesitation markers (e.g., 'if, if', 'and, and, and'). These features suggest spontaneous speech or conversational discourse.","The sentences function as requests for information or clarification, typical of interview or counseling contexts where the speaker prompts the interlocutor to elaborate.","s001: What what do you think || s005: What, what thoughts do you have about how you might go about balancing that and, and, and thinking about, thinking about that?","The sentences are all questions, but the pattern is simply 'wh-questions' without emphasis on repetition. | The sentences are from a transcript of a medical or counseling interview, where the interviewer asks open-ended questions. | The pattern is a surface artifact of speech disfluencies transcribed verbatim.","The dataset may be a mix of different speakers or contexts, causing variation in question types. | Some sentences are incomplete or fragmented, making pattern detection harder. | The presence of 'what' in many sentences may be coincidental due to the topic.","The analysis is based solely on surface form and does not account for deeper pragmatic functions. | Outliers like s029 and s030 show that not all sentences are direct questions, limiting coverage.",4,0.92,extracted_unchanged_from_validated_feature_card,current_ai_evidence_review
QUO_21203,QUO,True,21203,15,1.0,1.1047295,behavioral_function,change_evocation,改变动机与差距探索,change_evocation,改变动机与差距探索,assigned_behavior_component,therapeutic_questioning_pattern,"The sentences predominantly consist of open-ended questions used in a therapeutic or counseling context to explore client behaviors, feelings, and plans, often starting with 'how', 'what', or 'so'.","The primary behavioral function is to elicit reflection, explore ambivalence, and guide behavior change, typical of motivational interviewing or cognitive-behavioral therapy.",s001: you also mentioned that smoking is a way to manage your weight and concern that if you are we're going to quit smoking what that would do in terms of gaining weight and that smoking after meals is pleasurable that it's something that would be really hard to give up || s016: right and then with the respect one of the things you mentioned is really wanting to respect yourself and not sort of cross boundaries not sort of cross lines how do you think that the drinking fits in with that,"The sentences may reflect a general pattern of exploratory questioning in any conversational context, not specifically therapeutic. | The pattern could be an artifact of transcription from a structured interview protocol with fixed question templates.","The dataset may be drawn from a specific therapeutic session, biasing the pattern toward counseling questions. | Transcription errors or incomplete utterances (e.g., s042) may obscure the pattern.","A few sentences are not questions (s005, s012, s025, s042), indicating the pattern is not universal. | The behavioral function interpretation relies on pragmatic inference; without context, the exact function is uncertain.",4,0.92,extracted_unchanged_from_validated_feature_card,current_ai_evidence_review
QUO_19840,QUO,True,19840,16,1.0,1.0725625,behavioral_function,open_exploration,开放式经历与观点探索,open_exploration,开放式经历与观点探索,assigned_behavior_component,open-ended_questions_about_experience,"The majority of sentences are open-ended questions asking the interlocutor to describe their experiences, preferences, or reasons, often using 'what' or 'tell me' constructions.","The sentences function as therapeutic or counseling prompts to elicit information, explore motivations, or encourage reflection.","s001: so interms of making a change what are some of the things that you'd be willing to do in order to make that happen || s005: I haven't look in your file, what brings you in today?","The sentences are all from a medical or therapeutic intake interview, focusing on patient history and behavior change. | The sentences exhibit a pattern of using 'what' as a question word to probe for specific information.","Some sentences are statements or commands, not questions, which may reflect different discourse functions. | The dataset may include multiple speakers or contexts, mixing therapeutic and administrative language.","Outlier sentences include scheduling, affirmations, and narrative statements that do not fit the question pattern. | The behavioral function may be inferred but is not explicitly labeled in the data.",4,0.74,extracted_unchanged_from_validated_feature_card,current_ai_evidence_review
QUO_32508,QUO,True,32508,17,1.0,1.0506935,behavioral_function,open_exploration,开放式经历与观点探索,open_exploration,开放式经历与观点探索,assigned_behavior_component,therapeutic_questioning,"The sentences are predominantly open-ended questions used in a therapeutic or counseling context to elicit personal information, reflections, or behavioral patterns from a client.","The primary behavioral function is to gather information and encourage self-disclosure, typical of clinical interviews or motivational interviewing.",s001: good what would you say is your biggest challenge for keeping it well controlled || s005: and what do you like to do for fun?,The sentences could be from a structured interview protocol for substance use or mental health assessment. | They might represent a coaching or motivational interviewing session focused on behavior change.,"Some sentences (s012, s018) are less typical of therapeutic discourse, possibly from different contexts. | The set includes both formal and informal language, suggesting multiple speakers or settings.",The analysis is based solely on text without prosodic or contextual cues. | The sample may include sentences from different stages of an interview.,4,0.96,extracted_unchanged_from_validated_feature_card,current_ai_evidence_review
QUO_12544,QUO,True,12544,18,1.0,1.0363835,linguistic_structure,,,wh_question_disfluency,WH 问句与不流利结构,assigned_nonbehavior_component,wh-word repetitions and false starts,"The sentences frequently contain repeated wh-words (e.g., 'what what', 'why why', 'how how') and false starts or self-corrections, suggesting a pattern of disfluent questioning or exploratory speech.",The available sentences do not support a stable behavioral-function interpretation.,s004: what what's what kind of drinks do you have what do you drink || s012: Emily why why did you get your lip pierced,"The sentences may be transcriptions of spontaneous speech with disfluencies, reflecting natural conversational repair. | The pattern could be an artifact of transcription where repeated words are captured verbatim.","The dataset may consist of clinical or counseling interviews where questions are rephrased for clarity. | Some sentences (e.g., s008, s017) are short and lack obvious repetitions, but still fit the overall pattern of informal questioning.","The pattern is primarily structural and does not capture semantic or functional consistency. | Some sentences (e.g., s031, s038) contain repetitions but are not questions, slightly broadening the pattern.",4,1.0,extracted_unchanged_from_validated_feature_card,current_ai_evidence_review
QUO_14833,QUO,True,14833,19,1.0,0.9815065,linguistic_structure,,,what_question_template,what 问句模板,assigned_nonbehavior_component,what_do_you_questions,"The majority of sentences are questions beginning with 'what do you' or 'what does', often with discourse markers like 'so', 'and', 'okay', or 'um'. They are typically open-ended questions asking for opinions, thoughts, or actions.","The sentences function as therapeutic or conversational prompts to elicit client responses, such as asking for opinions, feelings, or plans.",s003: What do you think? || s012: so what do you think,"The sentences are all questions, but the pattern is simply interrogative form without a specific lexical template. | The sentences are from a therapeutic context, focusing on client introspection and goal-setting. | The pattern is a surface artifact of transcription, where many questions begin with discourse markers like 'so' or 'okay'.","Some sentences (e.g., s034, s039, s041) use 'what does' instead of 'what do you', slightly breaking the lexical pattern. | The dataset may be from a single domain (therapy), limiting generalizability. | Incomplete sentences (e.g., s006, s007) may be transcription artifacts.","The pattern is primarily lexical and syntactic; behavioral function is inferred but not directly observed. | Some sentences are fragments or have false starts, making pattern identification less precise.",4,1.0,extracted_unchanged_from_validated_feature_card,current_ai_evidence_review
QUO_26144,QUO,True,26144,20,1.0,0.9762702,behavioral_function,open_exploration,开放式经历与观点探索,open_exploration,开放式经历与观点探索,assigned_behavior_component,therapist_question_pattern,"The sentences are predominantly questions beginning with 'so', 'and', or 'okay so', followed by 'what do you think', 'how do you feel', or similar interrogative phrases, characteristic of therapeutic or counseling discourse aimed at eliciting client reflection.","The sentences function as open-ended questions used by a therapist or counselor to prompt the client to explore thoughts, feelings, and behaviors, facilitating self-reflection and discussion.",s007: So what do you think will help || s014: so what do you think,"The sentences could be interpreted as a collection of interview questions from a structured assessment, focusing on behavior change and coping strategies. | Alternatively, they may represent a mixed set of therapeutic prompts and self-reflective questions, with some outliers being client statements rather than therapist questions.","The dataset may include both therapist and client utterances, but the majority appear to be therapist questions. | Transcription artifacts like repeated words ('what what') or fillers ('um') may obscure the pattern.","Three sentences (s025, s044, s049) do not fit the primary pattern, suggesting minor heterogeneity. | The behavioral function is inferred from linguistic form; without context, the exact discourse role is uncertain.",4,0.94,extracted_unchanged_from_validated_feature_card,current_ai_evidence_review
QUO_29590,QUO,True,29590,21,1.0,0.94808036,behavioral_function,focused_assessment,聚焦式数量与病史询问,focused_assessment,聚焦式数量与病史询问,assigned_behavior_component,how_long_how_much_how_often_questions,"The majority of sentences are questions beginning with 'how long', 'how much', 'how often', or 'how many', often asking about duration, quantity, or frequency of behaviors like drinking, drug use, or exercise. A smaller subset starts with 'can you' and requests elaboration or examples.","The sentences function as interviewer questions probing patient history, habits, and attitudes, typical of clinical or counseling intake interviews.",s001: how long has it been since you kind of drink || s016: how much do you think you're drinking,"The sentences are all questions, but the specific interrogative phrases vary; the pattern could be described as 'open-ended clinical questions'. | The sentences may reflect a structured interview protocol with sections on duration, quantity, and frequency of substance use.","The set includes a few sentences that are not questions (e.g., s009 ends with 'I don't know I'), but these are still part of the same discourse. | Some sentences are incomplete (e.g., s008 'how long has'), but they still fit the pattern.","The analysis does not account for the exact content of each question, only the initial interrogative phrase. | The behavioral function is inferred from the clinical context, but the actual function may vary.",4,1.0,extracted_unchanged_from_validated_feature_card,current_ai_evidence_review
QUO_12340,QUO,True,12340,22,0.98,0.92280924,linguistic_structure,,,,,nonbehavior_isolated_or_unresolved,do_you_questions,"All sentences begin with 'do you' and are questions, forming a stable linguistic pattern of interrogative structures used to ask about personal experiences, opinions, or actions.","The sentences function as interview or clinical assessment questions, eliciting information about the addressee's thoughts, feelings, behaviors, or medical history.",s001: do you think that this will be helpful I'm black Franny || s008: do you drink alcohol,"The sentences are all questions but vary in topic, suggesting a mixed topical pattern. | The sentences may reflect a specific discourse context such as therapy or medical intake, but this is not directly observable from the text alone.","The pattern may be an artifact of data collection focusing on question-answer pairs. | Some sentences contain transcription errors or incomplete phrases (e.g., s004, s048) that do not affect the initial 'do you' pattern.",The behavioral function is inferred but not explicitly confirmed by context. | The pattern is purely structural and does not capture semantic or pragmatic variation.,5,1.0,extracted_unchanged_from_validated_feature_card,current_ai_evidence_review
QUO_19038,QUO,True,19038,23,0.99,0.91704553,behavioral_function,open_exploration,开放式经历与观点探索,open_exploration,开放式经历与观点探索,assigned_behavior_component,wh-questions with discourse markers,"The majority of sentences are questions beginning with 'what' or other wh-words, often preceded by discourse markers like 'yeah', 'well', 'um', 'so', or 'but'. These questions typically seek information, clarification, or reflection on personal experiences, behaviors, or opinions.","The sentences function as probing questions, likely from a therapist or counselor, aimed at eliciting self-reflection or information from a client. The frequent use of 'what' questions and discourse markers suggests a conversational, exploratory style.","s004: yeah what do you think needs to be different in order for you to feel more confident about successfully being able to take a brief break || s015: Well, what can be more important to you than the health of your child?","The sentences are all from a therapeutic or coaching context, focusing on behavior change and self-reflection. | The pattern is purely linguistic: sentences are questions starting with 'what' or other wh-words, often with initial discourse markers. | The sentences are fragments or incomplete questions, possibly due to transcription errors or conversational interruptions.","The dataset may be from a specific domain (e.g., motivational interviewing) that naturally uses many 'what' questions. | Transcription artifacts (e.g., missing punctuation, false starts) may obscure the pattern. | Some sentences are not complete questions (e.g., s042, s044) but still contain wh-words.","A few sentences (e.g., s042, s044) are not clearly questions, but they still contain 'what' or other wh-words. | The behavioral function interpretation relies on context not provided in the sentences alone.",4,1.0,extracted_unchanged_from_validated_feature_card,current_ai_evidence_review
QUO_8191,QUO,True,8191,24,1.0,0.9074972,linguistic_structure,,,what_question_template,what 问句模板,assigned_nonbehavior_component,wh-questions about topics,"The majority of sentences are wh-questions (what, how, can you) asking about topics such as actions, experiences, preferences, or problems. They typically start with 'what kind of', 'what sorts of', 'how are you', or 'what would'.","The sentences function as open-ended questions, likely from a clinical or counseling context, aimed at eliciting information or reflection from a respondent.",s003: what kind of dogs || s006: what kind of grades do you get,"The sentences are all questions, but some are more conversational (e.g., 'how are you') while others are more specific (e.g., 'what kind of grades'). | The sentences may be from a medical or therapeutic interview, focusing on health behaviors and feelings.","Some sentences are incomplete or contain disfluencies (e.g., s005, s015, s031). | The set includes a few sentences that are not strictly questions (e.g., s020 includes a statement).",The analysis does not capture the specific topic variation across sentences. | Some sentences are fragments or have mixed structures.,4,1.0,extracted_unchanged_from_validated_feature_card,current_ai_evidence_review
QUO_6129,QUO,True,6129,25,1.0,0.9057933,linguistic_structure,,,what_question_template,what 问句模板,assigned_nonbehavior_component,what_do_you_think_questions,"The majority of sentences are questions beginning with or containing the phrase 'what do you think', often preceded by discourse markers like 'so', 'okay', or 'and'. These are open-ended questions asking for the listener's opinion, belief, or evaluation on a topic.","The sentences function as probes to elicit the listener's perspective, commonly used in therapeutic or counseling contexts to encourage reflection and self-disclosure.",s005: So what do you think will help || s015: so what do you think,"The sentences could be interpreted as a set of prompts used in motivational interviewing, focusing on eliciting change talk. | Alternatively, they may represent a generic pattern of opinion-seeking questions in conversational English, not specific to any context.","The dataset may be drawn from a single therapeutic or counseling session, leading to a homogeneous discourse pattern. | Transcription artifacts like repeated words ('what what') or missing punctuation could affect interpretation.","The pattern is very broad; almost all sentences fit, so it may not be discriminative. | No sentences are outliers, which may indicate the pattern is too inclusive.",4,1.0,extracted_unchanged_from_validated_feature_card,current_ai_evidence_review
QUO_18990,QUO,True,18990,26,1.0,0.8980178,behavioral_function,change_evocation,改变动机与差距探索,change_evocation,改变动机与差距探索,assigned_behavior_component,therapeutic_what_questions,"The majority of sentences are open-ended questions beginning with 'what' (often 'what would', 'what do you think', 'what might'), used in a therapeutic or counseling context to explore patient perspectives, possibilities, and consequences.","The sentences function as exploratory or motivational interviewing questions, designed to elicit patient reflection, self-assessment, and commitment to change.",s001: and I'm wondering what would make that difference between then and now || s003: so what would have to happen for you to know that this is a problem or move higher up on the scale of how serious,"The sentences are all from a single therapeutic session transcript, showing a consistent interviewer style. | The pattern is purely linguistic: sentences predominantly start with 'so what' or 'and what', forming a template for open-ended questions. | The sentences reflect a specific stage in motivational interviewing (evoking change talk).","Some sentences are statements or patient responses, not questions (e.g., s025, s037, s048). | The dataset may be from a single domain (health counseling), limiting generalizability. | Transcription artifacts (e.g., repetitions, false starts) may obscure the pattern.","The analysis is based on text only, without prosodic or contextual cues. | The sample IDs are sequential, suggesting a single conversation, which may inflate pattern consistency.",4,1.0,extracted_unchanged_from_validated_feature_card,current_ai_evidence_review
QUO_12337,QUO,True,12337,27,0.99,0.89601827,linguistic_structure,,,what_question_template,what 问句模板,assigned_nonbehavior_component,what_do_you_do_questions,"The majority of sentences are questions asking about actions, preferences, or plans, often using the pattern 'what do you [verb]' or 'what can I/we do'. They are typically open-ended inquiries about what the listener does, likes, or intends to do.","The sentences function as probing questions in a conversational or therapeutic context, aimed at eliciting information about the listener's behaviors, preferences, or plans.",s005: yeah all right cool um what do you like to do for fun || s010: okay so what would you like me to do for you today,"The sentences are all from a counseling or coaching dialogue, focusing on behavior change and goal setting. | The sentences are predominantly questions about the listener's actions or preferences, but some are statements or incomplete utterances.","The dataset may be from a specific domain (e.g., therapy, health coaching) that naturally elicits such questions. | Some sentences are fragments or contain transcription errors, making pattern detection harder.","Outliers include statements, incomplete sentences, and non-question forms that do not fit the primary pattern. | The pattern is broad and may not distinguish between different subtypes of questions.",4,0.82,extracted_unchanged_from_validated_feature_card,current_ai_evidence_review
QUO_3887,QUO,True,3887,28,0.97,0.8930485,behavioral_function,open_exploration,开放式经历与观点探索,open_exploration,开放式经历与观点探索,assigned_behavior_component,therapeutic_questioning,"The sentences are predominantly open-ended questions used in a therapeutic or counseling context to elicit detailed personal information about habits, feelings, and behaviors.","The primary behavioral function is to prompt the client to elaborate on their experiences, motivations, and challenges, facilitating exploration and reflection.",s001: so tell me a little bit about your routine and and what your pain is like || s005: okay so why don't we start by having you tell me a bit about your day and what seems to be getting in the way of you exercising right now,"The sentences could be seen as a collection of interview questions from a structured clinical intake or health behavior assessment. | Alternatively, they might represent a coaching or motivational interviewing style aimed at behavior change.","The sentences are drawn from multiple speakers and contexts, but all appear to be from a similar therapeutic or counseling setting. | Some sentences include reflections or summaries (e.g., s024, s044) that could be interpreted as separate functions, but they still serve the overall questioning pattern.","The analysis is based solely on text without prosodic or contextual cues. | Some sentences are incomplete or contain transcription artifacts (e.g., s040).",4,1.0,extracted_unchanged_from_validated_feature_card,current_ai_evidence_review
QUO_25210,QUO,True,25210,29,0.96,0.8781415,linguistic_structure,,,what_question_template,what 问句模板,assigned_nonbehavior_component,what_questions,"The majority of sentences are questions or requests for information that begin with or contain 'what', often in the form 'what is' or 'what are', and are used in a conversational or therapeutic context to elicit details about the interlocutor's experiences, preferences, or goals.","The sentences primarily function as open-ended questions or probes, likely from a healthcare or counseling setting, aimed at gathering information or encouraging the patient to elaborate.",s002: What is your wife's name? || s010: so what is that like for you,"The sentences are all from a medical or therapeutic intake interview, focusing on patient history and lifestyle. | The pattern is simply the frequent use of the word 'what' in interrogative structures, which is a surface artifact of the data collection context. | The sentences represent a mix of open-ended questions and reflective statements, with no single dominant pattern.","The dataset may be from a specific domain (e.g., counseling, medical) that naturally uses many 'what' questions. | Some sentences are incomplete or garbled, possibly due to transcription errors. | The presence of statements like s011 and s036 suggests the pattern is not purely interrogative.","The analysis is based solely on surface linguistic features without access to conversational context. | Some sentences are ambiguous or contain errors, making classification difficult.",4,0.88,extracted_unchanged_from_validated_feature_card,current_ai_evidence_review
QUO_19470,QUO,True,19470,30,0.95,0.86131036,behavioral_function,open_exploration,开放式经历与观点探索,open_exploration,开放式经历与观点探索,assigned_behavior_component,wh-questions_about_personal_experience,"The majority of sentences are questions or prompts that ask for information about the listener's thoughts, actions, or experiences, often using 'what' or 'tell me about' constructions.","The sentences function as open-ended questions or requests for elaboration, typical of counseling or motivational interviewing contexts.",s005: Jeffrey tell me what you'd like to talk about today || s008: can you tell me a little bit more about what you do?,The sentences may reflect a therapeutic or coaching discourse where the speaker guides the conversation by asking about the listener's perspective. | The pattern could be a surface artifact of a specific data collection protocol that uses scripted prompts.,"The dataset may be drawn from a single domain (e.g., health counseling), limiting generalizability. | Some sentences are statements rather than questions, but they still relate to the listener's experience.","A few sentences (e.g., s047) are declarative statements about rights, not questions, but they still address the listener's decision-making. | The interpretation may not capture the full range of discourse functions present.",4,1.0,extracted_unchanged_from_validated_feature_card,current_ai_evidence_review
QUO_3156,QUO,True,3156,31,0.91,0.84525955,behavioral_function,open_exploration,开放式经历与观点探索,open_exploration,开放式经历与观点探索,assigned_behavior_component,open-ended_questions_about_knowledge_goals,"The majority of sentences are open-ended questions or prompts that ask the interlocutor to share their knowledge, opinions, goals, or experiences, often using the structure 'what do you know/think/see/say' or 'tell me what you know/think'.","The sentences function as exploratory or therapeutic questioning, likely from a healthcare or counseling context, aimed at eliciting patient/client perspectives and self-reflection.",s004: so what do you see is the key goal that you're trying to focus on right now or maybe a group of goals || s006: okay so tell me what you know about the relationship between diabetes and gum disease,"The sentences are predominantly questions about the interlocutor's knowledge or opinions, but some are statements or reflections by the speaker, indicating a mixed discourse function. | The pattern may reflect a specific therapeutic or motivational interviewing technique, but the variety of topics (health, legal, personal) suggests a broader counseling context.","The dataset may include multiple speakers or contexts (e.g., healthcare, legal), leading to variation in sentence types. | Transcription artifacts (e.g., false starts, repetitions) may obscure the intended function of some sentences.","The primary interpretation covers about 78% of sentences, but outliers include statements, reflections, and scheduling proposals that do not fit the question pattern. | The behavioral function is inferred from sentence form; without conversational context, the exact purpose remains uncertain.",4,0.78,extracted_unchanged_from_validated_feature_card,current_ai_evidence_review
QUO_14247,QUO,True,14247,32,0.77,0.8339799,behavioral_function,open_exploration,开放式经历与观点探索,open_exploration,开放式经历与观点探索,assigned_behavior_component,therapeutic_elicitation_requests,"The sentences are predominantly requests for the interlocutor to provide personal information or elaborate on a topic, typically using phrases like 'tell me a little bit about' or 'can you tell me', often with discourse markers like 'okay' or 'so'.","The primary behavioral function is eliciting information or narrative from a client in a therapeutic or counseling context, using open-ended prompts.",s001: okay so so to start us off could you tell me a little bit about what you eat throughout the day so how's your habit like || s007: okay why don't we start by just having you tell me a little bit about yourself,"The pattern could be a linguistic template for interview questions, not necessarily therapeutic. | The sentences might reflect a specific data collection protocol with fixed phrasing. | The pattern could be an artifact of transcription conventions that omit responses.","The dataset may be from a single domain (e.g., addiction counseling), limiting generalizability. | The pattern may be influenced by the interviewer's style rather than a universal feature. | Some sentences are incomplete or contain transcription errors, affecting pattern detection.",One sentence (s035) is a clear outlier with a different function. | The pattern is robust but may not cover all nuances of individual sentences.,4,0.98,extracted_unchanged_from_validated_feature_card,current_ai_evidence_review
QUC_21935,QUC,True,21935,1,1.0,1.4611208,behavioral_function,focused_health_assessment,聚焦式健康与病史评估,focused_health_assessment,聚焦式健康与病史评估,assigned_behavior_component,health-behavior questions,"The majority of sentences are questions about health-related behaviors (sleep, weight, alcohol, drugs, diet, exercise) and attitudes, often using 'do you' or 'have you' structures.","The sentences function as clinical or counseling interview questions, assessing patient behaviors and readiness to change.",s001: and you mentioned that you weren't sleeping too well do you have any weight changes during that time || s005: okay can I ask you do you see yourself as overweight,"The sentences are all questions, but the topics vary; the pattern may be purely interrogative syntax. | The sentences could be from a motivational interviewing session, focusing on change talk. | Some sentences are about substance use (alcohol, marijuana, smoking) specifically, suggesting a substance abuse counseling context.","The dataset may be from multiple different interviews or contexts, mixing health topics. | Transcription artifacts like 'um' and 'mm-hmm' may obscure the pattern. | Some sentences are incomplete or contain disfluencies, making categorization difficult.","Outliers include narrative statements and non-health questions, indicating the pattern is not universal. | The behavioral function interpretation relies on pragmatic inference; explicit labeling is absent.",4,0.9,extracted_unchanged_from_validated_feature_card,current_ai_evidence_review
QUC_13430,QUC,True,13430,2,1.0,1.4180545,behavioral_function,focused_health_assessment,聚焦式健康与病史评估,focused_health_assessment,聚焦式健康与病史评估,assigned_behavior_component,clinical_questions,"The sentences are predominantly questions asked by a healthcare professional (likely a therapist or doctor) during a clinical or counseling session, covering topics such as substance use, mental health, lifestyle, and treatment motivation.","The primary behavioral function is information gathering and therapeutic probing, as the questions aim to assess patient history, motivation, and readiness for change.",s001: Did you come here for a prescription for anti-depressants? || s003: OK we've talked about the alcohol do you use any other drugs besides our whole you know like cannabis cocaine and veterinarians in,"The sentences could be from a structured interview or questionnaire, given the variety of topics and question formats. | They might represent a mix of different clinical contexts (e.g., addiction counseling, general practice, mental health) rather than a single session.","The sentences are decontextualized, so the exact setting (e.g., therapy, medical intake, research interview) is uncertain. | Some sentences (e.g., s020 'did I get that right') could be from a different interaction type, but still fit the clinical pattern.","The analysis assumes a clinical setting, but without metadata, other contexts (e.g., coaching, social work) are possible. | The pattern is broad; more specific sub-patterns (e.g., motivational interviewing vs. diagnostic interview) cannot be distinguished.",4,1.0,extracted_unchanged_from_validated_feature_card,current_ai_evidence_review
QUC_14014,QUC,True,14014,3,1.0,1.3069197,behavioral_function,focused_health_assessment,聚焦式健康与病史评估,focused_health_assessment,聚焦式健康与病史评估,assigned_behavior_component,medical_history_questions,"The majority of sentences are questions about the patient's medical history, symptoms, medication use, and lifestyle habits, typically starting with 'Did you' or 'Have you'.","The sentences function as diagnostic or screening questions in a clinical interview, aimed at gathering patient information.",s003: Did you come here for a prescription for anti-depressants? || s007: Have you had any major stressful events recently or any change in your work situation?,"The sentences could be part of a substance abuse screening interview, focusing on alcohol and drug use. | The sentences might be from a general health questionnaire covering various medical conditions. | Some sentences appear to be from a conversation about nutrition or lifestyle (e.g., orange juice, candy jar).",Mixed topics: some sentences address non-medical subjects like party intoxication or nutrition. | Incomplete or ungrammatical sentences may be transcription errors or fragments. | The presence of statements before questions in some samples may indicate a different discourse context.,"The analysis is based solely on text without context of the conversation. | Some sentences are ambiguous or incomplete, making classification difficult.",4,0.8,extracted_unchanged_from_validated_feature_card,current_ai_evidence_review
QUC_20869,QUC,True,20869,4,1.0,1.2829759,behavioral_function,focused_health_assessment,聚焦式健康与病史评估,focused_health_assessment,聚焦式健康与病史评估,assigned_behavior_component,health-behavior questions,"The sentences predominantly consist of questions about health-related behaviors, such as diet, alcohol consumption, smoking, and medical visits, often using 'do you' or 'are you' structures.","The sentences function as probing questions in a clinical or counseling context, likely aimed at assessing or motivating behavior change.",s010: and are you willing to go to treatment || s037: so do you have a goal of quitting smoking,"The sentences are all questions, but the topic varies; some are about personal relationships or daily activities. | The sentences may be from a motivational interviewing session, focusing on eliciting change talk.","The dataset may be from a specific clinical setting, biasing toward health topics. | Transcription artifacts like 'um' and 'so' may obscure the core pattern.","One sentence (s029) is an exclamation, not a question, and does not fit the health topic. | Some sentences (e.g., s002, s003) mix health with other topics, but still function as questions.",4,0.98,extracted_unchanged_from_validated_feature_card,current_ai_evidence_review
QUC_18646,QUC,True,18646,5,1.0,1.2278495,behavioral_function,collaborative_option_question,许可与选项协商,collaborative_option_question,许可与选项协商,assigned_behavior_component,therapeutic questioning,"The sentences predominantly consist of questions or indirect inquiries about personal circumstances, behaviors, or opinions, often framed with 'do you think', 'are you', 'is it', 'I wonder if', or 'if' clauses, typical of a therapeutic or counseling context.","The sentences function as therapeutic or counseling questions aimed at exploring the client's thoughts, feelings, and behaviors, often using tentative or exploratory language to encourage reflection.",s001: it's kind of the same old routine um I wonder if it would be okay if we could talk about some of the options that are out there for folks that have some mild depression || s005: um so I want to start off with asking do you think that this is a problem for you,"The sentences could be interpreted as a collection of interview questions from a structured clinical assessment, focusing on substance use, mental health, and lifestyle. | Alternatively, the pattern may reflect a linguistic template of conditional or hypothetical questioning, using 'if' and 'whether' to explore possibilities.","The sentences are extracted from a corpus of therapy sessions, so the pattern is heavily influenced by the domain. | Some sentences are incomplete or fragmented, which may affect interpretation.","A few sentences (e.g., s047, s050) are too short or garbled to clearly fit the pattern, but they still appear to be questions. | The behavioral function is inferred from context; without metadata, the exact purpose remains speculative.",4,1.0,extracted_unchanged_from_validated_feature_card,current_ai_evidence_review
QUC_22358,QUC,True,22358,6,0.99,1.0557501,behavioral_function,general_probing,一般性澄清追问,general_probing,一般性澄清追问,assigned_behavior_component,questioning_pattern,"The majority of sentences are questions, often starting with wh-words (how, what, when, why) or auxiliary verbs (do, is, are), and many include discourse markers like 'okay', 'well', 'so', 'and'. The pattern reflects a conversational, information-seeking style typical of a clinical or counseling interview.","The sentences function as probing questions to gather information, clarify details, or explore patient/client experiences, consistent with a diagnostic or therapeutic interview.",s001: do you understand how important this is? || s012: Well how long ago did this all begin?,"The sentences could be part of a scripted interview or questionnaire, with many questions following a template (e.g., 'how about X', 'what about X'). | The pattern might reflect a specific conversational context, such as a medical or psychological assessment, where the interviewer asks about symptoms, history, and behaviors.","The sentences are extracted from a larger conversation, so the pattern might be influenced by the specific topic or speaker role. | Some sentences are fragments (e.g., 'two of those?', 'in the pharmacy?') that rely on prior context, which is missing.","The analysis is based solely on the provided sentences without full conversational context. | Some sentences could be interpreted as statements or exclamations in context, but here they are presented as questions.",4,1.0,extracted_unchanged_from_validated_feature_card,current_ai_evidence_review
QUC_4998,QUC,True,4998,7,1.0,1.0183886,behavioral_function,collaborative_option_question,许可与选项协商,collaborative_option_question,许可与选项协商,assigned_behavior_component,therapeutic_questioning,"The sentences predominantly consist of questions asked by a therapist or counselor to a client, exploring behaviors, feelings, and goals related to substance use, health, and personal change.","The primary behavioral function is therapeutic probing: the speaker uses questions to elicit self-reflection, assess readiness for change, and guide the client toward considering alternatives.",s001: so is this an inconvenience that you can move past or is this a major life event that does change things || s009: so you have choices here right you can continue to use marijuana and take the job right and that seems like something that has some advantages for you but some some disadvantages right because you would really like that job,The sentences could be from a structured interview or questionnaire about substance use and health behaviors. | They might represent a mix of motivational interviewing and cognitive-behavioral therapy techniques.,"The dataset may include multiple speakers or contexts (e.g., therapy, medical intake, casual conversation). | Some sentences are incomplete or contain transcription artifacts (e.g., repetitions, false starts).","A few sentences are not questions or are ambiguous, reducing coverage slightly. | The exact therapeutic modality cannot be determined from these sentences alone.",4,0.92,extracted_unchanged_from_validated_feature_card,current_ai_evidence_review
QUC_12555,QUC,True,12555,8,1.0,0.8464623,linguistic_structure,,,auxiliary_yes_no_form,助动词前置的是非问句,assigned_nonbehavior_component,do_you_questions,"The majority of sentences are questions beginning with 'do you' (or 'do' followed by a pronoun), often preceded by discourse markers like 'so', 'okay', 'and', or 'then'. These are typically yes/no questions about personal experiences, opinions, or actions, common in counseling or medical interviews.","The sentences function as probing questions to gather information about the addressee's behaviors, beliefs, or experiences, typical of a therapeutic or medical assessment context.",s005: And if Oscar's that important to you then do you put Oscar higher than your baby? || s032: so do you drink alcohol,"The pattern could be a discourse function of information gathering in a clinical interview, with 'do you' questions serving as probes. | Alternatively, the pattern might reflect a specific annotation bias where transcribers consistently marked questions with 'do you' regardless of context.","Some sentences (e.g., s018, s045, s049, s050) are not questions or are garbled, possibly due to transcription errors or mixed data sources. | The presence of discourse markers like 'so', 'okay', 'and' may be artifacts of conversational style rather than part of the stable pattern.",The analysis is based solely on surface form; deeper pragmatic functions may vary across sentences. | Outliers may indicate that the pattern is not perfectly stable across the entire set.,4,0.92,extracted_unchanged_from_validated_feature_card,current_ai_evidence_review
QUC_9827,QUC,True,9827,9,1.0,0.82100964,unclear_or_mixed,,,mixed_question_formats,混合问句格式,assigned_nonbehavior_component,question_formats_varied,"The sentences are predominantly questions, but they vary widely in syntactic form (yes/no, wh-, tag, embedded), discourse markers (okay, um, so), and topic (health, habits, preferences). No single stable pattern covers a majority beyond being interrogative.",The available sentences do not support a stable behavioral-function interpretation.,s001: okay so is there anything else that you like about it || s010: Can't you understand that you are putting your body at great harm by continuing to smoke,"The sentences are all questions used in a counseling or medical interview context, with many checking understanding or readiness to change. | The sentences share a pattern of hedging (okay, um, so) and indirectness, softening the interrogative force. | The sentences are diverse in topic but consistently use question forms, possibly reflecting a data collection artifact from a question-answering dataset.","The set includes one statement (s035) that is not a question, breaking the interrogative pattern. | Many sentences contain transcription artifacts like 'um', 'okay', and repetitions that may obscure underlying structure. | The topics range widely (smoking, drinking, exercise, mental health), making a unified topic interpretation difficult.",The analysis is based solely on surface form; deeper pragmatic functions may be more consistent but are not directly observable. | The sample size is large but the pattern is too broad to be informative. | No behavioral function can be reliably assigned due to the diversity of question types and contexts.,2,1.0,extracted_unchanged_from_validated_feature_card,current_ai_evidence_review
QUC_8969,QUC,True,8969,10,0.98,0.8206258,behavioral_function,focused_health_assessment,聚焦式健康与病史评估,focused_health_assessment,聚焦式健康与病史评估,assigned_behavior_component,healthcare_questions,"The sentences are predominantly questions asked by a healthcare professional to a patient, covering topics like alcohol use, dental care, diet, exercise, and medical history.","The sentences function as diagnostic or motivational interviewing questions, aiming to assess patient knowledge, behaviors, and readiness to change.",s001: so do you know all the bad stuff about alcohol? || s007: Have you ever had an abdominal aortic aneurysm test?,The sentences could be from a general survey or interview about lifestyle and health habits. | They might be part of a scripted role-play for training healthcare communication.,"Some sentences (e.g., s016, s030) reference pop culture (The Smiths, Star Wars) which may not fit a strict healthcare context. | Sentence s050 is an off-topic social invitation, diverging from health topics.","The analysis assumes a healthcare setting, but the context is not explicitly confirmed. | A few sentences (e.g., s028 'Like today?') are too short to fully interpret.",4,1.0,extracted_unchanged_from_validated_feature_card,current_ai_evidence_review
QUC_12340,QUC,True,12340,11,1.0,0.79307485,linguistic_structure,,,auxiliary_yes_no_form,助动词前置的是非问句,assigned_nonbehavior_component,do_you_questions,"All sentences begin with 'do you' and are questions, forming a stable linguistic pattern of interrogative structures used to ask about personal experiences, opinions, or actions.","The sentences function as interview or clinical assessment questions, eliciting information about the addressee's thoughts, feelings, behaviors, or medical history.",s001: do you think that this will be helpful I'm black Franny || s008: do you drink alcohol,"The sentences are all questions but vary in topic, suggesting a mixed topical pattern. | The sentences may reflect a specific discourse context such as therapy or medical intake, but this is not directly observable from the text alone.","The pattern may be an artifact of data collection focusing on question-answer pairs. | Some sentences contain transcription errors or incomplete phrases (e.g., s004, s048) that do not affect the initial 'do you' pattern.",The behavioral function is inferred but not explicitly confirmed by context. | The pattern is purely structural and does not capture semantic or pragmatic variation.,5,1.0,extracted_unchanged_from_validated_feature_card,current_ai_evidence_review
QUC_11660,QUC,True,11660,12,1.0,0.79158324,linguistic_structure,,,,,nonbehavior_isolated_or_unresolved,wh_questions_with_would,"The majority of sentences are wh-questions (what, how, where, when, why) that use the modal 'would' to ask about preferences, hypothetical actions, or opinions. This pattern is consistent across diverse topics and contexts.","The sentences function as probing questions, likely from a counselor or interviewer, aimed at eliciting the respondent's thoughts, feelings, or plans regarding behavior change or personal goals.",s002: What would you say? || s017: what would you like to talk about,"The sentences are all questions, but some use 'would' while others use other modals or tenses, suggesting a broader pattern of interrogative forms. | The sentences may reflect a therapeutic or coaching discourse where the speaker asks open-ended questions to explore the client's perspective.","The dataset may be drawn from a specific domain (e.g., counseling, health coaching) that naturally uses many 'would' questions. | Transcription artifacts or incomplete sentences may obscure the pattern.","Outliers include statements, non-'would' questions, and fragments that do not fit the primary pattern. | The pattern is structural and does not capture the full functional diversity of the sentences.",4,0.84,extracted_unchanged_from_validated_feature_card,current_ai_evidence_review
QUC_14003,QUC,True,14003,13,0.97,0.7859117,behavioral_function,focused_health_assessment,聚焦式健康与病史评估,focused_health_assessment,聚焦式健康与病史评估,assigned_behavior_component,wh_questions_health_habits,"The sentences are predominantly wh-questions (who, what, how, where, why) and yes/no questions about personal health behaviors, habits, and preferences, often in a clinical or counseling context.","The sentences function as diagnostic or exploratory questions in a medical or therapeutic interview, aimed at gathering information about a patient's lifestyle, substance use, and personal history.",s002: how much are you drinking? || s003: what are you drinking?,The sentences could be from a structured interview or questionnaire about substance use and health behaviors. | They might represent a corpus of doctor-patient interactions or counseling sessions. | The pattern could be an artifact of data collection focusing on interrogative forms in a specific domain.,"The set includes some incomplete or fragmentary questions (e.g., s042 'Than your wife?') that may be conversational continuations. | Some sentences are not strictly questions (e.g., s032 'you've been here before?' is a declarative with rising intonation). | The topic is broad, covering alcohol, drugs, smoking, diet, sleep, and personal preferences.","The interpretation assumes a clinical context, but the data does not explicitly confirm this. | Some sentences (e.g., s041 'what do we have here?') could be from other settings.",4,1.0,extracted_unchanged_from_validated_feature_card,current_ai_evidence_review
QUC_736,QUC,True,736,14,1.0,0.76994026,unclear_or_mixed,,,mixed_question_formats,混合问句格式,assigned_nonbehavior_component,mixed_questions_and_statements,"The sentences are a mix of questions (especially 'did you' questions) and statements, with no single stable pattern covering a majority. Many sentences are questions about personal experiences or medical history, but others are statements or fragments.",The available sentences do not support a stable behavioral-function interpretation.,s013: did you have a sense when you came in || s014: did you have an idea of what you thought your number might be,"The sentences are from a medical or therapeutic interview, with questions about health behaviors and statements about experiences. | The sentences are from a conversation about food and medication, with some questions and some statements.","The sentences may be from different speakers or contexts, leading to mixed patterns. | Transcription errors or disfluencies may obscure patterns.",No single pattern covers a majority of sentences. | The set includes both questions and statements without a clear dominant type.,2,1.0,extracted_unchanged_from_validated_feature_card,current_ai_evidence_review
QUC_20463,QUC,True,20463,15,1.0,0.76846135,linguistic_structure,,,auxiliary_yes_no_form,助动词前置的是非问句,assigned_nonbehavior_component,are_you_questions,"The majority of sentences are questions beginning with 'are you' or 'are you' variants (e.g., 'are you', 'are we', 'aren't you'), often used to inquire about personal states, actions, or preferences. The pattern is a recurring interrogative structure with second-person subject.","The sentences function as direct questions seeking information about the addressee's current state, past behavior, or preferences, typical of intake interviews or counseling contexts.",s001: are you picking up for yourself today or for somebody else || s010: are you on drugs again,"The sentences may be part of a structured interview or questionnaire about health behaviors (e.g., diet, smoking, medication adherence). | The sentences could reflect a therapeutic or counseling discourse where the speaker probes the client's feelings and actions.","Some sentences include discourse markers like 'okay', 'so', 'yeah' that may indicate conversational context rather than a fixed template. | A few sentences (e.g., s029, s036) are incomplete or fragmented, possibly due to transcription errors.","The pattern is primarily structural; behavioral function is inferred but not directly evidenced. | Some sentences (e.g., s024, s038) contain multiple clauses that deviate from the simple 'are you' question form.",4,1.0,extracted_unchanged_from_validated_feature_card,current_ai_evidence_review
QUC_28816,QUC,True,28816,16,0.93,0.75388896,behavioral_function,focused_health_assessment,聚焦式健康与病史评估,focused_health_assessment,聚焦式健康与病史评估,assigned_behavior_component,health-related questions,"The sentences are predominantly questions about health, lifestyle, or personal habits, often asked in a clinical or counseling context. They include yes/no questions, wh-questions, and declarative questions seeking information or confirmation.","The sentences function as diagnostic or exploratory questions in a healthcare or counseling setting, aimed at gathering patient information or assessing readiness for change.",s001: Are you interested in reordering your prescription? || s011: Are you smoking?,"The sentences are all questions (or question-like) used to gather information, regardless of topic. | The sentences reflect a motivational interviewing style, with open-ended and closed questions about behavior change.","Some sentences are not questions (e.g., s045, s050), but they still relate to health topics. | The dataset may be from a specific domain (e.g., medical or counseling transcripts), biasing the topic.","The primary interpretation covers all sentences, but the behavioral function is inferred from context; without actual dialogue, the exact function is uncertain.",4,1.0,extracted_unchanged_from_validated_feature_card,current_ai_evidence_review
QUC_16969,QUC,True,16969,17,1.0,0.750952,linguistic_structure,,,auxiliary_yes_no_form,助动词前置的是非问句,assigned_nonbehavior_component,do_you_questions,"The majority of sentences are questions beginning with 'do you', often used in clinical or counseling contexts to ask about behaviors, beliefs, or experiences.","The sentences function as interview or assessment questions, likely from a healthcare or therapy setting, probing habits, opinions, and personal history.",s030: do you drink alcohol || s034: do you have any questions,"The sentences could be part of a structured interview or questionnaire about health behaviors, with 'do you' as a standard prompt. | The pattern might reflect a transcription artifact where only questions starting with 'do you' were selected, but the variety of topics suggests genuine diversity.","Some sentences contain transcription errors or disfluencies (e.g., 'veterinarians in' in s006) that obscure the pattern. | A few sentences (e.g., s038) are not questions but still start with 'do you', indicating a conditional or imperative use.",The analysis is based solely on the provided sentences without context of the full conversation. | The pattern is robust but the behavioral function is inferred from content; the exact setting is unknown.,5,1.0,extracted_unchanged_from_validated_feature_card,current_ai_evidence_review
QUC_8089,QUC,True,8089,18,1.0,0.7362917,behavioral_function,collaborative_option_question,许可与选项协商,collaborative_option_question,许可与选项协商,assigned_behavior_component,counseling_questions,"The sentences predominantly consist of questions asked by a counselor or therapist to a client, covering topics such as behavior change, substance use, personal goals, and medical history. The pattern is characterized by interrogative forms, often starting with 'do you', 'are there', 'can I', or 'I'm wondering', and includes discourse markers like 'okay', 'so', 'um'.","The primary behavioral function is information gathering and therapeutic exploration, typical of a counseling or clinical interview setting. The questions aim to elicit client responses about behaviors, feelings, and circumstances.",s005: so does either of those sound like they might work for you || s014: and do you have any friends that do not use marijuana that you could kind of associate with,"The sentences could be part of a scripted role-play for training counselors, explaining the repetitive question formats. | The pattern might reflect a specific therapeutic modality like motivational interviewing, which uses open-ended questions and reflective listening.","The dataset may be drawn from a single counseling session or a small number of sessions, limiting diversity. | Transcription artifacts (e.g., 'um', 'you know') may inflate the appearance of a pattern.","Two sentences (s034, s041) do not fit the question pattern and may be errors or different contexts. | The behavioral function is inferred from the question forms but not confirmed by context.",4,0.96,extracted_unchanged_from_validated_feature_card,current_ai_evidence_review
QUC_24943,QUC,True,24943,19,0.95,0.716784,behavioral_function,focused_health_assessment,聚焦式健康与病史评估,focused_health_assessment,聚焦式健康与病史评估,assigned_behavior_component,healthcare interview questions,"The sentences are predominantly questions asked by a healthcare professional (e.g., doctor, nurse) to a patient, covering topics such as medication adherence, substance use, diet, and symptoms. The pattern is stable across a majority of sentences, characterized by interrogative forms and direct requests for information.","The primary behavioral function is information gathering in a clinical or counseling context, likely a medical interview or health assessment.",s002: what are the not so good things if any about smoking marijuana? || s008: so what do you typically eat in the day?,"The sentences could be part of a structured survey or questionnaire, given the repeated question formats. | They might represent a mix of different interviewers or contexts, but the overall pattern remains consistent.","Some sentences (e.g., s019, s032) are not direct questions but requests, though still serve information gathering. | The set lacks non-question sentences, which might be an artifact of selection.",The analysis is based solely on text; no context about the speakers or setting is available. | The pattern is broad and could fit multiple specific clinical domains.,4,1.0,extracted_unchanged_from_validated_feature_card,current_ai_evidence_review
QUC_17507,QUC,True,17507,20,0.92,0.68435436,behavioral_function,focused_health_assessment,聚焦式健康与病史评估,focused_health_assessment,聚焦式健康与病史评估,assigned_behavior_component,healthcare_intake_questions,"The sentences are predominantly questions asked during a healthcare or counseling intake interview, covering topics such as medical history, lifestyle, mental health, and social habits.","The primary behavioral function is information gathering through direct questioning, typical of clinical or diagnostic interviews.",s001: Have you had any major stressful events recently or any change in your work situation? || s006: Do you see a dentist?,"The sentences could be part of a structured survey or questionnaire on health behaviors. | They might represent a collection of questions from various contexts, but the majority align with healthcare interviews.","Some questions (e.g., s002 about dog, s005 about hanging out) are less clinical but still fit a broader biopsychosocial assessment. | The presence of multiple topics (diet, exercise, smoking, alcohol, school) could suggest a general interview rather than a specific medical one.",The analysis assumes a single context; the sentences could originate from different interviews or surveys. | No response data is available to confirm the actual function.,4,1.0,extracted_unchanged_from_validated_feature_card,current_ai_evidence_review
QUC_2504,QUC,True,2504,21,0.96,0.6742597,linguistic_structure,,,auxiliary_yes_no_form,助动词前置的是非问句,assigned_nonbehavior_component,yes/no questions with auxiliary fronting,"The majority of sentences are yes/no questions formed by fronting an auxiliary verb (Are, Is, Do, Does, Did, Can, Could, Were) before the subject, often in a healthcare or counseling context.","The sentences function as diagnostic or information-gathering questions, typical of medical or therapeutic interviews.",s001: Are you quoting the Smiths? || s016: Do you have any medical problems at all or diabetes high blood pressure,"The sentences are all questions, but some are wh-questions (How, Did) and some are yes/no questions. | The sentences are from a medical or counseling dialogue, focusing on patient habits and symptoms. | The sentences exhibit a mix of auxiliary verbs (are, is, do, does, did, can, could, were) with no single dominant auxiliary.","The dataset may be extracted from a specific domain (e.g., healthcare) which biases the question types. | Transcription artifacts (e.g., fragments, repetitions) may obscure the underlying pattern. | Some sentences are incomplete or have unusual word order (e.g., s031, s033).","Four sentences (s024, s025, s031, s033) do not fit the yes/no question pattern. | The pattern is broad (any auxiliary-fronted yes/no question) and may not be distinctive. | The behavioral function is inferred from context but not directly observable from the sentences alone.",4,0.92,extracted_unchanged_from_validated_feature_card,current_ai_evidence_review
QUC_27857,QUC,True,27857,22,0.98,0.67153823,behavioral_function,structured_self_rating,结构化自我评分,structured_self_rating,结构化自我评分,assigned_behavior_component,scale_rating_questions,"The sentences predominantly follow a template asking the respondent to rate something (e.g., confidence, importance, readiness, pain) on a numeric scale, typically 1-10 or 0-10, often with explicit anchors for the endpoints.","The sentences function as requests for self-assessment or rating, likely used in motivational interviewing, clinical assessment, or survey contexts to quantify subjective states.",s001: okay so how confident are you that you can make these changes on a scale of one to ten one being not confident at all and ten being the most confident you've ever felt || s005: okay so can I ask you on a scale of zero to ten now that you're considering about making a change zero being not important whatsoever and ten being super uber important how important is it for you to make this change,"The sentences could be interpreted as a collection of questions from different domains (health, behavior, pain) unified only by the use of a numeric scale. | The pattern might reflect a specific interview protocol or questionnaire (e.g., motivational interviewing readiness rulers) rather than a general linguistic phenomenon.","Some sentences have incomplete scale anchors or missing numbers (e.g., s028, s029), possibly due to transcription errors. | The set includes variations in scale range (0-10, 1-10, 0-100) and topic (pain, confidence, importance, readiness), but the core structure remains consistent.","The analysis does not account for the specific context or purpose of the questions, which may vary across samples. | Some sentences (e.g., s045) are ambiguous and may not fit the rating request pattern as clearly.",5,1.0,extracted_unchanged_from_validated_feature_card,current_ai_evidence_review
QUC_29590,QUC,True,29590,23,0.99,0.6625258,behavioral_function,focused_health_assessment,聚焦式健康与病史评估,focused_health_assessment,聚焦式健康与病史评估,assigned_behavior_component,how_long_how_much_how_often_questions,"The majority of sentences are questions beginning with 'how long', 'how much', 'how often', or 'how many', often asking about duration, quantity, or frequency of behaviors like drinking, drug use, or exercise. A smaller subset starts with 'can you' and requests elaboration or examples.","The sentences function as interviewer questions probing patient history, habits, and attitudes, typical of clinical or counseling intake interviews.",s001: how long has it been since you kind of drink || s016: how much do you think you're drinking,"The sentences are all questions, but the specific interrogative phrases vary; the pattern could be described as 'open-ended clinical questions'. | The sentences may reflect a structured interview protocol with sections on duration, quantity, and frequency of substance use.","The set includes a few sentences that are not questions (e.g., s009 ends with 'I don't know I'), but these are still part of the same discourse. | Some sentences are incomplete (e.g., s008 'how long has'), but they still fit the pattern.","The analysis does not account for the exact content of each question, only the initial interrogative phrase. | The behavioral function is inferred from the clinical context, but the actual function may vary.",4,1.0,extracted_unchanged_from_validated_feature_card,current_ai_evidence_review
QUC_12887,QUC,True,12887,24,0.9,0.65996665,behavioral_function,focused_health_assessment,聚焦式健康与病史评估,focused_health_assessment,聚焦式健康与病史评估,assigned_behavior_component,questions about health and substance use,"The majority of sentences are questions (often yes/no or choice questions) about health behaviors, substance use (alcohol, marijuana, smoking), treatment, or related personal habits, typically in a clinical or counseling context.","The sentences function as screening or assessment questions in a healthcare or counseling setting, aimed at eliciting information about substance use, health practices, and readiness for change.",s017: so do you drink alcohol? || s012: Do you smoke at all?,"The sentences could be part of a motivational interviewing session, with questions designed to explore ambivalence about substance use. | Alternatively, they might be from a medical intake interview covering multiple health domains (dental, asthma, diabetes, etc.).","Some sentences are not questions (e.g., s034, s049) or are fragments (s047, s050), but they still relate to the overall topic. | The presence of a pharmacy call (s033) and general health questions (s046) broadens the context beyond substance use alone.","The set includes a few non-question sentences that are responses or statements, but they are still topically aligned. | The exact clinical setting is not specified, but the pattern is consistent with a health assessment.",4,1.0,extracted_unchanged_from_validated_feature_card,current_ai_evidence_review
QUC_7037,QUC,True,7037,25,0.99,0.65556395,behavioral_function,structured_self_rating,结构化自我评分,structured_self_rating,结构化自我评分,assigned_behavior_component,scale_question_template,"The sentences predominantly follow a template: a discourse marker (e.g., 'okay', 'so') followed by a question asking the listener to rate something on a numerical scale (e.g., 0-10, 1-10), often with explicit anchors defining the endpoints. The pattern is a request for a self-report rating.","The sentences function as requests for subjective ratings, likely in a clinical or coaching context to assess motivation, confidence, importance, or readiness for behavior change.",s001: great I'm in Romania to get a break from the sugar I sort of on a scale of 1 to 10 with 10 being the most how motivated do you feel you are to make this change || s005: okay so can I ask you on a scale of zero to ten now that you're considering about making a change zero being not important whatsoever and ten being super uber important how important is it for you to make this change,"The sentences are all from a structured interview or questionnaire about behavior change, using a consistent format. | The pattern is a surface artifact of a transcription template where interviewers use a fixed phrasing for rating questions.","Some sentences have incomplete or garbled text (e.g., s011, s033) which may obscure the pattern. | The scale endpoints vary (0-10, 1-10, 0-100) but the core template remains similar.","One sentence (s042) does not fit the pattern, but it is a clear outlier. | The exact wording varies, but the functional template is consistent.",4,0.98,extracted_unchanged_from_validated_feature_card,current_ai_evidence_review
QUC_10916,QUC,True,10916,26,0.99,0.6368777,behavioral_function,general_probing,一般性澄清追问,general_probing,一般性澄清追问,assigned_behavior_component,health-related open-ended questions,"The majority of sentences are open-ended questions about health behaviors, habits, or personal experiences, often using discourse markers like 'okay', 'so', and 'how' or 'what' to elicit information.","The sentences function as probing questions in a clinical or counseling context, aimed at assessing patient motivation, confidence, or behavior change readiness.",s001: okay so what other things can you tell me about that might affect your blood pressure || s014: okay so how confident are you that you can make these changes on a scale of one to ten one being not confident at all and ten being the most confident you've ever felt,"The sentences are all questions, but some are not health-related (e.g., s004, s025), suggesting a broader interview context. | The pattern may be an artifact of a specific data collection protocol (e.g., motivational interviewing) rather than a stable linguistic feature.","The dataset may include multiple interviewers or contexts, leading to variation in question style. | Some sentences are incomplete or truncated, making interpretation ambiguous.","A few sentences deviate from the health-question pattern, indicating the pattern is not universal. | The behavioral function is inferred from content and discourse markers, but actual context is unknown.",4,0.92,extracted_unchanged_from_validated_feature_card,current_ai_evidence_review
QUC_664,QUC,True,664,27,0.99,0.636307,behavioral_function,structured_self_rating,结构化自我评分,structured_self_rating,结构化自我评分,assigned_behavior_component,motivational_interviewing_scale_questions,"The sentences predominantly consist of questions that ask about importance, confidence, readiness, or motivation using a numerical scale (e.g., 1-10 or 0-10), typical of motivational interviewing techniques.","The sentences function as structured probes to elicit self-assessed motivation, confidence, or readiness for behavior change, often used in counseling or health coaching contexts.",s004: so on a scale of zero to 100 how important do you think it is for you to make this change || s009: and how confident would you say you are right in this moment that you'd be able to make this change and we'll do the same zero to ten scale,"The sentences are a collection of open-ended and scaled questions about behavior change, but the scaled questions are not the majority. | The sentences represent a mix of assessment and counseling questions, with no single dominant pattern.","The dataset may include multiple interviewers or contexts, leading to variation in question types. | Some sentences are incomplete or contain transcription errors, making pattern detection harder.","A significant number of sentences (21 out of 50) do not include a numerical scale, weakening the primary pattern. | The behavioral function is inferred from content but not validated by external context.",3,0.58,extracted_unchanged_from_validated_feature_card,current_ai_evidence_review
QUC_12902,QUC,True,12902,28,0.96,0.6311676,behavioral_function,structured_self_rating,结构化自我评分,structured_self_rating,结构化自我评分,assigned_behavior_component,scale_question_template,"The sentences predominantly follow a template that introduces a numeric scale (typically 0-10 or 1-10) with anchor descriptions, then asks the respondent to rate themselves on that scale. The pattern includes phrases like 'on a scale of X to Y', 'zero being... and ten being...', and a question about where the respondent falls.","The sentences function as requests for self-assessment or rating, commonly used in clinical or motivational interviewing contexts to quantify subjective states like readiness, confidence, importance, or pain.",s001: let's talk about a scale then on in terms of being ready to quit zero being not ready at all and ten being like yeah I'm really ready to quit where are you on that do you think || s002: okay so tell me a scale of zero to ten where zero is no pain at all on ten is like take me to the emergency room where would you say the pain is?,"The sentences could be interpreted as a collection of prompts from motivational interviewing or clinical assessment interviews, where the scale is used to elicit self-reported readiness, confidence, or importance. | Alternatively, the pattern might reflect a transcription artifact where incomplete or garbled sentences are outliers, but the core template remains a request for a numeric self-rating.","Transcription errors or incomplete utterances (e.g., s006, s010, s017) may obscure the pattern. | Some sentences (e.g., s008, s033) are meta-commentary about scales rather than actual scale questions.",The analysis is based solely on text; prosody and context are unavailable. | Outliers may represent different sub-types of scale questions or errors.,4,0.74,extracted_unchanged_from_validated_feature_card,current_ai_evidence_review
QUC_32273,QUC,True,32273,29,0.9,0.60882217,behavioral_function,collaborative_option_question,许可与选项协商,collaborative_option_question,许可与选项协商,assigned_behavior_component,therapeutic_questioning,"The sentences predominantly consist of questions and suggestions typical of a therapeutic or counseling context, often using modal verbs like 'would', 'can', 'could', and 'doesn't' to explore client experiences and propose actions.","The primary behavioral function is eliciting information, exploring client perspectives, and proposing collaborative goals, characteristic of motivational interviewing or therapy sessions.",s010: okay would you mind if we explore this issue a little further || s011: so right now would you like to discuss the potential health risks associated with weight gain and overeating junk food,"The sentences may be from a scripted role-play or training exercise for counseling, as they contain formulaic questioning patterns. | The pattern could reflect a specific therapeutic modality like motivational interviewing, characterized by open-ended questions and reflective statements.","The dataset may include multiple speakers or sessions, mixing different conversational roles. | Transcription errors or incomplete utterances (e.g., s008, s009) may obscure the intended function.","Some sentences are fragmentary or ambiguous, making it difficult to assign a clear behavioral function. | The absence of speaker labels prevents distinguishing between therapist and client utterances.",4,1.0,extracted_unchanged_from_validated_feature_card,current_ai_evidence_review
QUC_26485,QUC,True,26485,30,0.95,0.6005262,behavioral_function,general_probing,一般性澄清追问,general_probing,一般性澄清追问,assigned_behavior_component,how_questions,"The majority of sentences are questions beginning with 'how', 'what', or 'can', often used to elicit information, opinions, or feelings from the addressee.","The sentences function as requests for information or reflection, typical of counseling or coaching contexts.",s005: how do you feel about that || s013: how do you think you might use it?,"The sentences are all questions, but some are self-directed (e.g., s001, s029) while most are other-directed. | The sentences are from a therapeutic or motivational interviewing setting, focusing on behavior change (e.g., alcohol, exercise).","The dataset may be from a specific domain (e.g., addiction counseling) which influences the question types. | Some sentences are incomplete or contain disfluencies (e.g., s003, s028) which may be transcription artifacts.","Two sentences (s023, s029) do not fit the primary pattern of second-person questions. | The behavioral function is inferred from the question form but not explicitly confirmed.",4,0.96,extracted_unchanged_from_validated_feature_card,current_ai_evidence_review
QUC_5178,QUC,True,5178,31,0.91,0.5998219,behavioral_function,structured_self_rating,结构化自我评分,structured_self_rating,结构化自我评分,assigned_behavior_component,scale_question_template,"The sentences predominantly follow a template that asks a question using a numeric scale (e.g., 1 to 10, 0 to 10) to rate a subjective state such as readiness, confidence, importance, or motivation. The pattern includes phrases like 'on a scale of X to Y' followed by a question about a personal attribute or behavior.","The sentences function as requests for self-assessment or rating, commonly used in motivational interviewing or clinical settings to quantify a person's readiness, confidence, or importance regarding a behavior change.",s001: and so on a scale of one  to ten how ready do you think you are to  drink less soda? || s008: How confident are you that you want to change in a scale of one to ten?,"The sentences could be interpreted as a collection of motivational interviewing techniques, where the scale is used to elicit change talk. | Alternatively, they might be seen as a data collection tool for research on behavior change, with the scale serving as a quantitative measure.","Some sentences have incomplete or garbled text (e.g., s002, s016) which may obscure the pattern. | The scales vary (1-10, 0-10, 0-100) and the attributes rated differ (readiness, confidence, importance, pain), but the core template remains consistent.","The analysis does not account for the specific context or speaker intent beyond the surface form. | Some sentences (e.g., s036) use a different scale (0-100) but still fit the pattern.",5,1.0,extracted_unchanged_from_validated_feature_card,current_ai_evidence_review
QUC_6639,QUC,True,6639,32,0.91,0.5973855,behavioral_function,structured_self_rating,结构化自我评分,structured_self_rating,结构化自我评分,assigned_behavior_component,scale_questions,"The sentences predominantly follow a template: a discourse marker (e.g., 'okay', 'so', 'um') followed by a request for a rating on a numeric scale (e.g., 0-10, 1-10, 0-100) about importance, confidence, readiness, or pain, often with anchor descriptions.","The sentences function as structured questions eliciting self-reported ratings on a scale, commonly used in clinical or motivational interviewing contexts.",s004: on ascale of zero to ten zero being not very important and ten being very important how important is it for you to to get better control of your blood pressure || s005: okay all right and let me ask you another question using a scale again so from scale of zero to ten zero being I'm not confident whatsoever and 10 being I'm super confident how confident are you that you will be able to make this change,"The sentences are all part of a structured interview or questionnaire, possibly from a health behavior change intervention. | The pattern reflects a specific discourse genre: motivational interviewing, where scaling questions are used to assess readiness, importance, and confidence.","Some sentences have missing scale endpoints (e.g., s015, s023) due to transcription errors or incomplete utterances. | A few sentences (s046, s050) are not scale questions but still part of the same conversation, possibly from a different phase.",The analysis is based solely on text without context of the full conversation. | Outliers may be due to transcription artifacts or different interviewers.,4,0.9,extracted_unchanged_from_validated_feature_card,current_ai_evidence_review
QUC_12676,QUC,True,12676,33,0.88,0.5917836,linguistic_structure,,,auxiliary_yes_no_form,助动词前置的是非问句,assigned_nonbehavior_component,do_you_questions,"The majority of sentences are questions beginning with 'do you', often in a clinical or counseling context, asking about behaviors, feelings, or experiences.","The sentences function as diagnostic or therapeutic questions, likely from a healthcare provider assessing a patient's alcohol use, mental health, or lifestyle.",s029: do you drink alcohol || s035: do you have any questions,"The sentences are from a clinical interview about substance use and mental health, with some outliers being patient responses or off-topic remarks. | The pattern is a mix of assessment questions and conversational fragments, possibly from a transcript of a motivational interviewing session.","Transcription errors or disfluencies may obscure the pattern in some sentences. | The dataset may include both clinician and patient speech, mixing question and answer formats.",Outliers include declarative statements and non-'do you' questions that do not fit the primary pattern. | The behavioral function is inferred but not explicitly confirmed by context.,4,0.84,extracted_unchanged_from_validated_feature_card,current_ai_evidence_review
QUC_29947,QUC,True,29947,34,0.87,0.58624214,linguistic_structure,,,quantitative_how_form,时长与数量问句,assigned_nonbehavior_component,how_long_questions,"The majority of sentences are questions about duration, frequency, or time intervals, typically starting with 'how long' or 'how many' and often using present perfect or past tense. The pattern is a recurring interrogative structure probing temporal aspects of experiences or behaviors.","The sentences function as requests for temporal information, likely in a clinical or counseling context (e.g., assessing smoking, drinking, exercise, or symptoms). They are probing questions aimed at gathering quantitative time-related data.",s004: okay and how long have you been smoking? || s014: how long have you been married for,"The sentences could be interpreted as a mix of clinical assessment questions and conversational fillers, but the dominant pattern remains temporal questions. | Some sentences (e.g., s036-s041) use 'how many' or 'how often' instead of 'how long', but still fit the temporal information request pattern.","The dataset may be drawn from a specific domain (e.g., medical interviews) where temporal questions are common, biasing the pattern. | Transcription artifacts (e.g., incomplete sentences like s035 'how long has') may inflate the count of temporal questions.","A few sentences (s043, s044, s046, s048) are not questions and do not fit the primary pattern, but they are a small minority. | The pattern is broad; some sentences (e.g., s049 about depth) are only loosely temporal.",4,0.92,extracted_unchanged_from_validated_feature_card,current_ai_evidence_review
QUC_21296,QUC,True,21296,35,0.85,0.5820909,behavioral_function,structured_self_rating,结构化自我评分,structured_self_rating,结构化自我评分,assigned_behavior_component,scale_question_template,"The sentences predominantly follow a template where the speaker asks a question using a numeric scale (e.g., 1 to 10, 0 to 10) to rate a subjective attribute such as confidence, importance, readiness, or motivation. The pattern includes phrases like 'on a scale of X to Y' followed by a question about the attribute.","The primary behavioral function is to elicit a self-reported rating from the respondent on a specific dimension, commonly used in motivational interviewing or clinical assessment contexts.",s002: so using that same scale from zero to ten how confident are you that you'll be able to stay consistent with this new exercise regime || s014: okay so how confident are you that you can make these changes on a scale of one to ten one being not confident at all and ten being the most confident you've ever felt,"The sentences could be interpreted as a collection of prompts from a structured interview or questionnaire, where the scale is used to quantify subjective experiences. | Alternatively, the pattern might reflect a therapeutic technique (e.g., motivational interviewing) where scaling questions help assess readiness or confidence.","The dataset may be drawn from a specific domain (e.g., health behavior change) where scaling questions are common, limiting generalizability. | Some sentences have incomplete or garbled text (e.g., s011, s042), which may affect pattern detection.","Two sentences (s019, s047) deviate from the typical 0-10 or 1-10 scale, using 0-100 or 1-5, and s047 asks about frequency rather than a subjective rating. | The pattern is primarily syntactic and functional; affective content varies across sentences.",4,0.96,extracted_unchanged_from_validated_feature_card,current_ai_evidence_review
QUC_2550,QUC,True,2550,37,0.91,0.5761888,behavioral_function,structured_self_rating,结构化自我评分,structured_self_rating,结构化自我评分,assigned_behavior_component,scale_rating_questions,"The sentences predominantly ask the respondent to rate something (e.g., importance, confidence, anger, motivation, pain) on a numerical scale, typically from 1 to 10 or 0 to 10, often with explicit anchors for the endpoints.","The sentences function as requests for self-assessment or rating, commonly used in clinical, motivational interviewing, or survey contexts to quantify subjective states or attitudes.",s002: on a scale of zero to ten in terms of how important you feel they need to exercise zero being not important and 10 being very important how important do you think exercises to you || s005: How confident are you that you want to change in a scale of one to ten?,"The sentences are part of a structured interview or questionnaire using Likert-type scales to measure various constructs. | The sentences reflect a therapeutic or coaching technique (e.g., motivational interviewing) that uses scaling questions to elicit self-assessment and promote change talk.","Some sentences (e.g., s014, s040) are follow-up probes about a previous rating rather than initial scale questions. | A few sentences (s046, s047) are unrelated to scaling and may be from a different part of the conversation.","The interpretation does not cover the few sentences that are follow-up probes or scheduling questions. | The exact scale endpoints vary (0-10 vs 1-10) and anchors differ, but the core pattern remains.",4,0.92,extracted_unchanged_from_validated_feature_card,current_ai_evidence_review
QUC_20549,QUC,True,20549,38,0.72,0.5720453,behavioral_function,focused_health_assessment,聚焦式健康与病史评估,focused_health_assessment,聚焦式健康与病史评估,assigned_behavior_component,interviewer_questions,"The majority of sentences are questions asked by an interviewer or clinician in a healthcare or counseling context, often starting with discourse markers like 'okay', 'and', or 'so', and covering topics such as drinking, smoking, pain, hobbies, and family.","The sentences function as probing questions to gather information from a patient or client, typical of motivational interviewing or clinical assessment.",s001: okay and what kind of hobbies do you have? || s004: and on each of those days how many beers are you drinking in a typical day?,"The sentences could be seen as a mix of open-ended and closed-ended questions typical of structured interviews. | Alternatively, the pattern might reflect a therapeutic style using reflective listening and probing questions.","The dataset may include both interviewer and client turns, but the majority are interviewer questions. | Some sentences are fragments or incomplete questions, possibly due to transcription errors.","Outliers include statements and responses that do not fit the question pattern. | The exact context (e.g., who is speaking) is not provided, so function inference is based on linguistic form.",4,0.84,extracted_unchanged_from_validated_feature_card,current_ai_evidence_review
QUC_31422,QUC,True,31422,39,0.76,0.5711391,behavioral_function,focused_health_assessment,聚焦式健康与病史评估,focused_health_assessment,聚焦式健康与病史评估,assigned_behavior_component,medical_history_questions,"The majority of sentences are questions asked by a healthcare provider to a patient, covering medical history, symptoms, lifestyle, and readiness for change. The pattern is a clinical interview with open-ended and scaled questions.","The sentences function as diagnostic or motivational interviewing questions, aiming to gather patient information and assess readiness for behavior change.",s001: Please describe your symptoms. || s004: Have you ever used any prescription medications they weren't prescribed for you or in a way that wasn't prescribed?,"The sentences are a collection of questions from a patient intake form or script, with some personal questions mixed in. | The pattern is a mix of medical history questions and motivational interviewing questions, with a few outliers about personal interests.","The dataset may include multiple speakers or contexts (e.g., primary care vs. counseling). | Transcription artifacts like 'um' or repeated phrases may obscure the pattern.","Two sentences (s011, s027) do not fit the question pattern, suggesting some variability. | The exact clinical setting is not specified, so the function may vary.",4,0.96,extracted_unchanged_from_validated_feature_card,current_ai_evidence_review
QUC_18714,QUC,True,18714,40,0.85,0.5699347,linguistic_structure,,,scale_question_template,量表问句模板,assigned_nonbehavior_component,scale_question_template,"The sentences predominantly follow a template: a question asking the respondent to rate something on a numerical scale (e.g., 0-10, 1-10, 0-100), often with explicit anchors defining the endpoints. The pattern includes variations in the attribute being rated (confidence, readiness, importance, pain, etc.) and minor wording differences.","The sentences function as structured interview questions designed to elicit self-reported ratings on a scale, commonly used in clinical or counseling settings to assess motivation, readiness, or severity.",s002: could you say on a scale of zero to ten ten being really ready zero being not ready at all how ready would you be to do some counselling || s007: okay so how confident are you that you can make these changes on a scale of one to ten one being not confident at all and ten being the most confident you've ever felt,"The sentences are all questions, but the primary pattern is the scale template rather than just being interrogative. | The sentences could be seen as motivational interviewing techniques, but the scale template is more specific and stable. | Some sentences may be from a medical or therapeutic intake interview, but the scale template is the unifying feature.","Transcription errors or disfluencies (e.g., s019, s020, s022) may obscure the pattern. | Some sentences have missing or reversed anchors (e.g., s015) which deviate from the typical format. | The scale range varies (0-10, 1-10, 0-100) but the template remains consistent.","A few sentences (s015, s019, s020, s022, s042) do not fit the primary pattern due to semantic or surface anomalies. | The pattern is primarily structural; behavioral function is inferred but not directly observed.",4,0.9,extracted_unchanged_from_validated_feature_card,current_ai_evidence_review
QUC_32565,QUC,True,32565,41,0.79,0.56575936,linguistic_structure,,,scale_question_template,量表问句模板,assigned_nonbehavior_component,scale_question_template,"The sentences predominantly follow a template: a discourse marker (e.g., 'so', 'okay', 'and') followed by a phrase like 'on a scale of X to Y' (where X and Y are numbers, often 0 and 10, 1 and 10, or 0 and 100), optionally with an anchor description (e.g., 'zero being not important and ten being very important'), and then a question about importance, confidence, readiness, or pain. This pattern covers the majority of sentences.","The sentences function as requests for a self-report rating on a numerical scale, typically used in motivational interviewing or clinical assessment to gauge a patient's importance, confidence, readiness, or pain level.",s004: so let me ask you on a scale of zero to ten zero being not confident at all and ten being 100% confident how confident are you that you will be able to stay consistent with this new exercise regime || s006: okay so can I ask you on a scale of zero to ten now that you're considering about making a change zero being not important whatsoever and ten being super uber important how important is it for you to make this change,"The sentences could be interpreted as a behavioral function of eliciting a self-assessment for behavior change, common in motivational interviewing. | Alternatively, they might be seen as a surface artifact of a data collection protocol where interviewers use a fixed scale question template.","Some sentences have missing numbers (e.g., s012, s018, s022, s033, s037) or vary the scale endpoints (e.g., s014 uses 0 to 100), but the core template remains. | A few sentences (e.g., s044, s048) are less clear but still fit the scale question pattern.","The analysis does not capture variations in the exact wording of anchors or the specific question asked. | Some sentences (e.g., s005, s044) are fragmentary but still fit the overall pattern.",5,1.0,extracted_unchanged_from_validated_feature_card,current_ai_evidence_review
QUC_2416,QUC,True,2416,42,0.83,0.5647985,linguistic_structure,,,scale_question_template,量表问句模板,assigned_nonbehavior_component,scale_question_template,"The sentences predominantly follow a template: a question asking the respondent to rate something on a numerical scale (e.g., 1-10, 0-10), often with anchors describing the endpoints. The pattern includes phrases like 'on a scale from X to Y' and asks about confidence, importance, readiness, or other subjective states.","The sentences function as requests for self-assessment or rating, typically used in motivational interviewing or clinical settings to gauge a patient's confidence, importance, or readiness to change.",s002: and on a scale from zero to 100 100 how confident are you in making this change || s017: okay so how confident are you that you can make these changes on a scale of one to ten one being not confident at all and ten being the most confident you've ever felt,"The sentences are all questions, but the scale template is the dominant pattern. | The sentences could be seen as behavioral interventions (motivational interviewing), but the linguistic template is more consistent.","Some sentences have incomplete or garbled scale anchors (e.g., s003, s022), possibly due to transcription errors. | The scale ranges vary (0-10, 1-10, 0-100), but the structure remains similar.","Two sentences (s026, s034) do not follow the scale question pattern, indicating the pattern is not universal. | The behavioral function is inferred from context but not explicitly stated in the sentences.",4,0.96,extracted_unchanged_from_validated_feature_card,current_ai_evidence_review
QUC_19364,QUC,True,19364,43,0.82,0.56133574,linguistic_structure,,,auxiliary_yes_no_form,助动词前置的是非问句,assigned_nonbehavior_component,Have you ever/Have you been questions,"The majority of sentences are questions beginning with 'Have you' (e.g., 'Have you ever experienced withdrawals...', 'Have you used them in the past'), often used in medical or counseling contexts to inquire about patient history, symptoms, or behaviors.","The sentences function as screening or assessment questions, likely from a clinical or diagnostic interview, aimed at gathering information about health-related behaviors, symptoms, or experiences.",s001: Have you ever experienced withdrawals when you've stopped drinking we experienced severe shakes use weightier trembling hearts beating really fast || s005: Have you ever used any prescription medications they weren't prescribed for you or in a way that wasn't prescribed?,"The sentences could be part of a structured clinical interview for substance use or mental health assessment, given the prevalence of questions about drinking, medications, and symptoms. | Alternatively, the pattern might reflect a general health screening questionnaire covering various medical and lifestyle topics. | Another possibility is that the sentences are from a conversational agent or chatbot designed to ask health-related questions.","Some sentences are incomplete or contain transcription errors (e.g., s013, s014, s016, s020, s022, s023, s042, s043) which may obscure the pattern. | The presence of non-question sentences (s009, s015, s025, s026, s029) suggests the data may include mixed dialogue turns, not all of which follow the pattern.","The analysis is based solely on surface linguistic form; without context, the behavioral function is inferred but not confirmed. | Some sentences are ambiguous or contain multiple clauses, making it difficult to determine if they are all genuine questions.",4,0.9,extracted_unchanged_from_validated_feature_card,current_ai_evidence_review
QUC_29247,QUC,True,29247,44,0.83,0.55825436,behavioral_function,structured_self_rating,结构化自我评分,structured_self_rating,结构化自我评分,assigned_behavior_component,scale_rating_questions,"The sentences predominantly follow a template asking for a rating on a numerical scale (typically 1-10 or 0-10) regarding confidence, importance, readiness, or other subjective states, often with explicit anchors for endpoints.","The sentences function as structured questions eliciting self-reported ratings on a Likert-type scale, commonly used in motivational interviewing or clinical assessment contexts.",s003: on a scale of one to ten how confident are you that you'll be able to follow through with that plan with ten being very confident || s016: okay so can I ask you on a scale of zero to ten now that you're considering about making a change zero being not important whatsoever and ten being super uber important how important is it for you to make this change,"The sentences are all questions, but the primary pattern is the scale-rating template rather than just being interrogative. | The sentences could be seen as examples of motivational interviewing techniques, but the scale template is more specific and stable.","Some sentences have incomplete or garbled text (e.g., s005, s015) which may obscure the pattern. | The scale endpoints vary (1-10, 0-10, 1-5, 0-100) but the core template remains similar.","A few sentences (e.g., s017, s025, s030, s036, s038, s039, s044, s049) do not contain the explicit 'on a scale of...' phrase but still refer to scale numbers, so they are included as supporting but are less prototypical. | The analysis does not distinguish between different attributes being rated (confidence, importance, readiness, etc.), but the structural pattern is consistent.",4,1.0,extracted_unchanged_from_validated_feature_card,current_ai_evidence_review
QUC_29931,QUC,True,29931,46,0.75,0.54959387,behavioral_function,structured_self_rating,结构化自我评分,structured_self_rating,结构化自我评分,assigned_behavior_component,scale-based confidence/importance/readiness questions,"The majority of sentences are questions asking the respondent to rate a construct (confidence, importance, readiness, seriousness, willingness, likelihood) on a numeric scale, typically 0-10 or 1-10, with anchor descriptions. The pattern includes a scale range, anchor labels, and the target construct.","The sentences function as structured interview questions to elicit self-reported ratings on motivational or behavioral constructs, commonly used in health behavior change assessments (e.g., motivational interviewing).",s002: on a scale of zero to ten zero being not very important and ten being very important how important is it for you to to get better control of your blood pressure || s011: now let me ask you the same question except instead of importance how confident or how about confidence how confident are you that you could quit smoking on a scale once to have one being not confident all and ten being extremely confident,"The sentences are all questions from a structured interview or questionnaire, but the pattern is not limited to scale-based ratings; some are open-ended or yes/no questions. | The sentences are part of a motivational interviewing script, focusing on eliciting change talk through scaling questions. | The sentences are from a health assessment tool, with scaling questions for various constructs like confidence, importance, and readiness.","Transcription errors (e.g., missing numbers, typos) may obscure the scale pattern in some sentences. | Some sentences are fragments or incomplete, making pattern detection difficult. | The dataset may include multiple distinct interview protocols, mixing scale-based and non-scale questions.","Outlier sentences (e.g., s012, s017, s023, s024, s029, s032, s034, s039, s040, s041, s045, s047, s050) do not fit the scale-based pattern, indicating the set is not homogeneous. | The pattern is primarily syntactic and topical; behavioral function is inferred but not directly observable.",4,0.74,extracted_unchanged_from_validated_feature_card,current_ai_evidence_review
QUC_8861,QUC,True,8861,49,0.74,0.5455025,linguistic_structure,,,quantitative_how_form,时长与数量问句,assigned_nonbehavior_component,how_much_questions,"The majority of sentences are questions beginning with 'how much' or 'how many', inquiring about quantities, frequencies, or degrees of behaviors such as drinking, smoking, eating, or spending.","The sentences function as requests for information, often in a health or lifestyle counseling context, aiming to elicit specific numerical or scaled responses.",s001: and I'm curious as to how much time did you spend walking your dog in nature || s004: and how much are you drinking on the days that you're... on the days that you drink?,"The sentences are part of a structured interview or questionnaire about health behaviors, with a focus on substance use and diet. | The pattern reflects a therapeutic or coaching dialogue where the speaker probes for specific behavioral metrics.","Some sentences (e.g., s020, s025, s033) are not direct questions but contain 'how much' in a reflective or affirming context, which may indicate a mix of discourse functions. | The dataset may be drawn from multiple conversations, leading to slight variations in phrasing.","The analysis does not account for the full conversational context, which could clarify the function of each sentence. | Some sentences are fragments or incomplete, making interpretation ambiguous.",4,1.0,extracted_unchanged_from_validated_feature_card,current_ai_evidence_review
GI_16345,GI,True,16345,1,0.99,0.6174774,topic,,,medication_treatment_topic,药物与治疗主题,assigned_nonbehavior_component,medication_health_discourse,"The sentences predominantly discuss medications, health conditions, and lifestyle factors (e.g., alcohol, smoking, exercise) in a conversational or explanatory tone, often involving a healthcare provider or patient interaction.",The available sentences do not support a stable behavioral-function interpretation.,s001: he's right this medicine is designed to help lower your cholesterol and that means that it will help lower your risk of having a heart attack or a stroke || s002: yeah I'm the pharmacist on duty citalopram okay it's an antidepressant and it comes in   and  milligram strength it's excreted in the urine and it has a half-life of about  hours for side effects there are sexual side effects heart side effects and stomachs side effects,"The sentences may represent a corpus of healthcare consultations, with a mix of provider explanations and patient responses. | The pattern could be a collection of advice or information-giving utterances about health behaviors and medications.","The sentences vary in speaker role (provider vs. patient) and discourse function (question, statement, advice), making a single behavioral function hard to isolate. | Some sentences are incomplete or truncated, potentially obscuring the intended function.","The analysis is based solely on text without speaker labels or context, limiting functional interpretation. | The set includes diverse topics (medications, alcohol, smoking, exercise) under a broad health umbrella, but no single sub-topic dominates.",4,1.0,extracted_unchanged_from_validated_feature_card,current_ai_evidence_review
GI_8294,GI,True,8294,2,0.97,0.54489267,topic,,,medication_treatment_topic,药物与治疗主题,assigned_nonbehavior_component,medication_discourse,"The sentences predominantly involve discussions about medications, including their names, uses, side effects, dosing instructions, and patient concerns, often in a clinical or counseling context.","The sentences appear to function as medication counseling or education, with healthcare providers explaining medication details, addressing patient concerns, and providing instructions.",s001: yeah I'm the pharmacist on duty citalopram okay it's an antidepressant and it comes in   and  milligram strength it's excreted in the urine and it has a half-life of about  hours for side effects there are sexual side effects heart side effects and stomachs side effects || s007: okay okay so this medication is for your cholesterol,"The sentences may represent a mix of patient-provider interactions, including questions, instructions, and clarifications about medications. | Some sentences could be part of a medication reconciliation or adherence counseling session.","The dataset may be drawn from a specific clinical domain (e.g., pharmacy, primary care) which biases the topic. | Transcription artifacts or anonymization may obscure some context.","The primary interpretation is broad (topic-based) and does not capture finer-grained discourse functions. | Some sentences (e.g., s005, s012) are more general statements about medications but still fit the topic.",4,1.0,extracted_unchanged_from_validated_feature_card,current_ai_evidence_review
GI_26879,GI,True,26879,3,0.98,0.53894544,topic,,,health_risk_vitals_topic,健康风险与指标主题,assigned_nonbehavior_component,health_risk_advice,"The majority of sentences discuss health risks, benefits, or advice related to behaviors such as smoking, exercise, diet, and medication, often citing research or statistics.","The sentences function as informational or advisory statements, likely from a healthcare context, aimed at educating or persuading about health behaviors.","s003: because smoking is a major risk factor for DVT even if you even if we treat you now if you don't quit smoking I'm afraid the blood clots will return again || s021: Okay well smoking really is really bad for you, you know it causes things like lung cancer, emphysema, heart disease.","The sentences may be from a corpus of doctor-patient conversations, with many sentences providing medical advice or information. | The pattern could be a mix of health-related statements and conversational fillers, with no single dominant topic.","Some sentences are incomplete or contain transcription errors (e.g., s001, s009, s019). | A few sentences are unrelated to health (e.g., s012, s050).","The outlier sentences (s005, s010, s012, s014, s015, s047, s050) do not fit the health topic pattern. | The pattern is broad and may include multiple sub-topics within health.",3,0.86,extracted_unchanged_from_validated_feature_card,current_ai_evidence_review
GI_13751,GI,True,13751,4,0.99,0.5321207,behavioral_function,,,,,behavior_unassigned,healthcare_professional_reviewing_records,"The sentences predominantly feature a healthcare professional reviewing patient records, noting observations from charts, questionnaires, or profiles, often with expressions like 'I see', 'according to your chart', 'it says here', and 'you have'. The pattern involves referencing documented information (e.g., medication, weight, drinking habits) and sometimes expressing surprise or concern.","The primary behavioral function appears to be information gathering and verification during a clinical consultation, where the speaker reads back or summarizes patient data to confirm accuracy or highlight issues.",s002: great yeah it says here that you're drinking soft drinks in between meals || s007: um now I was taking a look at your medication profile earlier and it looks like you're on two different strengths of lipitor so that obviously it can't be right,"The sentences could be from a counseling session where the speaker uses patient records to guide discussion about lifestyle changes. | Alternatively, they might represent a medical intake interview where the clinician reads back information for verification.","Some sentences (e.g., s016, s035) discuss food options, possibly from a different context like a restaurant or diet plan. | A few sentences (e.g., s011, s040) involve emotional or interpersonal dynamics not directly related to record review.","The dataset includes sentences that may come from multiple speakers or settings, reducing homogeneity. | Transcription errors or incomplete sentences (e.g., s004, s036) make pattern detection less reliable.",4,0.72,extracted_unchanged_from_validated_feature_card,current_ai_evidence_review
GI_27515,GI,True,27515,5,0.98,0.51868814,behavioral_function,health_recommendation,健康建议与风险指导,health_recommendation,健康建议与风险指导,assigned_behavior_component,medical_advice_and_history,"The sentences predominantly involve a healthcare provider discussing treatment plans, medication changes, lifestyle modifications, and patient history, often using directive or advisory language.","The primary behavioral function is giving medical advice or recommendations, as seen in sentences like s001 (transitioning off oxy) and s005 (cut out drinking).",s001: at this point is to think about transitioning you off of the oxy onto one of these over-the-counter medications and using some of these other techniques to help you manage the pain || s005: okay well for a man your age in this high risk category it is recommended that you actually cut out drinking altogether to reduce that risk,"The sentences could be interpreted as a mix of information gathering (history taking) and information giving (advice), but advice-giving dominates. | Another interpretation is that the sentences are part of a medical consultation transcript, with a focus on patient education and shared decision-making.","Some sentences (e.g., s008, s017) are more conversational or include patient quotes, but still fit the medical context. | The presence of transcription artifacts (e.g., s047 'ation') does not affect the functional interpretation.","The analysis is based solely on text without speaker labels, so the exact role of each utterance is inferred. | Some sentences are incomplete or contain errors, but the overall pattern remains clear.",4,1.0,extracted_unchanged_from_validated_feature_card,current_ai_evidence_review
GI_26236,GI,True,26236,6,0.93,0.5108132,topic,,,health_risk_vitals_topic,健康风险与指标主题,assigned_nonbehavior_component,cholesterol_and_blood_pressure_discourse,"The sentences predominantly discuss cholesterol and blood pressure management, often in a clinical or counseling context, using discourse markers like 'okay' and 'so' to structure explanations or instructions.",The available sentences do not support a stable behavioral-function interpretation.,s001: okay okay so this medication is for your cholesterol || s002: he's right this medicine is designed to help lower your cholesterol and that means that it will help lower your risk of having a heart attack or a stroke,"The sentences may reflect a clinical counseling or patient education discourse, with frequent use of 'okay' and 'so' as discourse markers. | The sentences could be part of a medical interview or health coaching session, focusing on medication adherence and lifestyle changes.","The dataset may be drawn from multiple conversations or sources, leading to varied topics like cholesterol, blood pressure, and general health risks. | Some sentences appear to be incomplete or contain transcription errors, which may obscure the intended pattern.","The primary interpretation is broad (topic-based) and does not capture subtle differences in discourse function or linguistic structure. | There is no clear behavioral function that applies to all sentences; some are questions, some are statements, some are instructions.",4,1.0,extracted_unchanged_from_validated_feature_card,current_ai_evidence_review
GI_17827,GI,True,17827,7,1.0,0.5105669,topic,,,general_health_behavior_topic,一般健康行为主题,assigned_nonbehavior_component,health_discourse_mixed,"The sentences predominantly revolve around health-related topics such as cholesterol, blood sugar, weight, medication, and lifestyle advice, often in a conversational or educational tone. However, the set is heterogeneous, mixing explanations, questions, personal anecdotes, and advice without a single stable pattern.",The available sentences do not support a stable behavioral-function interpretation.,"s007: your ac it measures the amount of sugar that's been on your hemoglobin in the last three months to determine how well you've been controlling your blood sugar || s015: Okay well smoking really is really bad for you, you know it causes things like lung cancer, emphysema, heart disease.","The sentences might be from a medical consultation transcript, with a mix of doctor explanations and patient responses. | The set could represent a collection of health-related questions and answers from an online forum or educational material. | Some sentences may be from a conversation about diet and nutrition, while others are about medication management.","The sentences are likely extracted from different parts of a longer conversation, leading to varied topics. | Transcription errors or incomplete sentences (e.g., s021) obscure the pattern. | The presence of personal anecdotes (s006, s013) may reflect patient speech, not a single discourse function.",The set is too diverse to identify a single stable pattern beyond the broad health topic. | Outliers indicate that not all sentences fit the health education or advice pattern. | The lack of consistent discourse markers or syntactic structures prevents a more specific interpretation.,2,0.86,extracted_unchanged_from_validated_feature_card,current_ai_evidence_review
GI_16515,GI,True,16515,8,0.98,0.50999165,topic,,,health_risk_vitals_topic,健康风险与指标主题,assigned_nonbehavior_component,healthcare_discourse_quantities,"The sentences predominantly occur in healthcare or counseling contexts, where a speaker provides numerical information (e.g., calories, tries, ounces, blood pressure, A1C, insulin units) or uses scales (0-10) to assess readiness or importance. Many sentences include phrases like 'about X', 'around X', or 'on a scale from 0 to 10'.","The sentences serve to inform, educate, or assess patients/clients about health-related metrics, risks, or behaviors, often using numbers to quantify advice or progress.",s001: did you know that a glass of orange juice has almost as many calories as a can of cola || s010: It measures the amount of sugar that's been on your hemoglobin in the last three months do determine how well you've been controlling your blood sugar.,"The sentences might be from a corpus of transcribed medical consultations, explaining the prevalence of numbers and health topics. | The pattern could be a mix of educational (e.g., nutrition facts) and motivational interviewing (e.g., readiness scales) discourse.","Some sentences (e.g., s043, s044) are less clearly health-related but still fit a counseling context. | The presence of numbers might be an artifact of the transcription process rather than a genuine topic pattern.","The analysis is based solely on text content without speaker or context metadata. | Some sentences are incomplete or contain placeholders (e.g., s003, s020), which may affect interpretation.",4,1.0,extracted_unchanged_from_validated_feature_card,current_ai_evidence_review
GI_21634,GI,True,21634,9,0.92,0.5097505,topic,,,medication_treatment_topic,药物与治疗主题,assigned_nonbehavior_component,medication_discourse,"The sentences predominantly involve discussions about medications, including their names, usage instructions, side effects, and patient history, often in a clinical or counseling context.",The available sentences do not support a stable behavioral-function interpretation.,s003: okay well you're going to take one tablet of cholesteryl sent in twenty one time a day by mouth and you can take that with or without food || s005: okay so I see that you're taking simvastatin amlodipine and sertraline,"The sentences may represent a mix of patient education and medication reconciliation dialogues. | Some sentences focus on side effects and risks, suggesting a risk communication pattern.","Transcription errors (e.g., 'gem fib Raziel' for gemfibrozil) may obscure patterns. | The set includes both statements and questions, mixing discourse functions.","One outlier (s020) does not mention medication, but the majority strongly supports the medication topic. | The pattern is broad and may not capture finer sub-topics.",4,0.98,extracted_unchanged_from_validated_feature_card,current_ai_evidence_review
GI_9893,GI,True,9893,10,0.94,0.49422485,topic,,,diet_weight_activity_topic,饮食、体重与活动主题,assigned_nonbehavior_component,health_diet_exercise_discourse,"The sentences predominantly involve discussions about health, diet, exercise, and lifestyle changes, often with references to specific diets (e.g., South Beach), smoking, alcohol, weight, and medical conditions. The discourse is conversational, with frequent hedges, approximations, and references to past conversations or personal experiences.","The sentences appear to be from a counseling or coaching session (e.g., dietitian, therapist, or health coach) where the speaker is discussing health behaviors, giving advice, and recalling patient history. The function includes information gathering, reflection, and suggestion.",s004: there are there's a couple out there one called protein power and but a lot of my patients have had a lot of luck with South Beach diet || s005: right okay so one of the great things about South Beach is I think it's for $7.99 a month or something like that you can get tied in and have your own registered dietician,"The sentences may be from a medical or therapeutic interview, with a focus on patient history and lifestyle advice. | The pattern could reflect a coaching session for behavior change, with frequent use of approximations and references to past discussions.","The sentences are from multiple speakers (e.g., patient and provider), making it hard to isolate a single discourse function. | Some sentences (e.g., s006, s022, s047) are more tangential or unclear, but still fit the general health/lifestyle topic.","The analysis is based on text only, without prosodic or contextual cues. | The sample IDs are not ordered, so conversational flow is not fully captured.",4,1.0,extracted_unchanged_from_validated_feature_card,current_ai_evidence_review
GI_24876,GI,True,24876,11,0.92,0.49279922,topic,,,medication_treatment_topic,药物与治疗主题,assigned_nonbehavior_component,healthcare_discourse_medication_smoking,"The sentences predominantly involve healthcare-related discussions, focusing on medications, smoking risks, and patient advice, often using explanatory and directive language.",The available sentences do not support a stable behavioral-function interpretation.,s001: so the name of this medication is gem fib Raziel it's the generic for low pay || s007: because smoking is a major risk factor for DVT even if you even if we treat you now if you don't quit smoking I'm afraid the blood clots will return again,The sentences may reflect a clinical consultation transcript with a mix of patient education and history-taking. | The pattern could be a collection of medication-related instructions and warnings about smoking.,"Transcription errors or typos (e.g., 'gem fib Raziel' for gemfibrozil) may obscure patterns. | Some sentences are fragments or questions that deviate from the dominant explanatory style.","The set includes diverse topics (medications, smoking, diet, alcohol) making a single pattern less precise. | Outliers include questions about lifestyle that are not directly medication or smoking advice.",3,0.86,extracted_unchanged_from_validated_feature_card,current_ai_evidence_review
GI_8166,GI,True,8166,12,0.9,0.47523522,behavioral_function,medication_information_instruction,用药信息与执行说明,medication_information_instruction,用药信息与执行说明,assigned_behavior_component,healthcare_professional_dialogue,"The sentences predominantly represent spoken dialogue from healthcare professionals (e.g., counselors, therapists, doctors) providing medical advice, prescribing medication, discussing health conditions, or counseling patients on lifestyle changes.","The primary behavioral function is giving medical advice or health-related information, often with instructional or prescriptive language (e.g., 'you're gonna take it once a day', 'I would recommend you to take two tablets').",s008: okay so I wrote a prescription for an antibiotic for Aidan that should help with the ear infection || s016: all right so this medication is for your cholesterol you're gonna take it once a day you can take it with a lot of water and you want to make sure you don't miss any doses okay,"The sentences could be from a corpus of transcribed counseling or therapy sessions, with some sentences reflecting patient responses or off-topic remarks. | The pattern might be a mix of medical advice and casual conversation, with no single stable function across all sentences.","The dataset may include both professional and client utterances, mixing advice with personal anecdotes. | Transcription errors or incomplete sentences may obscure the intended function.","Some sentences (e.g., s009, s010) are personal or narrative, not fitting the medical advice pattern. | The behavioral function is inferred from content, but without speaker labels, the exact role is uncertain.",4,0.72,extracted_unchanged_from_validated_feature_card,current_ai_evidence_review
GI_18490,GI,True,18490,13,0.76,0.47511685,topic,,,diet_weight_activity_topic,饮食、体重与活动主题,assigned_nonbehavior_component,weight_health_discourse,"The sentences predominantly discuss weight, obesity, diabetes, and related health risks, often in the context of advice, information, or patient-provider dialogue about lifestyle changes such as diet and exercise.","The sentences appear to function as a health counseling or educational discourse, where a provider informs, advises, or motivates a patient about weight management and its impact on conditions like diabetes and hypertension.","s001: overall, obesity can lead to many chronic conditions || s003: if you loss weight, it will lessen the risk of getting these diseases","The sentences may reflect a motivational interviewing style, where the provider elicits patient concerns and reinforces change talk. | The pattern could be a collection of clinical notes or transcripts from a weight management or diabetes education session.","The dataset may include multiple speakers (provider and patient), making it difficult to isolate a single discourse function. | Some sentences are incomplete or contain transcription artifacts (e.g., repeated words, placeholders like 'UH' or 'pounds').","Two sentences (s049, s050) are unrelated to the health topic, suggesting possible topic shifts or noise. | The behavioral function is inferred but not explicitly marked; the sentences could also be from a scripted dialogue.",4,0.96,extracted_unchanged_from_validated_feature_card,current_ai_evidence_review
GI_2055,GI,True,2055,14,0.84,0.4734203,linguistic_structure,,,healthcare_discourse_markers,会谈过渡与确认标记,assigned_nonbehavior_component,healthcare_discourse_markers,"The sentences predominantly feature discourse markers such as 'so', 'okay', 'um', 'you know', and 'right', often initiating or framing a turn in a healthcare or counseling interaction. Many sentences include references to medication, symptoms, or lifestyle advice, suggesting a clinical or therapeutic setting.","The sentences appear to function as conversational turns in a healthcare context, including checking understanding, providing information, and eliciting patient responses.",s001: um now I was taking a look at your medication profile earlier and it looks like you're on two different strengths of lipitor so that obviously it can't be right || s003: okay so nothing's changed wonderful um now I was taking a look at your medication profile earlier and it looks like you're on two different strengths of lipitor so that obviously can't be right,"The sentences may be from a corpus of doctor-patient conversations, with a mix of clinical and casual topics. | The pattern could reflect a transcription artifact where speakers use fillers and discourse markers frequently.","Some sentences (e.g., s005, s010) include non-healthcare topics like Apple support or depression, but still use similar discourse markers. | The variety of topics (e.g., tennis, bus, fire house) may dilute the healthcare focus.",The pattern is broad and may not distinguish this feature from other conversational datasets. | No single behavioral function is consistently present across all sentences.,3,1.0,extracted_unchanged_from_validated_feature_card,current_ai_evidence_review
GI_1713,GI,True,1713,15,0.78,0.44832858,topic,,,medication_treatment_topic,药物与治疗主题,assigned_nonbehavior_component,medical_consultation_discourse,"The sentences predominantly consist of utterances from medical consultations, involving discussions of risk factors, medications, symptoms, lifestyle advice, and patient history. The pattern includes explanations, instructions, and questions typical of doctor-patient interactions.","The primary behavioral function is providing medical information, advice, and instructions, as well as eliciting patient information through questions. This is evident in sentences like s004 (medication instructions) and s034 (asking about medical history).",s004: all right so this medication is for your cholesterol you're gonna take it once a day you can take it with a lot of water and you want to make sure you don't miss any doses okay || s016: hi Hannah nice to meet you hi so I understand that you were referred to me by your GP because you've been experiencing some anxiety difficulties,"The sentences could be interpreted as a collection of health-related advice and warnings, focusing on risk factors and behavior change. | Another interpretation is that the sentences represent a mix of patient education and clinical inquiry, with a strong emphasis on medication management.","The sentences may come from multiple different medical consultations, leading to variation in specific topics (e.g., diabetes, smoking, anxiety). | Some sentences contain transcription errors or informal language that might obscure the pattern.","The analysis does not account for the conversational context or speaker roles, which could affect interpretation. | Some sentences are incomplete or contain unclear references, making it difficult to fully ascertain their function.",4,1.0,extracted_unchanged_from_validated_feature_card,current_ai_evidence_review
GI_16131,GI,True,16131,16,0.7,0.44722348,behavioral_function,medication_information_instruction,用药信息与执行说明,medication_information_instruction,用药信息与执行说明,assigned_behavior_component,medication_dosing_instructions,"The majority of sentences involve healthcare professionals providing instructions or information about medication dosing, administration, and adherence, often using directive language and specific medication names.","The primary behavioral function is giving medication instructions or advice, including dosing frequency, timing, and interactions, as well as checking patient understanding or adherence.",s001: yeah I'm the pharmacist on duty citalopram okay it's an antidepressant and it comes in   and  milligram strength it's excreted in the urine and it has a half-life of about  hours for side effects there are sexual side effects heart side effects and stomachs side effects || s005: all right so this medication is for your cholesterol you're gonna take it once a day you can take it with a lot of water and you want to make sure you don't miss any doses okay,"The sentences could be seen as a collection of medication-related dialogues from a healthcare setting, but some are patient questions or statements about non-prescription drugs. | Alternatively, the pattern might be about medication adherence discussions, but several sentences focus on side effects or drug interactions rather than adherence.","Some sentences are incomplete or contain transcription errors (e.g., missing numbers), which may obscure the pattern. | The dataset includes both professional instructions and patient responses, mixing discourse roles.","Outliers include sentences about over-the-counter purchases and illicit drug sales, which differ in context. | A few sentences are questions about medication knowledge rather than instructions.",4,0.88,extracted_unchanged_from_validated_feature_card,current_ai_evidence_review
GI_7148,GI,True,7148,17,0.77,0.44367298,topic,,,health_risk_vitals_topic,健康风险与指标主题,assigned_nonbehavior_component,health_advice_with_numbers,"The sentences predominantly involve health-related advice or observations that include numerical values (e.g., number of tries, minutes of exercise, teaspoons of sugar, pounds, blood pressure readings, ounces, days, cost, BMI, percentile, years, scale ratings). The numbers are often presented with placeholders or approximations.","The sentences appear to be excerpts from healthcare consultations or health coaching dialogues, where professionals provide information, recommendations, or ask questions involving specific metrics.",s001: Research shows that people take on average about  tries before they quit smoking || s004: so each can of soda  actually has about  teaspoons of sugar  in it,"The sentences are from a corpus of transcribed medical or health coaching conversations, with many containing numerical values due to the nature of health metrics. | The pattern is a surface artifact of transcription where numbers are often omitted or replaced with placeholders, but the underlying topic is health advice.","Some sentences lack explicit numbers but are still part of the same health dialogue context. | The presence of placeholders (e.g., blank spaces) may be a transcription convention rather than a genuine linguistic pattern.","The analysis is based on text only and may not capture the full conversational context. | Some sentences are incomplete or contain transcription errors, making pattern detection harder.",4,1.0,extracted_unchanged_from_validated_feature_card,current_ai_evidence_review
GI_17685,GI,True,17685,18,0.78,0.44351134,topic,,,general_health_behavior_topic,一般健康行为主题,assigned_nonbehavior_component,health_behavior_discourse,"The sentences predominantly discuss health-related behaviors (smoking, diabetes, exercise, diet, condom use) in a conversational or counseling context, often using second-person pronouns and addressing misconceptions or providing advice.","The sentences function as health counseling or educational discourse, including questioning, advising, and reflecting on patient experiences.",s001: most people who smoke do it because they as does something good for them || s005: Research shows that people take on average about  tries before they quit smoking,"The sentences may represent a collection of motivational interviewing or patient-provider interactions, with a focus on behavior change. | The pattern could be an artifact of a corpus focused on health communication, with some unrelated conversational snippets.","The dataset may include multiple speakers or contexts (e.g., counseling vs. casual conversation), diluting the pattern. | Some sentences are incomplete or contain transcription errors, making topic identification ambiguous.",Not all sentences fit the health behavior topic; outliers include general statements or unrelated topics. | The behavioral function is not uniformly present; some sentences are purely informational.,3,0.7,extracted_unchanged_from_validated_feature_card,current_ai_evidence_review
GI_23723,GI,True,23723,19,0.71,0.43993032,linguistic_structure,,,healthcare_discourse_markers,会谈过渡与确认标记,assigned_nonbehavior_component,discourse_marker_actually,"The majority of sentences contain the discourse marker 'actually' used to emphasize, correct, or introduce new information, often in a conversational or counseling context.","The sentences appear to be from counseling or medical advice dialogues, where 'actually' functions to assert facts, give recommendations, or reframe patient perceptions.","s003: Actually, if you look up here... the roof of your mouth, I'm noticing a lot of irritation that's really consistent with tobacco use || s011: and that would actually kind of take care of two of these things right your weight and your exercise both of those would have a really positive effect I think on your on your blood pressure","The sentences may be from a corpus of health counseling sessions, with topics covering smoking, drinking, exercise, and weight loss. | The frequent use of 'actually' could be a transcription artifact or a conversational filler rather than a deliberate discourse strategy.","The pattern may be influenced by the specific domain (medical advice) rather than a general linguistic feature. | Some sentences lack 'actually' but still fit the conversational style, suggesting the pattern is not exclusive.",The analysis does not account for sentences without 'actually' that still share the conversational context. | The behavioral function is inferred from context but not explicitly confirmed.,4,1.0,extracted_unchanged_from_validated_feature_card,current_ai_evidence_review
GI_5828,GI,True,5828,20,0.78,0.43943414,linguistic_structure,,,healthcare_discourse_markers,会谈过渡与确认标记,assigned_nonbehavior_component,discourse_marker_yeah_it_is,"A majority of sentences begin with 'yeah' or 'okay' followed by 'it's' or 'it is', often used to affirm, clarify, or evaluate a preceding statement. This pattern reflects conversational turn-taking and evaluative responses.","The sentences function as affirmations, clarifications, or evaluations in dialogue, often responding to an implicit or explicit prior utterance.",s001: no but you know I was recording the show that I watch and it was on there and so I've just gone back and watched it you know again and again my wife I've heard it a couple other times on the news hey everybody yeah || s008: yeah it's very close though,"The sentences are from counseling or medical advice dialogues, focusing on health, habits, and lifestyle changes. | The sentences exhibit a pattern of hedging and softening statements with discourse markers like 'yeah', 'okay', 'well', and 'so'.","The dataset may be derived from transcribed conversations with a specific topic (e.g., health, pharmacy), introducing topical bias. | The prevalence of 'yeah' and 'okay' may reflect transcription conventions or speaker idiolects rather than a stable linguistic pattern.","Some sentences lack the 'yeah it's' structure (e.g., s002, s004, s016, s021, s024, s025, s027, s030, s034, s035, s036, s037, s039, s040, s041, s042, s043, s045, s047, s049, s050), but still contain 'it's' or evaluative language. | The pattern is broad and may not be distinctive enough to separate from general conversational English.",3,1.0,extracted_unchanged_from_validated_feature_card,current_ai_evidence_review
GI_30517,GI,True,30517,21,0.78,0.4387603,topic,,,diet_weight_activity_topic,饮食、体重与活动主题,assigned_nonbehavior_component,health_diet_discourse,"The sentences form a health counseling or educational dialogue, focusing on diet, sugar, alcohol, and chronic disease management (e.g., diabetes, cholesterol, blood pressure). The pattern includes questions, advice, and information exchange about nutrition and health risks.","The primary behavioral function is health education and counseling, with speakers providing information, asking about habits, and giving advice on diet and lifestyle changes.",s001: John is very important that you recognize that some fruits but especially fruit juice can contain a huge amount of calories || s003: did you know that a glass of orange juice has almost as many calories as a can of cola,"The sentences could be from a motivational interviewing session, with open-ended questions and reflective listening. | Alternatively, they might be part of a patient education script covering multiple health topics like diabetes, hypertension, and substance use.","Some sentences (e.g., s022, s032) mention pets as asthma triggers, which is a different health topic but still within health counseling. | Sentence s042 ('vegetables what kind of apples do you like') seems slightly off-topic but could be part of dietary discussion.","The set includes many different health sub-topics, making it broad rather than narrowly focused. | Some sentences are incomplete or fragmented, possibly from conversational speech.",4,1.0,extracted_unchanged_from_validated_feature_card,current_ai_evidence_review
GI_17556,GI,True,17556,22,0.7,0.43228796,topic,,,medication_treatment_topic,药物与治疗主题,assigned_nonbehavior_component,medication_counseling_dialogue,"The sentences predominantly involve a pharmacist or healthcare provider counseling a patient about medications, covering topics such as prescription requirements, side effects, dosage, and drug interactions.",The available sentences do not support a stable behavioral-function interpretation.,s005: yeah I'm the pharmacist on duty citalopram okay it's an antidepressant and it comes in   and  milligram strength it's excreted in the urine and it has a half-life of about  hours for side effects there are sexual side effects heart side effects and stomachs side effects || s011: usually this medication does not cause any major side effects however it make was obsessed Omikron or vomiting and you may feel a little bit nervous of shaking,The sentences may represent a mix of patient questions and pharmacist responses in a healthcare consultation. | Some sentences could be from a medical advice forum or chat transcript.,"Transcription errors or typos (e.g., 'gem fib Raziel' for gemfibrozil) may obscure meaning. | Some sentences are incomplete or fragmented, making interpretation difficult.","Sentence s020 is an outlier with unclear relevance to medication counseling. | The set includes both statements and questions, but the dominant topic remains medication.",4,0.98,extracted_unchanged_from_validated_feature_card,current_ai_evidence_review
GI_6651,GI,True,6651,23,0.71,0.42580622,topic,,,diet_weight_activity_topic,饮食、体重与活动主题,assigned_nonbehavior_component,healthcare_discourse,"The sentences predominantly involve healthcare-related discussions, including topics like blood pressure, blood sugar, diabetes, diet, exercise, and lifestyle advice, often in a conversational or counseling context.","The sentences appear to function as parts of healthcare consultations, including questions, advice, explanations, and reflections about health conditions and behaviors.","s003: Alright, your blood pressure is  over || s014: how are you doing today I'm Bruce Berger I work on the case manager with your health plan I understand that you came in today to talk about your diabetes","The sentences may represent a mix of counseling sessions about various personal issues, not exclusively health. | The pattern could be an artifact of transcription from multiple different conversations stitched together. | Some sentences might be from a support group or therapy context, covering both health and personal life.","The dataset may include multiple speakers or contexts, leading to topic diversity. | Transcription errors or incomplete sentences may obscure the pattern. | Some sentences are fragments or contain disfluencies that make topic identification difficult.","A significant number of sentences (20 out of 50) do not clearly relate to healthcare, indicating the pattern is not universal. | The healthcare topic is broad and includes various sub-topics, so the pattern is not highly specific.",3,0.6,extracted_unchanged_from_validated_feature_card,current_ai_evidence_review
GI_10264,GI,True,10264,25,0.75,0.4193947,behavioral_function,health_recommendation,健康建议与风险指导,health_recommendation,健康建议与风险指导,assigned_behavior_component,health_behavior_counseling_dialogue,"The sentences form a dialogue between a healthcare provider and a patient, focusing on lifestyle modifications (diet, exercise, alcohol, smoking) and health metrics (weight, blood sugar, cholesterol). The provider gives advice, asks about readiness, and uses motivational interviewing techniques.","The primary behavioral function is health behavior counseling, including advice-giving, goal-setting, and assessing readiness to change.",s004: okay well for a man your age in this high risk category it is recommended that you actually cut out drinking altogether to reduce that risk || s020: okay so what can we do to get you at say like a nine or ten level of confidence,"The sentences could be interpreted as a collection of generic health tips and questions, lacking a coherent dialogue structure. | The pattern might reflect a scripted clinical interview template with standardized questions and advice.","The sentences are extracted from a longer conversation, so some context is missing, which may obscure the dialogue flow. | The presence of numerical placeholders (e.g., ' minutes', '  to  ') suggests transcription or anonymization artifacts.","The analysis assumes a single speaker role (provider) and patient responses, but speaker labels are not provided. | Some sentences (e.g., s013, s017) discuss travel or bus rides, which are less directly health-related but still fit the broader lifestyle context.",4,1.0,extracted_unchanged_from_validated_feature_card,current_ai_evidence_review
GI_19483,GI,True,19483,27,0.7,0.41691008,behavioral_function,medication_information_instruction,用药信息与执行说明,medication_information_instruction,用药信息与执行说明,assigned_behavior_component,healthcare_advice_dialogue,"The sentences predominantly consist of healthcare-related advice, instructions, or counseling dialogues, covering medication management, lifestyle changes (diet, exercise, smoking cessation), and patient concerns. The pattern includes directive language, explanations of risks/benefits, and reflective listening.","The primary behavioral function is providing professional advice or counseling, often in a healthcare setting (pharmacist, doctor, counselor). Sentences include instructions (e.g., s001, s005, s030), risk communication (s004, s016, s035), and motivational interviewing (s024, s026, s034).","s004: Okay well smoking really is really bad for you, you know it causes things like lung cancer, emphysema, heart disease. || s005: and you're going to take it once a day it's really important that you take it every day all right and you can take it with her without food it doesn't really matters yes once a day","The sentences could be part of a corpus of transcribed medical consultations or health coaching sessions, with some outliers being unrelated or from different contexts. | Alternatively, the pattern might be instructional discourse more broadly, including non-healthcare instructions (e.g., cooking in s003, travel in s015).","Some sentences (e.g., s007, s015, s037) discuss travel or weather, which may be from different dialogue contexts or represent small talk within healthcare visits. | The presence of legal/criminal topics (s010, s029, s033) may indicate a mixed corpus including counseling for substance abuse or legal issues.","The outlier set is substantial (19 out of 50), indicating the pattern does not cover all sentences. | The behavioral function may be an artifact of the corpus selection rather than a stable linguistic feature.",3,0.62,extracted_unchanged_from_validated_feature_card,current_ai_evidence_review
GI_20329,GI,True,20329,28,0.71,0.41500387,topic,,,health_risk_vitals_topic,健康风险与指标主题,assigned_nonbehavior_component,health_discourse,"The sentences predominantly discuss health conditions, symptoms, treatments, and risk factors, often in a clinical or advisory context. The pattern involves medical terminology and advice-giving, with many sentences addressing diabetes, smoking, anxiety, and related issues.",The available sentences do not support a stable behavioral-function interpretation.,"s001: I'm being physically active is an essential part in the treatment of diabetes || s016: OK Ms. Fisher listen to this, by continuing to smoke you are putting your body in a great amount of harm COPD, chronic bronchitis, pneumonia, asthma, all these other type of bad things","The sentences may represent a mix of patient-provider dialogues, with some sentences being questions or advice, but the primary pattern remains topical. | Some sentences could be interpreted as having an affective content of concern or urgency, but this is not consistent across the set.","The dataset may be drawn from medical transcripts, leading to a natural clustering around health topics. | Some sentences are incomplete or contain transcription errors, making interpretation difficult.","A few sentences (s007, s017, s043) do not clearly fit the health topic, but they are a minority. | The pattern is broad and may not capture subtle differences in sub-topics.",4,0.92,extracted_unchanged_from_validated_feature_card,current_ai_evidence_review
SU_24760,SU,True,24760,1,0.99,1.0625718,behavioral_function,empathic_validation,共情理解与困难确认,empathic_validation,共情理解与困难确认,assigned_behavior_component,empathic understanding,"The majority of sentences express understanding or empathy, often using the phrase 'I understand' or 'I can understand', followed by a restatement or acknowledgment of the other person's situation or feelings.","The sentences function as empathic reflections or acknowledgments in a counseling or supportive conversation, aiming to validate the speaker's perspective.",s001: I completely understand your you have a busy lifestyle || s008: yeah I understand exactly what you're saying,The pattern may be a discourse marker of active listening in therapeutic or motivational interviewing contexts. | The pattern could be a formulaic expression of politeness or agreement in service encounters.,"Some sentences include questions or directives (e.g., s041, s043) that shift the function from understanding to checking comprehension. | A few sentences use 'I see' or 'I hear' instead of 'I understand', which may indicate a slightly different cognitive process.","The dataset may be drawn from a single domain (e.g., health counseling), limiting generalizability. | The pattern is heavily reliant on the lexical item 'understand', which may be an artifact of the transcription context.",4,1.0,extracted_unchanged_from_validated_feature_card,current_ai_evidence_review
SU_11948,SU,True,11948,2,0.92,1.0269549,behavioral_function,,,,,behavior_unassigned,therapist_empathic_support,"The sentences predominantly express empathetic support, encouragement, or concern from a therapist or counselor to a client, often using phrases like 'I really want to help you' and 'I really commend you'.","The primary behavioral function is therapeutic support and motivation, including affirmations, reflections, and expressions of commitment to help.",s001: listen I like both Tammy associates I want to help you I really try to help you I don't in your shoes once || s015: I really commend you for taking that first step towards change,"The sentences may be from a smoking cessation counseling session, with many references to quitting smoking and health concerns. | The pattern could be a mix of therapeutic dialogue and casual conversation, with no single dominant function.","The dataset may include multiple speakers or contexts, mixing therapist and client utterances. | Some sentences are incomplete or contain transcription errors, obscuring their function.","Outliers include client responses, off-topic remarks, and unclear utterances that do not fit the therapeutic support pattern. | The behavioral function interpretation is based on pragmatic cues but lacks explicit context.",3,0.66,extracted_unchanged_from_validated_feature_card,current_ai_evidence_review
SU_29825,SU,True,29825,3,0.95,1.0053388,behavioral_function,empathic_validation,共情理解与困难确认,empathic_validation,共情理解与困难确认,assigned_behavior_component,empathic_validation_and_permission_requests,"The sentences predominantly express understanding, validation, or normalization of the listener's feelings or behaviors, often using phrases like 'I can understand', 'that makes sense', 'it's okay', and 'do you mind if'. This pattern reflects a therapeutic or counseling discourse where the speaker empathizes and seeks permission to proceed.",The primary behavioral function is to build rapport and create a safe space for the listener by validating their experiences and asking for consent before sharing information or exploring topics further.,s001: sure it's quite understandable to be nervous coming in to talk to it like this || s006: I can definitely understand that,"The sentences could be part of a motivational interviewing script, where the speaker uses reflective listening and affirmation to encourage behavior change. | The pattern might reflect a general politeness strategy in healthcare or counseling settings, using hedges and permission requests to mitigate face threats.","The dataset may be drawn from a specific domain (e.g., therapy, health coaching) where such language is expected, limiting generalizability. | Some sentences (e.g., s018, s039) are more narrative or simple affirmations, which may dilute the pattern.","A few sentences (s012, s015, s018, s039) do not clearly fit the empathic validation or permission request pattern, suggesting some heterogeneity. | The interpretation relies on pragmatic function, which may be context-dependent and not fully captured by isolated sentences.",4,0.92,extracted_unchanged_from_validated_feature_card,current_ai_evidence_review
SU_16736,SU,True,16736,4,0.99,0.99924845,affective_content,,,difficulty_negative_affect,困难与负向体验内容,assigned_nonbehavior_component,difficulty_acknowledgment,"The majority of sentences explicitly acknowledge or describe difficulty, hardship, or emotional challenge, often using words like 'difficult', 'hard', 'tough', 'rough', 'stressful', or 'uncomfortable'. This pattern appears across diverse contexts such as recovery, personal struggles, and social situations.","The sentences primarily function as empathetic acknowledgments or reflections of the interlocutor's difficult experiences, often used in therapeutic or supportive discourse to validate feelings.",s001: I mean realistically not everyone is a success story and we see its relapse it's a part of recovery but but for most cases though that difficult cases that do a good job and make that transformation when does that usually occur || s007: no you don't know this I'm telling you it's honestly I used to be drug drug addict myself and trust me it was the hardest point in my life right it is but,The sentences may be part of a therapeutic or counseling dialogue where the speaker validates the client's struggles. | The pattern could reflect a general tendency to discuss negative experiences rather than a specific linguistic template.,"The dataset may be drawn from a specific domain (e.g., addiction counseling) where difficulty is a common topic. | The high frequency of difficulty words could be an artifact of the sampling or annotation process.","The interpretation is based solely on lexical cues and does not account for prosody or context. | Some sentences (e.g., s011, s049) imply difficulty without explicit keywords, relying on semantic inference.",4,1.0,extracted_unchanged_from_validated_feature_card,current_ai_evidence_review
SU_4756,SU,True,4756,5,0.99,0.9903037,behavioral_function,empathic_validation,共情理解与困难确认,empathic_validation,共情理解与困难确认,assigned_behavior_component,empathic_understanding,"The majority of sentences express understanding, agreement, or validation of the interlocutor's perspective, often using phrases like 'I understand', 'I can see where you're coming from', 'that sounds reasonable', or 'you're right'. This pattern reflects a supportive, empathic stance common in counseling or therapeutic discourse.","The primary behavioral function is to build rapport and validate the speaker's experiences, often through reflective listening and affirmation. This is typical of motivational interviewing or therapeutic communication.",s004: and I do get where you're coming from || s007: I can understand that,"The pattern could be a linguistic template used in a specific dialogue system or scripted interaction, where the speaker consistently uses phrases like 'I understand' and 'that sounds' to maintain a neutral, supportive role. | Alternatively, the sentences might reflect a general politeness strategy in conversation, where the speaker acknowledges the other's viewpoint before offering their own, though this is less specific.","The sentences may come from a single domain (e.g., therapy, coaching) where empathic language is expected, limiting generalizability. | Some sentences (e.g., s042) are outliers that do not fit the pattern, possibly due to transcription errors or different conversational contexts.","The analysis is based solely on text without prosodic or contextual cues, which could affect interpretation of empathy. | The pattern is inferred from a single cluster; cross-validation with other clusters is needed to confirm stability.",4,0.98,extracted_unchanged_from_validated_feature_card,current_ai_evidence_review
SU_30223,SU,True,30223,6,0.94,0.98544824,unclear_or_mixed,,,,,nonbehavior_isolated_or_unresolved,apology_and_permission_request,"The majority of sentences contain either an apology (e.g., 'I'm sorry', 'sorry') or a polite permission-seeking phrase (e.g., 'do you mind if', 'is it okay if', 'would it be okay if'). These two patterns together cover most sentences, though they are distinct in function.","The sentences serve to mitigate face-threatening acts: apologies express regret or repair social rapport, while permission requests seek consent before proceeding, both common in service or counseling interactions.",s001: I'm really sorry for your loss || s027: is it okay if I share some thoughts with you as well,"The sentences are from a healthcare or counseling context, with many involving patient interactions (e.g., discussing medications, diet, smoking). | The sentences show a pattern of hedging and politeness markers (e.g., 'I think', 'maybe', 'just') to soften directives or questions.","The dataset may be drawn from multiple conversation types (e.g., apologies in condolences vs. apologies in service encounters), mixing different pragmatic functions. | Transcription artifacts (e.g., false starts, repetitions) may obscure the underlying pattern.","The two main patterns (apology and permission request) are functionally distinct, making a single behavioral interpretation difficult. | Some sentences lack clear apology or permission markers, reducing coverage.",3,0.78,extracted_unchanged_from_validated_feature_card,current_ai_evidence_review
SU_9720,SU,True,9720,7,0.84,0.9783542,behavioral_function,help_offering,提供帮助与支持可用性,help_offering,提供帮助与支持可用性,assigned_behavior_component,help_offers_and_inquiries,"The majority of sentences express offers of help (e.g., 'I want to help you') or inquiries about how to help (e.g., 'how can I help you'), often with intensifiers like 'really' or 'try'.","The sentences primarily function as offers of assistance or requests for information on how to help, typical in service or counseling contexts.",s005: listen I really want to help you || s014: how can I help you,The pattern might be a surface artifact of a specific dialogue corpus where 'help' is a frequent keyword. | The sentences could reflect a therapeutic or counseling register where offering help is a routine discourse move.,"Some sentences are incomplete or contain disfluencies (e.g., s002, s020) that may obscure the pattern. | The dataset may be drawn from a single domain (e.g., customer service, healthcare) where 'help' is naturally frequent.","The analysis does not account for the broader conversational context, which could alter the function of individual sentences. | Some sentences (e.g., s030, s038) are more about help having been received rather than offered, but still relate to the topic.",4,1.0,extracted_unchanged_from_validated_feature_card,current_ai_evidence_review
SU_4512,SU,True,4512,8,0.9,0.9730148,behavioral_function,help_offering,提供帮助与支持可用性,help_offering,提供帮助与支持可用性,assigned_behavior_component,help_offers_and_discussions,"The majority of sentences express offers, desires, or discussions about helping someone, often using the verb 'help' in first-person or second-person constructions, indicating a supportive or advisory discourse context.","The sentences primarily function as offers of assistance, expressions of willingness to help, or inquiries about how to help, suggesting a counseling or support interaction.",s005: yeah I really want to help you || s013: and let me know if there's any way I can help,The sentences could be part of a therapeutic or coaching dialogue where the speaker is guiding the client. | The pattern might reflect a customer service interaction where the agent offers assistance.,"Some sentences (e.g., s001, s020) are not direct offers but still reference help, which may dilute the behavioral function. | The dataset may be from a specific domain (e.g., counseling) that naturally involves help-related language.","The analysis does not account for the broader conversational context beyond these sentences. | Some sentences are incomplete or contain transcription artifacts (e.g., s050).",4,1.0,extracted_unchanged_from_validated_feature_card,current_ai_evidence_review
SU_19359,SU,True,19359,9,0.98,0.92716324,linguistic_structure,,,first_person_supportive_form,第一人称支持性表达,assigned_nonbehavior_component,first-person singular with discourse markers,"The majority of sentences begin with 'I' followed by a verb (e.g., 'I'm', 'I've', 'I want', 'I think'), often incorporating discourse markers like 'I mean', 'I know', 'I guess', indicating a conversational or therapeutic context where the speaker expresses personal thoughts, feelings, or actions.","The sentences appear to function as self-disclosure, reflection, or guidance in a counseling or coaching interaction, with the speaker using first-person statements to share experiences, ask questions, or direct the listener.",s001: I'm guessing you've learned a lot of lessons || s010: I'm glad you had the opportunity to talk with the nutritionist,"The pattern may reflect a specific discourse genre such as therapy or coaching sessions, where the speaker uses first-person statements to build rapport or guide the conversation. | The sentences could be from a single speaker in a dialogue, with the 'I' referring to the same person throughout, indicating a monologic or narrative style.","The sentences are extracted from a larger conversation, so the pattern may be an artifact of the speaker's idiolect rather than a general linguistic feature. | Some sentences are incomplete or contain disfluencies (e.g., s025, s043), which may affect pattern detection.","The analysis does not account for the full conversational context, which could reveal additional functions or patterns. | The pattern is primarily structural and may not capture subtle variations in function across sentences.",4,1.0,extracted_unchanged_from_validated_feature_card,current_ai_evidence_review
SU_7389,SU,True,7389,10,0.94,0.92603546,behavioral_function,empathic_validation,共情理解与困难确认,empathic_validation,共情理解与困难确认,assigned_behavior_component,empathic_acknowledgment_of_difficulty,"The majority of sentences express empathy or acknowledgment that a situation, activity, or feeling is difficult, hard, scary, or not fun. This pattern is realized through constructions like 'it is/was [adjective]' or 'that sounds/must be [adjective]'.","The sentences function as empathetic reflections or validations of the interlocutor's experience, often used in counseling or supportive conversations.",s001: yeah throwing up is never fun || s014: it must seem overwhelming to have to fit exercise into your life when you have so many other priorities,"The sentences are from a corpus of motivational interviewing or therapy sessions, where the therapist uses reflective listening. | The pattern is a surface artifact of a specific annotation task that prompted speakers to express empathy.","Some sentences (e.g., s025, s035) are factual statements without evaluative difficulty, suggesting the pattern is not universal. | The presence of discourse markers like 'yeah', 'well', 'so' may be artifacts of conversational data rather than part of the pattern.",The pattern is broad and may overlap with other functions like advice-giving or information-sharing. | Outliers indicate that not all sentences fit the empathic acknowledgment pattern.,4,0.96,extracted_unchanged_from_validated_feature_card,current_ai_evidence_review
SU_9109,SU,True,9109,11,0.9,0.92014045,behavioral_function,,,,,behavior_unassigned,apology expressions,"The majority of sentences contain an apology expression, typically 'sorry' or 'I'm sorry', often used to express regret, empathy, or politeness in conversational contexts.","The primary behavioral function is apologizing or expressing sympathy, serving to maintain social rapport or acknowledge a mistake or unfortunate situation.",s001: I'm sorry to hear that || s015: I'm really sorry for your loss,"The sentences may represent a mix of conversational openings and closings, with apologies being one type of politeness marker. | The pattern could be an artifact of transcription from customer service or therapy dialogues where apologies are frequent.","The dataset may be drawn from a specific domain (e.g., healthcare, customer service) where apologies are common. | Some sentences without 'sorry' may still have apologetic tone but lack the lexical marker.","The outlier set is large (24 sentences) and includes diverse functions like greetings, thanks, and questions, indicating the pattern does not cover the entire set. | The primary pattern is lexical and may not capture deeper pragmatic functions in all cases.",3,0.52,extracted_unchanged_from_validated_feature_card,current_ai_evidence_review
SU_16190,SU,True,16190,12,0.88,0.91176677,behavioral_function,help_offering,提供帮助与支持可用性,help_offering,提供帮助与支持可用性,assigned_behavior_component,help_offers_and_inquiries,"The majority of sentences contain the verb 'help' in constructions where the speaker offers assistance or asks how they can assist, often using modals like 'can', 'will', or 'want to'.","The primary behavioral function is offering help or inquiring about the listener's needs, serving as a service-oriented discourse move.",s001: I'm here to help || s012: is there anything else that I can help you with today?,"The pattern could be a surface artifact of a customer service or healthcare interaction corpus, where 'help' is a frequent lexical item. | Alternatively, the pattern might reflect a therapeutic or coaching discourse where the speaker expresses willingness to assist with personal issues.","The sentences come from diverse contexts (pharmacy, counseling, general assistance), but all involve 'help'. | Some sentences (e.g., s019) are garbled but still contain 'help', suggesting possible transcription errors.","The analysis does not distinguish between different types of help (e.g., informational vs. emotional). | The pattern is very broad and may not capture nuanced differences in function.",4,1.0,extracted_unchanged_from_validated_feature_card,current_ai_evidence_review
SU_19935,SU,True,19935,13,0.8,0.8927696,behavioral_function,help_offering,提供帮助与支持可用性,help_offering,提供帮助与支持可用性,assigned_behavior_component,helping_intent_and_reflection,"The sentences predominantly express a helper's desire to assist (e.g., 'I want to help you') and reflective statements about the client's situation (e.g., 'it sounds like you...'). This pattern suggests a counseling or therapeutic discourse where the speaker offers help and reflects on the client's experiences.","The primary behavioral function is offering help and providing reflective listening, common in motivational interviewing or therapy sessions.",s004: I want to help you || s011: I really want to help you,"The sentences could be part of a scripted role-play for counseling training, explaining the repetitive helping phrases. | The pattern might reflect a specific therapeutic technique (e.g., motivational interviewing) with consistent use of affirmations and reflections. | The set could be from a single conversation where the helper repeatedly offers assistance and summarizes the client's statements.","The dataset may include multiple speakers or sessions, mixing different discourse functions. | Some sentences are fragments or incomplete, making interpretation ambiguous. | The presence of both helping offers and reflections could be an artifact of the transcription process rather than a genuine behavioral pattern.","Outlier sentences (e.g., s002, s037) suggest the pattern is not universal across all samples. | The analysis relies on surface-level lexical cues without deeper context of the conversation.",4,0.86,extracted_unchanged_from_validated_feature_card,current_ai_evidence_review
SU_28603,SU,True,28603,14,0.8,0.87849015,behavioral_function,help_offering,提供帮助与支持可用性,help_offering,提供帮助与支持可用性,assigned_behavior_component,help_offering_and_health_advice,"The majority of sentences express a speaker's desire or offer to help, often in a health or wellness context, using phrases like 'I want to help you' or 'how can I help you'.","The sentences primarily function as offers of assistance, advice, or support, typical of a healthcare provider or counselor.",s008: I really try to help you || s014: I really want to help you,"The sentences may reflect a motivational interviewing style, with open questions and affirmations. | The pattern could be a transcription artifact from healthcare conversations, with repeated phrases due to turn-taking.","The dataset may be drawn from a specific domain (e.g., dietitian or dental consultations), biasing the topic. | Some sentences are fragments or contain disfluencies, making interpretation ambiguous.","A few sentences (s035, s038, s039) do not clearly fit the help-offering pattern. | The behavioral function is inferred from content, not from actual discourse context.",4,0.94,extracted_unchanged_from_validated_feature_card,current_ai_evidence_review
SU_28795,SU,True,28795,15,0.88,0.8491257,affective_content,,,,,nonbehavior_isolated_or_unresolved,apologies_and_empathy,"The majority of sentences contain expressions of apology (e.g., 'I'm sorry') or empathy (e.g., 'sorry to hear'), often in a healthcare or counseling context, with some sentences expressing concern or regret.","The sentences appear to serve a social or therapeutic function: expressing sympathy, apologizing for inconvenience, or acknowledging the patient's feelings, likely from a healthcare provider or counselor.",s005: I'm really sorry that I'm unable to help you today || s016: well I'm sorry to hear that,"The sentences may be from a medical or counseling dialogue where the speaker is delivering bad news or expressing regret about treatment limitations. | The pattern could be a transcription artifact where 'sorry' is overrepresented due to the conversational context, but the underlying function is mixed (apology, advice, information).","The dataset may be drawn from a specific domain (e.g., healthcare) where apologies are common, but the pattern may not generalize. | Some sentences without 'sorry' still express empathy or concern, blurring the boundary.","Three sentences (s025, s026, s031) are hopeful statements without apology or empathy, reducing coverage slightly. | The pattern is primarily lexical (presence of 'sorry' or empathetic phrases) and may not capture deeper pragmatic functions.",4,0.94,extracted_unchanged_from_validated_feature_card,current_ai_evidence_review
SU_5366,SU,True,5366,16,0.87,0.845204,unclear_or_mixed,,,mixed_supportive_discourse,混合型支持话语,assigned_nonbehavior_component,therapeutic_discourse_mixed,"The sentences span multiple discourse contexts, including grief counseling, weight loss discussions, medical consultations, and casual conversation, with no single stable pattern covering a majority.",The available sentences do not support a stable behavioral-function interpretation.,s001: that's particularly hard when those anniversaries come around for the passings of our parents that's a that's a very difficult time I || s002: I'm very sorry to hear about your loss,The set may reflect a collection of empathetic responses and advice-giving in health-related contexts. | It could be a mix of therapeutic interview questions and medical history taking.,"Multiple speakers and settings (grief counseling, weight loss, pharmacy) create topical diversity. | Transcription artifacts like fillers ('um', 'okay') and repetitions may obscure patterns.",No single pattern covers a majority; the set is heterogeneous. | Behavioral function varies widely across sentences.,2,1.0,extracted_unchanged_from_validated_feature_card,current_ai_evidence_review
SU_8760,SU,True,8760,17,0.94,0.8251398,linguistic_structure,,,first_person_supportive_form,第一人称支持性表达,assigned_nonbehavior_component,first-person discourse markers in therapeutic/counseling context,"The majority of sentences begin with 'I' followed by a verb expressing cognitive or communicative acts (e.g., 'I understand', 'I think', 'I want'), typical of a therapist or counselor speaking to a client. The pattern reflects a stable linguistic structure of first-person epistemic or directive statements in a helping professional context.","The sentences function as therapeutic or counseling discourse, including reflections, affirmations, questions, and directives aimed at engaging the client and guiding the conversation.",s003: I understand you've come here today to the agency because you have a recent arrest || s005: I want you this week to make a list in your journal of the times that you've used your stock technique you've already used at one so go ahead and you can put that could be your first entry,"The sentences could be from a single speaker in a monologue or interview, not necessarily a therapeutic interaction. | The pattern might be an artifact of the data collection method, such as transcripts of initial consultations in a medical or social work setting.","All sentences begin with 'I', which is a strong surface artifact that may overshadow other patterns. | The sentences vary in length and complexity, but the consistent first-person start may be a transcription or annotation bias.","The analysis does not account for the second-person 'you' that appears in many sentences, which is also a key part of the pattern. | The behavioral function interpretation is inferred from content but not explicitly validated.",4,1.0,extracted_unchanged_from_validated_feature_card,current_ai_evidence_review
SU_29856,SU,True,29856,18,0.94,0.82080865,behavioral_function,,,,,behavior_unassigned,therapeutic_discourse_I_centered,"The sentences predominantly feature first-person singular pronouns ('I', 'I'm', 'I've') and are set in a therapeutic or counseling context, discussing personal experiences, emotions, and behavioral changes.","The sentences serve various therapeutic functions: reflection, affirmation, advice, and exploration of client issues, as seen in s001 (reflection on relapse), s045 (affirmation), and s046 (advice).",s001: what's happened I mean you were doing so great we got out of rehab you had everything under control you were showing up to the meetings I knew what was happening || s045: I am so proud of you that is awesome Taylor think I am just that couldn't be happier and wait till we tell the group,"The sentences could be from a corpus of addiction counseling sessions, with a focus on relapse prevention and motivation. | The pattern might reflect a general conversational style with high use of 'I' statements, common in personal narratives. | The sentences could be from a dataset of transcribed therapy sessions, explaining the mixture of client and therapist utterances.","The sentences vary in completeness and grammaticality, possibly due to transcription errors or spontaneous speech. | Some sentences (e.g., s003, s025) are fragments that may obscure the intended function. | The presence of both client and therapist voices could mix different behavioral functions.","The analysis assumes a therapeutic context, but not all sentences explicitly confirm this. | The behavioral function interpretation is broad and may not capture specific sub-functions. | Some sentences (e.g., s027 'amber I suppose') are too short to confidently assign a function.",4,1.0,extracted_unchanged_from_validated_feature_card,current_ai_evidence_review
SU_2995,SU,True,2995,19,0.97,0.81569386,unclear_or_mixed,,,mixed_supportive_discourse,混合型支持话语,assigned_nonbehavior_component,counseling_dialogue_mixed,"The sentences appear to be from a counseling or healthcare dialogue, characterized by frequent use of discourse markers (e.g., 'um', 'yeah', 'so', 'I mean'), second-person address ('you'), and expressions of empathy, advice, or reflection. The pattern is a mix of therapist/healthcare provider statements and client/patient responses, but no single behavioral function or linguistic structure dominates across all sentences.",The available sentences do not support a stable behavioral-function interpretation.,s002: this is a big stuff for you I know I'm it's hard to make a step like this || s006: well I don't mean to be evasive about this but I just I want to know what do you think you should do in this situation,"The sentences could be from a motivational interviewing session, with many examples of reflective listening and open-ended questions. | Alternatively, they might be from a general conversation about health behavior change, with both provider and patient turns.","The sentences are decontextualized, making it hard to distinguish speaker roles. | Transcription artifacts (e.g., 'um', 'yeah') may overrepresent discourse markers.","No single pattern covers all sentences; some are questions, some are statements, some are advice. | The mix of topics (dental, exercise, drinking, etc.) suggests multiple sub-dialogues.",3,1.0,extracted_unchanged_from_validated_feature_card,current_ai_evidence_review
SU_9578,SU,True,9578,20,0.92,0.7996065,behavioral_function,directive_risk_guidance,直接建议与风险评价,directive_risk_guidance,直接建议与风险评价,assigned_behavior_component,second-person address in counseling,"The majority of sentences use second-person pronouns ('you', 'your') to directly address a client or patient, often in a therapeutic or medical counseling context, with topics including health behaviors, relationships, and personal experiences.","The sentences function as therapeutic or medical advice, questions, affirmations, and reflections typical of a counselor or healthcare provider interacting with a client.",s002: You've gotten pretty isolated. || s012: You need to quit,"The sentences may be from a mixed corpus of counseling dialogues and personal narratives, with no single stable pattern. | The pattern could be primarily linguistic: frequent use of second-person pronouns and present tense in direct address. | The pattern might be topical: health-related discussions including medication, addiction, and pregnancy.","The dataset may include multiple speakers (counselor vs. client) without clear labeling. | Some sentences are fragments or incomplete, making pattern detection harder. | The presence of first-person sentences (e.g., s026, s028) suggests a mix of perspectives.","Outlier sentences (s026, s028, s032, s034, s038, s050) do not fit the second-person address pattern. | The behavioral function is inferred from context but not explicitly labeled.",4,0.88,extracted_unchanged_from_validated_feature_card,current_ai_evidence_review
SU_7382,SU,True,7382,21,0.9,0.7857487,affective_content,,,,,nonbehavior_isolated_or_unresolved,affective evaluation with 'it',"The majority of sentences use an impersonal 'it' subject followed by a copula and an affective adjective or evaluative phrase, expressing a subjective emotional or evaluative stance (e.g., 'it's so stressful', 'it must be tough', 'it sounds very frustrating'). This pattern covers sentences that describe feelings or judgments about situations, often in a therapeutic or reflective context.","The sentences appear to function as empathetic reflections, validations, or summaries of a speaker's emotional state, commonly used in counseling or supportive conversations. However, the evidence is insufficient to confirm a stable behavioral function across all sentences.",s001: it's so stressful || s003: it must be tough,"The pattern may reflect a discourse function of empathetic reflection or summarizing in therapeutic conversations, as many sentences appear to validate or reframe a speaker's experience. | The pattern could be a surface artifact of transcription conventions where 'it' is used as a placeholder for a previously mentioned topic, but the affective adjectives are genuine. | The pattern might be a mix of two subtypes: one where the speaker evaluates their own experience (e.g., 'it's so stressful') and another where the speaker reflects on the listener's experience (e.g., 'it must be tough').","Some sentences are questions or contain multiple clauses, breaking the simple 'it + copula + adjective' structure. | The dataset may be drawn from a specific domain (e.g., counseling transcripts) which introduces a consistent discourse style. | Outlier sentences (s007, s024, s027, s039) have different pragmatic functions (greeting, closing, question) that do not fit the affective evaluation pattern.","The pattern is primarily syntactic and affective, but the behavioral function is not uniformly supported across all sentences. | Some sentences (e.g., s028, s043) include additional narrative content that extends beyond a simple evaluation.",4,0.92,extracted_unchanged_from_validated_feature_card,current_ai_evidence_review
SU_26642,SU,True,26642,22,0.89,0.78336513,behavioral_function,directive_risk_guidance,直接建议与风险评价,directive_risk_guidance,直接建议与风险评价,assigned_behavior_component,second-person address with health/advice discourse,"The majority of sentences use second-person pronouns ('you', 'your') to address a listener, often in a healthcare or counseling context involving advice, questions, or observations about the listener's behavior or health.","The sentences likely function as therapeutic or medical interview turns, including questions, affirmations, advice, and reflective statements directed at a patient or client.",s016: You're putting yourself at risk for all these other diseases || s017: You need to quit,"The sentences could be from a motivational interviewing session, with a mix of open questions, affirmations, and reflective listening. | The pattern might reflect a general conversational corpus where speakers frequently use 'you' to engage the listener, but the health-related topics are coincidental.","The dataset may be drawn from a specific clinical or counseling context, biasing toward second-person address and health topics. | Some sentences (e.g., s033, s034) are fragments or first-person statements that do not fit the pattern, possibly due to transcription errors or mixed sources.","The interpretation is based on surface-level pronoun usage and topic; deeper discourse function may vary across sentences. | Two sentences (s033, s034) are outliers, but they are short and may be incomplete, reducing their weight.",4,0.96,extracted_unchanged_from_validated_feature_card,current_ai_evidence_review
SU_22730,SU,True,22730,23,0.76,0.7744757,linguistic_structure,,,evaluative_demonstrative_form,指示词评价结构,assigned_nonbehavior_component,deictic_this_that_evaluation,"The majority of sentences begin with a deictic pronoun 'this' or 'that' followed by a copula and an evaluative or identifying predicate, often in a conversational or therapeutic context. The pattern is a presentational structure that introduces or comments on a topic.","The sentences appear to serve a discourse function of topic introduction, evaluation, or clarification, common in counseling or instructional dialogues. However, the evidence is insufficient to assign a single stable behavioral function across all sentences.","s001: This is the first time that you've had something that really happened, this incident that happened where he pushed you really, prompted you to, to take some steps || s005: this is tough for you","The sentences may reflect a therapeutic or counseling discourse where the speaker is reflecting on or evaluating the listener's experiences, often using 'this' to refer to a specific issue. | The pattern could be a transcription artifact where speakers frequently use 'this is' as a filler or discourse marker to introduce a topic, without a consistent behavioral function.","The dataset may be drawn from a specific domain (e.g., therapy sessions, instructional videos) that biases the use of deictic expressions. | Transcription conventions may have normalized sentence boundaries, making the pattern appear more consistent than it is in natural speech.","The pattern does not cover sentences starting with 'that's' or 'those are' as consistently, and some sentences lack an evaluative component. | The behavioral function is not clearly identifiable from the text alone without context.",3,0.82,extracted_unchanged_from_validated_feature_card,current_ai_evidence_review
SU_20778,SU,True,20778,24,0.76,0.745809,behavioral_function,,,,,behavior_unassigned,therapeutic_discourse_markers,"The sentences predominantly feature discourse markers and hedging expressions typical of therapeutic or counseling conversations, such as 'well', 'I think', 'I guess', 'I wonder', 'okay', 'so', and 'you know'. They often include tentative suggestions, reflections, and collaborative planning.","The primary behavioral function appears to be therapeutic guidance and motivational interviewing, characterized by open-ended questions, affirmations, reflective listening, and summarizing.",s003: okay okay the most important thing I mean I've got slides will and statistics and all kinds of scary things I can say but the most important thing from my perspective is what your thoughts are about your smoking where you at with being a cigarette smoker || s011: over yeah all right of all we do have some time right now if it's okay with you I wonder if we could talk a little bit about your drinking habits,"The sentences could be interpreted as a collection of advice-giving or health coaching dialogues, with a focus on behavior change (smoking, drinking, exercise). | Alternatively, they may represent a mix of different therapeutic modalities, but the consistent use of hedging and collaborative language suggests a client-centered approach.","The dataset may be drawn from a single therapy session or a specific corpus of motivational interviewing, which would inflate the apparent pattern. | Some sentences (e.g., s029) include humor or off-topic remarks, but they still use discourse markers like 'You know'.","The analysis is based solely on text without prosodic or contextual cues, which are important in therapeutic discourse. | The sample IDs are sequential and may not represent independent utterances; some are near-duplicates (e.g., s005 and s006).",4,1.0,extracted_unchanged_from_validated_feature_card,current_ai_evidence_review
SU_20743,SU,True,20743,25,0.84,0.7380782,behavioral_function,directive_risk_guidance,直接建议与风险评价,directive_risk_guidance,直接建议与风险评价,assigned_behavior_component,second-person advice and evaluation,"The majority of sentences use second-person pronouns (you/your) to directly address the listener, often in the context of health advice, evaluation, or personal reflection. This pattern is consistent across many sentences, though some use first-person plural (we) or third-person (it) constructions.","The sentences appear to function as therapeutic or medical counseling dialogue, where the speaker gives advice, asks questions, or makes observations about the listener's health behaviors (e.g., smoking, diabetes, dental care).",s016: It looks like you got a letter about your AC and you haven't been taking very good care of your diabetes. || s020: It's really gotten to the point where you can't keep smoking.,"The sentences may be from a medical or counseling transcript, with a mix of patient-centered (you) and clinician-centered (we) language. | The pattern could reflect a motivational interviewing style, where the speaker uses both affirmations and direct advice.","The dataset may include multiple speakers or contexts, mixing different discourse functions. | Some sentences are incomplete or fragmented, making pattern detection harder.","The analysis is based solely on text without speaker or context metadata. | Some sentences (e.g., s023 'It's Friday.') are generic and do not clearly fit the health advice theme.",4,1.0,extracted_unchanged_from_validated_feature_card,current_ai_evidence_review
SU_11872,SU,True,11872,26,0.72,0.73193103,affective_content,,,difficulty_negative_affect,困难与负向体验内容,assigned_nonbehavior_component,difficulty_expressions,"The majority of sentences contain expressions of difficulty, hardship, or challenge (e.g., 'hard', 'difficult', 'harder', 'tough'), often in the context of personal struggles such as diet, exercise, smoking cessation, or emotional pain. The pattern is lexical and semantic, centered on the adjective 'hard' or 'difficult'.","The sentences appear to function as empathetic reflections or acknowledgments of a client's difficulties, typical of motivational interviewing or therapeutic discourse. However, the evidence is insufficient to confirm a stable behavioral function across all sentences.",s001: so you've tried some diets before and they haven't worked out and since you're a single mom with kids is it's been hard for you to cook meals or do grocery shopping? || s005: so it's hard for you to quit smoking when everybody else around you're smoking and it's so easy to go and take a break and have a cigarette,"The sentences may reflect a therapeutic or coaching discourse where the speaker validates the client's struggles. | The pattern could be a transcription artifact from a specific type of counseling session, with repeated use of 'hard' as a discourse marker.","The sentences may come from a single domain (e.g., health coaching) which biases the topic. | The word 'hard' is common in English and may appear in many contexts unrelated to a specific pattern.","The analysis is based solely on lexical presence of 'hard'/'difficult' without deeper syntactic or pragmatic analysis. | The dataset may contain duplicate or near-duplicate sentences (e.g., s008 and s014) which could inflate pattern strength.",4,0.98,extracted_unchanged_from_validated_feature_card,current_ai_evidence_review
SU_16045,SU,True,16045,27,0.87,0.7313859,linguistic_structure,,,first_person_supportive_form,第一人称支持性表达,assigned_nonbehavior_component,first-person present perfect and modal constructions,"The majority of sentences begin with 'I have', 'I did', 'I would', 'I've', or similar first-person constructions, often in present perfect or modal forms, used in conversational or clinical contexts to express personal experience, intention, or observation.","The sentences appear to function as self-disclosures, questions, or directives in therapeutic or medical dialogues, but the pattern is primarily structural rather than functional.",s001: I have a lot of thoughts about it a lot of memories about it I think I've just kind of got to work through them you know we had this really sad but I can't let it roll my life you said it || s006: I have a couple things I want to go over with you about this medication,"The sentences may reflect a clinical or counseling setting where the speaker is a healthcare provider discussing patient history, medications, or lifestyle changes. | The pattern could be a transcription artifact where speakers frequently use 'I' as a discourse starter, but the variety of verbs (have, did, would, think) suggests genuine structural diversity.","The dataset may be drawn from a specific domain (e.g., medical consultations) that naturally uses first-person constructions. | Some sentences are incomplete or contain disfluencies, which may obscure the pattern.","A few sentences (s012, s028, s036) do not fit the first-person pattern, indicating the pattern is not universal. | The behavioral function is not clearly stable across all sentences, as some are statements, some questions, and some directives.",4,0.92,extracted_unchanged_from_validated_feature_card,current_ai_evidence_review
SU_5732,SU,True,5732,29,0.78,0.7155257,behavioral_function,,,,,behavior_unassigned,therapeutic_discourse_markers,"The sentences predominantly feature first-person singular pronouns ('I', 'I've', 'I'm') combined with discourse markers like 'Well' and verbs expressing cognitive states ('think', 'know', 'understand', 'appreciate'), suggesting a pattern of reflective or therapeutic dialogue where a speaker expresses personal thoughts, feelings, or plans.","The sentences appear to function as therapeutic or counseling discourse, where the speaker (likely a therapist or counselor) uses reflective statements, affirmations, and planning language to engage with a client.","s012: Well, I, I really appreciate again your coming in today || s033: I understand you've come here today to the agency because you have a recent arrest","The sentences could be from a medical or clinical intake interview, focusing on patient history and treatment planning. | The pattern might reflect a general conversational style where speakers use 'I' statements to express personal experiences or opinions, not necessarily therapeutic.","The dataset may include multiple speakers or contexts (e.g., therapy, medical, casual conversation) that are not distinguished. | Transcription artifacts or incomplete sentences may obscure the intended function.","The primary interpretation covers about 68% of sentences (34 out of 50), but outliers include diverse topics and structures. | Without speaker labels or context, the behavioral function is inferred from linguistic cues alone.",3,0.68,extracted_unchanged_from_validated_feature_card,current_ai_evidence_review
SU_23464,SU,True,23464,30,0.77,0.70925546,affective_content,,,,,nonbehavior_isolated_or_unresolved,affirmative_evaluations,"The majority of sentences are positive evaluations or affirmations, often beginning with 'that's' or 'that sounds' followed by a positive adjective (e.g., great, good, wonderful, interesting, awesome). They express approval, agreement, or encouragement in conversational contexts.","The sentences primarily function as positive feedback, affirmations, or supportive responses in dialogue, likely from a therapist, coach, or supportive interlocutor.",s002: that's good to hear || s010: that's great,"The sentences are all conversational responses, but some express empathy or gratitude rather than positive evaluation. | The pattern may reflect a specific discourse role (e.g., therapist) using affirmations to encourage client speech. | The sentences could be from a dataset of polite or supportive utterances, with the positive evaluation being a surface artifact of the collection.","The dataset may be biased toward positive responses due to the conversational context (e.g., therapy, coaching). | Some sentences are incomplete or contain disfluencies (e.g., 'you know'), which may obscure the pattern. | The presence of gratitude expressions (e.g., 'thank you') and empathetic statements (e.g., 'sorry for your loss') suggests multiple functions.","Outlier sentences include expressions of understanding, gratitude, and empathy, which are not positive evaluations. | The pattern is based on surface form and affective content, but behavioral function may vary across sentences. | The dataset may contain multiple speakers or contexts, reducing pattern stability.",3,0.78,extracted_unchanged_from_validated_feature_card,current_ai_evidence_review
SU_26263,SU,True,26263,32,0.74,0.69237465,behavioral_function,,,,,behavior_unassigned,counseling_dialogue_mixed_functions,"The sentences predominantly reflect a counseling or healthcare dialogue where the speaker uses reflective listening, offers suggestions, and explores client experiences, often with first-person ('I') and second-person ('you') pronouns and discourse markers like 'so', 'yeah', 'and'.","The primary behavioral function is a mix of reflective listening, information gathering, and advice-giving typical of motivational interviewing or therapeutic discourse.",s001: you know we do have some  appointments that are later in the  afternoon and we have appointments early  in the morning or I could give you a  referral || s008: and on the other hand I'm hearing you say that smoking is important in terms of stress relief socializing and it's something you can't imagine ever changing,"The sentences could be seen as a collection of unrelated fragments from different conversations, but the consistent use of counseling language suggests a unified context. | Alternatively, the pattern might be a mix of advice-giving and personal disclosure, but the reflective listening elements dominate.","The sentences are decontextualized, so the exact speaker roles (counselor vs. client) are not always clear. | Some sentences (e.g., s040) discuss travel logistics, which may be from a different domain but still fit a counseling context (e.g., scheduling).","The analysis relies on pragmatic cues that may be ambiguous without full conversational context. | Some sentences (e.g., s014) are garbled, making interpretation uncertain.",4,1.0,extracted_unchanged_from_validated_feature_card,current_ai_evidence_review
SU_24856,SU,True,24856,37,0.7,0.6709747,linguistic_structure,,,evaluative_demonstrative_form,指示词评价结构,assigned_nonbehavior_component,evaluative_that-copula-adjective,"The majority of sentences follow a template: 'that' + copula (is/was) + evaluative adjective (e.g., great, good, hard, terrible), often preceded by discourse markers like 'and', 'so', 'okay', or 'yeah'. This pattern expresses a subjective evaluation of a previously mentioned situation.","The sentences function as therapist or counselor reflections, affirmations, or empathetic responses, providing positive or negative evaluations to validate the client's experience.",s010: and that's great || s036: that's good,The sentences are all therapist responses that use evaluative language to encourage or empathize with clients. | The pattern is a discourse marker sequence where 'that's' + adjective serves as a backchannel or acknowledgment.,"The sentences come from a single conversation type (therapy/counseling), so the pattern may be domain-specific. | The evaluative adjectives vary widely in valence, but the syntactic template remains consistent.","Some sentences include additional clauses (e.g., s002, s008) that extend beyond the core template. | The pattern does not capture the full range of sentence structures present (e.g., questions, imperatives).",4,1.0,extracted_unchanged_from_validated_feature_card,current_ai_evidence_review
AF_23464,AF,True,23464,1,1.0,2.2372992,affective_content,,,positive_evaluation_affect,正向评价与赞扬内容,assigned_nonbehavior_component,affirmative_evaluations,"The majority of sentences are positive evaluations or affirmations, often beginning with 'that's' or 'that sounds' followed by a positive adjective (e.g., great, good, wonderful, interesting, awesome). They express approval, agreement, or encouragement in conversational contexts.","The sentences primarily function as positive feedback, affirmations, or supportive responses in dialogue, likely from a therapist, coach, or supportive interlocutor.",s002: that's good to hear || s010: that's great,"The sentences are all conversational responses, but some express empathy or gratitude rather than positive evaluation. | The pattern may reflect a specific discourse role (e.g., therapist) using affirmations to encourage client speech. | The sentences could be from a dataset of polite or supportive utterances, with the positive evaluation being a surface artifact of the collection.","The dataset may be biased toward positive responses due to the conversational context (e.g., therapy, coaching). | Some sentences are incomplete or contain disfluencies (e.g., 'you know'), which may obscure the pattern. | The presence of gratitude expressions (e.g., 'thank you') and empathetic statements (e.g., 'sorry for your loss') suggests multiple functions.","Outlier sentences include expressions of understanding, gratitude, and empathy, which are not positive evaluations. | The pattern is based on surface form and affective content, but behavioral function may vary across sentences. | The dataset may contain multiple speakers or contexts, reducing pattern stability.",3,0.78,extracted_unchanged_from_validated_feature_card,current_ai_evidence_review
AF_7143,AF,True,7143,2,1.0,1.9052259,behavioral_function,affirmative_reflection,肯定性反映,affirmative_reflection,肯定性反映,assigned_behavior_component,affirmative_reflection,"The majority of sentences are therapist or counselor reflections that affirm the client's positive actions, motivations, or progress, often using phrases like 'sounds like', 'I think that's', 'that's great', and 'I commend you'.","The sentences function as affirmations and positive reinforcements, likely from a motivational interviewing or therapeutic context, to encourage client change.",s001: sounds like you're really motivated and you're doing some research and kind of staying on top of it that's you know trying || s002: so you seem very motivated and excited like you want to get better and that's always a good sign,"The sentences could be interpreted as a set of generic positive feedback statements from a coach or teacher, not necessarily therapeutic. | They might represent a collection of utterances from a single session where the speaker is summarizing and validating the client's statements.","The sentences are extracted from a larger dialogue, so context is missing; some may be responses to specific client statements. | Repetition of similar phrases (e.g., 'that's great') could be an artifact of the transcription or a specific speaker's style.","The analysis is based solely on the provided sentences without full conversational context. | Some sentences (e.g., s047) are more ambivalent but still fit the overall pattern of affirmation.",4,1.0,extracted_unchanged_from_validated_feature_card,current_ai_evidence_review
AF_18492,AF,True,18492,3,1.0,1.8793488,behavioral_function,,,,,behavior_unassigned,affirmative_greeting_and_evaluation,"The majority of sentences contain positive evaluative words (e.g., good, great, nice, awesome, wonderful) often in greeting or closing contexts, suggesting a pattern of affirmative feedback or polite acknowledgment.","The sentences likely function as discourse markers of affirmation, agreement, or positive evaluation in conversational settings, such as therapy or counseling sessions.",s001: yeah good || s008: okay that's very good good,"The pattern may reflect a transcription artifact where only positive utterances were selected. | The sentences could be from a specific genre (e.g., motivational interviewing) where affirmations are common.","The dataset may be biased toward positive interactions, limiting generalizability. | Some sentences (e.g., s019) show negative or neutral content, indicating the pattern is not universal.",The analysis is based solely on surface lexical cues without deeper pragmatic context. | The behavioral function is inferred but not confirmed by external annotation.,4,0.98,extracted_unchanged_from_validated_feature_card,current_ai_evidence_review
AF_17793,AF,True,17793,4,1.0,1.606084,linguistic_structure,,,gratitude_formula,感谢公式结构,assigned_nonbehavior_component,thank_you_for_coming,"The majority of sentences express gratitude for the interlocutor's participation, typically using the template 'thank you/thanks for [verb+ing]' with variations like 'coming in', 'talking to me', or 'sharing'. This pattern is stable across diverse contexts.","The sentences serve a discourse function of expressing appreciation and establishing rapport, often at the beginning or end of an interaction. This is a politeness strategy to acknowledge the interlocutor's effort.",s003: thanks so much for coming in today || s008: so thank you for coming in today Jamie,"The sentences may be part of a clinical or counseling setting where the speaker thanks the patient for attending or participating. | The pattern could reflect a transcription of spoken language with discourse markers like 'well', 'so', 'okay' that are typical of conversational openings.","The dataset may be drawn from a specific domain (e.g., healthcare, interviews) where thanking is a routine opening/closing. | Transcription artifacts like repeated 'and' or 'um' may obscure the core pattern.","Sentence s042 is a longer congratulatory statement that does not fit the simple gratitude template. | Some sentences (e.g., s020, s025) include 'thank you for seeing me' which reverses the direction of gratitude, but still fits the broader pattern of thanking for interaction.",4,0.98,extracted_unchanged_from_validated_feature_card,current_ai_evidence_review
AF_30870,AF,True,30870,5,1.0,1.5468876,behavioral_function,positive_evaluation,行动、目标与个人优势肯定,positive_evaluation,行动、目标与个人优势肯定,assigned_behavior_component,affirmative_evaluation_of_goals_plans_ideas,"The majority of sentences express positive evaluation (e.g., 'great', 'good', 'excellent', 'brilliant') of the interlocutor's goals, plans, ideas, or actions, often using the template 'that's a [adjective] [noun]' or 'sounds like a [adjective] [noun]'.","The sentences function as affirmations or positive reinforcements, likely in a coaching or counseling context, to encourage the interlocutor.",s004: that's a great goal to have for yourself || s008: that sounds like a great idea,"The sentences are part of a motivational interviewing or health coaching dialogue, where the speaker uses positive reinforcement to support behavior change. | The pattern may reflect a specific annotation or transcription artifact where only positive evaluative statements were selected, rather than a natural discourse pattern.","The sentences may come from a single conversation or scripted interaction, limiting generalizability. | The presence of disfluencies (e.g., 'like I said', 'you know') suggests spontaneous speech, but the evaluative pattern may be overrepresented due to the feature selection criteria.","Some sentences (e.g., s014, s019) are longer and more complex, mixing evaluation with other functions like questioning or advice, which are not fully captured by the primary pattern. | The pattern does not account for sentences that lack explicit positive adjectives (e.g., s038, s039) or that contain negative content (e.g., s034).",4,0.86,extracted_unchanged_from_validated_feature_card,current_ai_evidence_review
AF_6676,AF,True,6676,6,1.0,1.4589165,behavioral_function,positive_evaluation,行动、目标与个人优势肯定,positive_evaluation,行动、目标与个人优势肯定,assigned_behavior_component,positive_evaluation_of_person_or_action,"The majority of sentences express a positive evaluation (e.g., glad, good, great, wonderful, happy, nice, thrilled, awesome) directed at the addressee or their actions, often in a healthcare or supportive context.","The sentences function as affirmations, encouragements, or expressions of gratitude, likely used by healthcare providers to build rapport and reinforce positive patient behaviors.",s003: I'm glad you called. || s005: I'm glad you didn't come in today it shows that you really care about your health and you want to manage your diabetes better,The pattern may be a surface artifact of transcription conventions where positive feedback is common in clinical dialogues. | The pattern could reflect a topic of health management and patient-provider interactions. | The pattern might be an affective expression of reassurance and support.,"Some sentences (e.g., s019, s021, s022) use positive words but in a different context (e.g., describing a glass, hedging, or discussing life choices), which may not fit the affirmation function. | The dataset may be drawn from a specific domain (e.g., medical consultations) where such expressions are routine.","The interpretation is based on semantic and pragmatic cues; without full context, the exact function may vary. | A few sentences (s019, s021, s022) are outliers that do not clearly express affirmation toward the addressee.",4,0.94,extracted_unchanged_from_validated_feature_card,current_ai_evidence_review
AF_32764,AF,True,32764,7,1.0,1.2812145,linguistic_structure,,,positive_evaluative_construction,评价性句式（以正向为主）,assigned_nonbehavior_component,evaluative responses with 'that',"The majority of sentences are evaluative responses using a demonstrative pronoun (typically 'that' or 'this') followed by a copula and an adjective or noun phrase expressing a positive or negative evaluation (e.g., 'that's really good', 'that sounds upsetting').","The sentences function as affirmations, validations, or assessments in a conversational context, likely from a therapist or supportive listener.",s006: Wow yeah wow that is awesome || s012: oh ok that's really good,"The sentences are all from a therapeutic or coaching dialogue, with the speaker providing reflective listening and positive reinforcement. | The pattern is a surface artifact of a specific transcription or annotation template that captures evaluative responses.","The dataset may be drawn from a single conversation type (e.g., counseling), limiting generalizability. | Some sentences (e.g., s002, s027, s037) are incomplete or grammatically irregular, possibly due to transcription errors.","Three sentences (s002, s027, s037) do not fit the pattern, indicating some variability. | The pattern is structural but may also reflect a behavioral function; however, the function is not uniquely identifiable from structure alone.",4,0.94,extracted_unchanged_from_validated_feature_card,current_ai_evidence_review
AF_28469,AF,True,28469,8,1.0,1.280923,behavioral_function,positive_evaluation,行动、目标与个人优势肯定,positive_evaluation,行动、目标与个人优势肯定,assigned_behavior_component,affirmative_evaluative_responses,"The majority of sentences express positive evaluation, affirmation, or encouragement, often using words like 'great', 'awesome', 'wonderful', 'good', and phrases like 'that sounds like a great idea' or 'I am so proud of you'. This pattern is consistent across many sentences, suggesting a supportive or therapeutic discourse context.","The sentences function as affirmations, validations, or positive reinforcements, typical of a counselor, coach, or supportive interlocutor providing encouragement and positive feedback.",s002: I am so proud of you that is awesome Taylor think I am just that couldn't be happier and wait till we tell the group || s009: that sounds like a great idea,"The sentences may be part of a therapeutic or coaching dialogue where the speaker provides positive reinforcement and schedules follow-up appointments. | The pattern could reflect a linguistic template of evaluative adjectives ('great', 'awesome') combined with future-oriented scheduling phrases ('see you next week', 'look forward to'). | The sentences might be extracted from a corpus of motivational interviewing or health coaching sessions, where affirmations and goal-setting are common.","The dataset may include multiple speakers or contexts (e.g., clinical, casual), leading to mixed patterns. | Some sentences are fragments or incomplete, making interpretation ambiguous. | The presence of scheduling phrases (e.g., 'see you next week') may indicate a separate pattern not fully captured by the primary interpretation.","The primary interpretation does not cover sentences that are neutral or factual (e.g., 'It's Friday.') or those with negative or mixed affect (e.g., s035). | The behavioral function is inferred from content but lacks explicit discourse context (e.g., turn-taking, speaker roles).",3,0.64,extracted_unchanged_from_validated_feature_card,current_ai_evidence_review
AF_28724,AF,True,28724,9,1.0,1.2748282,linguistic_structure,,,gratitude_formula,感谢公式结构,assigned_nonbehavior_component,thank_you_expressions,"The majority of sentences contain expressions of gratitude, typically 'thanks for' or 'thank you for', often in conversational closings or acknowledgments.",The available sentences do not support a stable behavioral-function interpretation.,s001: hi Heather thanks for coming in || s003: well thanks for coming in today,"The sentences may represent closing or transition moves in a conversation, often signaling the end of an interaction. | The pattern could be a transcription artifact where interviewers consistently thank participants, reflecting a scripted or polite routine.","Some sentences use 'appreciate' instead of 'thanks', which may indicate a different register or function. | The dataset may be drawn from a specific context (e.g., clinical interviews) where thanking is conventional.",The analysis does not account for the broader conversational context. | The distinction between 'thanks' and 'appreciate' may be functionally similar but is treated as a lexical difference.,4,0.88,extracted_unchanged_from_validated_feature_card,current_ai_evidence_review
AF_2434,AF,True,2434,10,1.0,1.2701302,linguistic_structure,,,gratitude_formula,感谢公式结构,assigned_nonbehavior_component,thank_you_for_gerund,"The majority of sentences are expressions of gratitude using the pattern 'thank you' or 'thanks' followed by 'for' and a gerund phrase (e.g., 'coming in', 'sharing', 'listening'). This pattern is stable across diverse contexts, including medical, counseling, and informal settings.","The sentences serve a social bonding and closing function, often used to end an interaction or acknowledge a contribution. They express appreciation and maintain rapport.",s001: Thanks for comming today || s013: so thank you for coming in today Jamie,"The sentences are all from clinical or counseling interactions, serving to close sessions or acknowledge patient cooperation. | The pattern is a formulaic politeness strategy used to express gratitude in service encounters. | The sentences share a common discourse function of thanking, but vary in formality and specific context.","The dataset may be drawn from a single domain (e.g., medical transcripts), biasing the pattern. | Some sentences include additional elements like names or specific reasons, but the core gratitude structure remains. | The misspelling 'comming' in s001 is a surface artifact, not affecting the pattern.","A few sentences use 'appreciate' instead of 'thank you', but they follow the same 'for + gerund' structure. | The pattern does not capture variations in intensity (e.g., 'so much', 'very much') or discourse markers (e.g., 'well', 'okay').",5,1.0,extracted_unchanged_from_validated_feature_card,current_ai_evidence_review
AF_22411,AF,True,22411,11,0.99,1.1979907,behavioral_function,positive_evaluation,行动、目标与个人优势肯定,positive_evaluation,行动、目标与个人优势肯定,assigned_behavior_component,affirmative_evaluations,"The sentences predominantly contain positive evaluations or affirmations, often using adjectives like 'good', 'great', 'nice', 'lovely', 'wonderful', 'terrific', and phrases like 'sounds like', 'that's a', 'you have great goals'. The pattern is a recurring template of praising or validating the interlocutor's actions, traits, or plans.","The sentences likely function as therapeutic or coaching affirmations, providing positive reinforcement and encouragement. The consistent use of evaluative language suggests a supportive discourse role.",s002: sounds like you have like I said really good goals and you're working hard in school || s010: it's obvious that you're a good mom,"The sentences may be part of a motivational interviewing or coaching script, where the speaker uses reflective listening and positive reinforcement. | The pattern could be a surface artifact of a specific dataset (e.g., therapy transcripts) where affirmations are common, rather than a genuine behavioral function.","The dataset may be from a specific domain (e.g., healthcare, coaching) where positive language is expected, limiting generalizability. | Some sentences (e.g., s023) are more neutral or speculative, suggesting the pattern is not universal.",The analysis is based solely on text without context of the conversation or speaker roles. | The pattern may be influenced by transcription conventions or annotation biases.,4,0.98,extracted_unchanged_from_validated_feature_card,current_ai_evidence_review
AF_26938,AF,True,26938,12,1.0,1.19136,linguistic_structure,,,,,nonbehavior_isolated_or_unresolved,great_affirmation_discourse_marker,"The majority of sentences begin with or contain the word 'great' used as a discourse marker to affirm, acknowledge, or transition in a conversational context, often in health or counseling dialogues.","The sentences serve to affirm, acknowledge, or transition in a conversational setting, likely in healthcare or coaching interactions, using 'great' as a positive reinforcement or discourse marker.",s003: Great well thank you so much for talking to me || s008: okay well great thanks for coming in,The sentences are from a healthcare or counseling setting where 'great' is used to encourage or validate patient responses. | The pattern is a surface artifact of transcription where 'great' is a common filler or transition word in spoken dialogue.,"The word 'great' may be used in different contexts (e.g., compliment, evaluation) across sentences, but the majority function as discourse markers. | Sentence s002 uses 'great' as an adjective describing a selfie, which is a different usage.","The analysis is based on text only, without prosodic or contextual cues. | The dataset may be from a specific domain (e.g., healthcare) which influences the pattern.",4,0.98,extracted_unchanged_from_validated_feature_card,current_ai_evidence_review
AF_24856,AF,True,24856,13,0.98,1.1787199,linguistic_structure,,,positive_evaluative_construction,评价性句式（以正向为主）,assigned_nonbehavior_component,evaluative_that-copula-adjective,"The majority of sentences follow a template: 'that' + copula (is/was) + evaluative adjective (e.g., great, good, hard, terrible), often preceded by discourse markers like 'and', 'so', 'okay', or 'yeah'. This pattern expresses a subjective evaluation of a previously mentioned situation.","The sentences function as therapist or counselor reflections, affirmations, or empathetic responses, providing positive or negative evaluations to validate the client's experience.",s010: and that's great || s036: that's good,The sentences are all therapist responses that use evaluative language to encourage or empathize with clients. | The pattern is a discourse marker sequence where 'that's' + adjective serves as a backchannel or acknowledgment.,"The sentences come from a single conversation type (therapy/counseling), so the pattern may be domain-specific. | The evaluative adjectives vary widely in valence, but the syntactic template remains consistent.","Some sentences include additional clauses (e.g., s002, s008) that extend beyond the core template. | The pattern does not capture the full range of sentence structures present (e.g., questions, imperatives).",4,1.0,extracted_unchanged_from_validated_feature_card,current_ai_evidence_review
AF_9869,AF,True,9869,14,1.0,1.1613637,behavioral_function,gratitude_rapport,感谢与关系维持,gratitude_rapport,感谢与关系维持,assigned_behavior_component,thank_you_formula,"The majority of sentences are expressions of gratitude, typically following the template 'thank you/thanks for [gerund phrase]' or 'thank you/thanks for [noun phrase]', often with intensifiers like 'so much' or 'very much'.","The sentences serve a social ritual function of expressing appreciation, often used to close or acknowledge an interaction, such as a meeting, call, or conversation.","s003: Thank you so much for calling me back, I sure appreciate it || s005: thanks so much for coming in today","The sentences are part of a structured interaction (e.g., therapy, counseling, or service) where thanking is a routine closing move. | The pattern may reflect a data collection artifact where speakers were instructed to thank participants.","The dataset may be drawn from a specific domain (e.g., healthcare, interviews) where thanking is conventional. | Some sentences include additional discourse markers or personal names, but the core gratitude formula remains.","One sentence (s043) lacks any gratitude expression, indicating the pattern is not universal. | The behavioral function is inferred from the semantic content; actual discourse context is unknown.",4,0.98,extracted_unchanged_from_validated_feature_card,current_ai_evidence_review
AF_22475,AF,True,22475,15,0.96,1.1434155,affective_content,,,positive_evaluation_affect,正向评价与赞扬内容,assigned_nonbehavior_component,evaluative_good_pattern,"The majority of sentences contain the word 'good' (or 'great') used as a positive evaluation, often in formulaic expressions like 'it's good to...', 'that's good', 'I'm good', or 'that's great'. This pattern is stable across diverse contexts, indicating a shared evaluative function.","The sentences primarily serve to express positive evaluation, agreement, or affirmation in conversational discourse, often as feedback or social bonding.",s010: it's good to see you again || s026: that's good,"The pattern might reflect a conversational routine of giving feedback or reassurance, rather than genuine affective content. | The sentences could be part of a therapeutic or coaching discourse where positive reinforcement is common.","The word 'good' is extremely common in English and may appear in many unrelated contexts. | Some sentences (e.g., s046, s047) use 'good' in a negated or ironic sense, but still contain the word.",The pattern is primarily lexical and may not capture deeper pragmatic functions. | The dataset may be biased toward evaluative language due to the topic of conversation.,4,1.0,extracted_unchanged_from_validated_feature_card,current_ai_evidence_review
AF_24206,AF,True,24206,16,0.99,1.1361935,behavioral_function,gratitude_rapport,感谢与关系维持,gratitude_rapport,感谢与关系维持,assigned_behavior_component,expressions_of_gratitude_and_appreciation,"The majority of sentences express gratitude or appreciation, often using templates like 'thank you for' or 'I appreciate you/your', directed at the listener for actions such as attending, sharing, or participating.","The sentences primarily serve a social bonding or rapport-building function, acknowledging the listener's cooperation or effort in a therapeutic or supportive context.",s001: so thank you so thank you for being here and congratulations again for taking that first step || s006: and I really appreciate you sharing this with me,"The sentences are from a clinical or counseling setting where the provider uses gratitude to encourage patient engagement. | The pattern reflects a polite register common in service or help-oriented interactions, not necessarily genuine gratitude. | The sentences may be part of a data collection where interviewers thank participants for their time and responses.","The dataset may be drawn from a specific domain (e.g., therapy sessions) where thanking is a routine discourse move. | Some sentences are fragments or contain transcription errors, making interpretation ambiguous. | The presence of outliers (e.g., s003, s013) suggests the set is not entirely homogeneous.","The primary interpretation does not cover all sentences; outliers include narrative or question forms. | The behavioral function may be confounded with politeness conventions rather than genuine appreciation. | The sample IDs are not deduplicated, so repeated patterns may inflate coverage.",4,0.88,extracted_unchanged_from_validated_feature_card,current_ai_evidence_review
AF_29908,AF,True,29908,17,0.91,1.087321,affective_content,,,positive_evaluation_affect,正向评价与赞扬内容,assigned_nonbehavior_component,positive_evaluation_pattern,"The majority of sentences contain positive evaluations or affirmations, often using adjectives like 'great', 'good', 'nice', 'awesome', 'fantastic', 'brilliant', 'wonderful', 'excellent', 'cool', 'handsome', 'healthy', 'helpful', and 'valuable'. These evaluations are frequently embedded in discourse markers such as 'that's', 'sounds', 'looks', 'you did', 'doing', and 'very'.","The sentences likely function as positive reinforcement, encouragement, or rapport-building in conversational contexts such as coaching, counseling, or customer service.","s001: Wow, nice. || s011: ...which is fantastic.","The pattern may reflect a discourse function of providing feedback or summarizing progress in a professional or therapeutic setting. | The pattern could be a surface artifact of a corpus collected from positive interactions, such as motivational interviewing or customer satisfaction surveys.","The presence of a few negative or neutral sentences (s021, s032) suggests the pattern is not universal. | Some sentences (e.g., s022, s035) include planning or closing remarks that are not purely evaluative.","The analysis is based solely on text without context of the full conversation. | The pattern may be influenced by the specific domain (e.g., health coaching) rather than a general linguistic feature.",4,0.96,extracted_unchanged_from_validated_feature_card,current_ai_evidence_review
AF_453,AF,True,453,18,0.86,1.0235049,affective_content,,,positive_evaluation_affect,正向评价与赞扬内容,assigned_nonbehavior_component,positive_evaluation_and_praise,"The majority of sentences express positive evaluation, praise, or encouragement, often using adjectives like 'great', 'good', 'awesome', 'amazing', 'wonderful', 'brilliant', 'cool', 'lovely', and phrases like 'you did a great job', 'sounds brilliant', 'that's awesome'. The pattern is stable across diverse contexts (e.g., health, personal achievement, appearance).","The sentences primarily function as affirmations, compliments, or positive feedback, likely in supportive or therapeutic interactions (e.g., counseling, coaching, or personal encouragement).",s001: sounds brilliant you know || s005: so I just wanted to tell you that you know the whole group appreciated and you did a great job,"The sentences may reflect a therapeutic or coaching discourse where the speaker provides supportive feedback and encouragement. | The pattern could be a surface artifact of a dataset focused on positive reinforcement in health interventions. | Some sentences express neutral or negative evaluations, suggesting the pattern is not universal but dominant.","The dataset may be drawn from specific contexts (e.g., smoking cessation, weight loss) that naturally elicit praise. | Transcription artifacts or incomplete utterances may obscure the intended function. | Some sentences are ambiguous (e.g., 'food okay') and may not fit the positive pattern.","Outliers include neutral statements (s009, s016, s027), negative evaluations (s023, s047, s050), and minimal responses (s026, s041). | The pattern is based on lexical and affective cues; behavioral function is inferred but not directly observed.",4,0.82,extracted_unchanged_from_validated_feature_card,current_ai_evidence_review
AF_5320,AF,True,5320,19,0.97,1.0047909,behavioral_function,,,,,behavior_unassigned,gratitude_and_greetings,"The sentences predominantly express gratitude, thanks, or polite greetings, often in conversational or clinical contexts.",The available sentences do not support a stable behavioral-function interpretation.,s001: this information is very helpful thanks Ian || s010: thank you very much I really appreciate your time today,"The sentences are from a healthcare or counseling setting, with many containing greetings and expressions of appreciation. | The sentences show a mix of conversational openings and closings, with gratitude being a common element.","Some sentences contain both gratitude and other topics, making categorization ambiguous. | The dataset may include multiple speakers or contexts, leading to varied expressions.","The primary pattern covers only 26 out of 50 sentences, leaving nearly half as outliers. | Outliers include questions, evaluations, and narrative statements that do not fit the gratitude/greeting pattern.",3,0.52,extracted_unchanged_from_validated_feature_card,current_ai_evidence_review
AF_16965,AF,True,16965,20,0.91,0.98710394,linguistic_structure,,,positive_evaluative_construction,评价性句式（以正向为主）,assigned_nonbehavior_component,good_positive_evaluation,"The majority of sentences contain the word 'good' used as a positive evaluative adjective, often in phrases like 'good things', 'good idea', 'good question', or as a standalone affirmation ('good', 'OK so good'). This pattern spans diverse topics (smoking, drinking, diet, motivation) and discourse functions (questions, reflections, advice).","The sentences frequently serve to elicit or affirm positive aspects of behaviors (e.g., 'good things about smoking/drinking') or to provide positive feedback ('that's a good idea', 'good question'). This suggests a motivational interviewing or counseling discourse function, where the speaker reinforces positive statements or explores benefits of change.",s001: does that capture for you some of the good things or things that are keeping you smoking || s013: so let me make sure that I understand all of the good things about smoking the things that you like about it,"The sentences may be drawn from a corpus of motivational interviewing sessions, where 'good' is used to reinforce client statements. | The pattern could reflect a general positivity bias in the dataset, with 'good' serving as a filler or discourse marker. | Some sentences focus on eliciting pros and cons of behaviors (e.g., smoking, drinking), suggesting a decisional balance exercise.","The word 'good' is extremely common in English, so the pattern may be a surface artifact of the topic domain rather than a stable linguistic structure. | The dataset may include multiple speakers (counselor vs. client), but the pattern persists across both roles. | Sentence s014 ('goodnight') is a formulaic expression that does not fit the evaluative pattern.","The pattern is primarily lexical (presence of 'good') and may not capture deeper syntactic or pragmatic regularities. | Some sentences (e.g., s002, s019) are partially incoherent, making interpretation difficult.",4,0.98,extracted_unchanged_from_validated_feature_card,current_ai_evidence_review
AF_1871,AF,True,1871,21,0.78,0.96637744,affective_content,,,positive_evaluation_affect,正向评价与赞扬内容,assigned_nonbehavior_component,affective_evaluative_expressions,"The sentences predominantly express affective or evaluative reactions (e.g., surprise, gladness, worry, concern, disappointment) using templates like 'I'm [emotion]' or 'it's [adjective]'.",The available sentences do not support a stable behavioral-function interpretation.,s001: I'm kind of surprised to see you're coming back today || s007: that would be super I'd really look forward to it I'm really glad you came in,The sentences may reflect a therapeutic or counseling discourse where the speaker responds to client disclosures with empathy and validation. | The pattern could be a surface artifact of transcription conventions that capture emotional reactions in conversational data.,"The dataset may be drawn from a specific domain (e.g., healthcare, counseling) where affective expressions are common. | Some sentences (e.g., s028, s050) are longer and more narrative, but still contain affective language.","The interpretation is broad and covers nearly all sentences, but does not capture subtle differences in function (e.g., question vs. statement). | No behavioral function is clearly dominant across the set.",4,1.0,extracted_unchanged_from_validated_feature_card,current_ai_evidence_review
AF_32320,AF,True,32320,22,0.72,0.95248544,affective_content,,,positive_evaluation_affect,正向评价与赞扬内容,assigned_nonbehavior_component,positive_evaluative_adjectives,"The majority of sentences contain positive evaluative adjectives (e.g., 'fabulous', 'wonderful', 'brilliant', 'gorgeous', 'awesome', 'excellent', 'nice', 'great', 'fantastic', 'perfect', 'cute', 'handsome') used as standalone exclamations or embedded in discourse, often as affirmations or compliments.",The available sentences do not support a stable behavioral-function interpretation.,s001: fabulous || s004: wonderful,"The sentences may reflect a conversational pattern of giving positive feedback or encouragement in a therapeutic or coaching context. | The pattern could be a surface artifact of a corpus focused on affective language, with many sentences being short evaluative responses.","Some sentences (e.g., s008 'awful', s024 'crazy idea', s027 'Worrying about simple things') contain negative or neutral content, but they are still evaluative adjectives or phrases. | The presence of longer, mixed sentences (e.g., s010, s016) includes positive adjectives but also other discourse elements.","The pattern is broad and may not capture nuanced discourse functions. | Some sentences lack explicit positive adjectives but still convey positive sentiment (e.g., s017 'nice to meet you').",4,1.0,extracted_unchanged_from_validated_feature_card,current_ai_evidence_review
AF_11511,AF,True,11511,23,0.73,0.9482039,behavioral_function,gratitude_rapport,感谢与关系维持,gratitude_rapport,感谢与关系维持,assigned_behavior_component,appreciation_expression,"The majority of sentences express appreciation or gratitude, often using the phrase 'I appreciate' followed by a noun phrase or gerund clause, directed at the listener's actions or qualities.","The primary behavioral function is expressing gratitude or positive acknowledgment, which serves to build rapport, encourage cooperation, or soften face-threatening acts in conversational contexts.",s002: and this has been very useful I appreciate you || s005: I appreciate how difficult it must be for you to look after your children by yourself now,"The pattern may reflect a politeness strategy common in service or therapeutic interactions, rather than genuine gratitude. | Some sentences use 'appreciate' in a questioning form (e.g., 'would you appreciate those as goals'), which shifts the function to seeking agreement.","The dataset may be drawn from multiple conversational contexts (e.g., therapy, pharmacy, casual talk), mixing appreciation with other speech acts. | Transcription artifacts like 'your person laughing' (s040) are outliers that do not fit any linguistic pattern.","The primary pattern covers exactly 25 sentences, meeting the threshold but leaving half the set unexplained. | Outliers include diverse functions (questions, greetings, instructions) that prevent a single unified interpretation.",3,0.5,extracted_unchanged_from_validated_feature_card,current_ai_evidence_review
AF_31149,AF,True,31149,24,0.74,0.942937,behavioral_function,gratitude_rapport,感谢与关系维持,gratitude_rapport,感谢与关系维持,assigned_behavior_component,thank_you_and_appreciation,"The majority of sentences express gratitude or appreciation, often in therapeutic or counseling contexts, using phrases like 'thank you', 'I appreciate', or 'I commend you'.","The sentences function as positive reinforcement or rapport-building in a therapeutic or coaching interaction, acknowledging the client's efforts or participation.","s001: okay um so first of all first of all I want to commend you for coming in here today and taking that first step || s008: Thank you so much for calling me back, I sure appreciate it","The sentences are part of a scripted or routine interaction in a clinical setting, with formulaic expressions of gratitude. | The pattern reflects a mix of closing and opening sequences in conversations, where thanking is common.","The dataset may be from a specific domain (e.g., therapy, coaching) where thanking is frequent. | Some sentences are fragments or incomplete, making interpretation ambiguous.","Outliers include sentences that are not thanking (e.g., s006, s031) or are ambiguous (e.g., s004, s005). | The behavioral function may be confounded with politeness routines rather than genuine reinforcement.",4,0.74,extracted_unchanged_from_validated_feature_card,current_ai_evidence_review
AF_24167,AF,True,24167,25,0.77,0.9356883,behavioral_function,positive_evaluation,行动、目标与个人优势肯定,positive_evaluation,行动、目标与个人优势肯定,assigned_behavior_component,healthcare_discourse_assessment,"The sentences predominantly reflect a healthcare or counseling interaction where a clinician assesses a patient's well-being, progress, or adherence to treatment, often using evaluative phrases like 'sounds like', 'doing well', 'pretty good', and 'sounds good'.",The primary behavioral function is assessment and affirmation: the clinician checks on the patient's status and provides positive reinforcement or summarizes progress.,s002: so um it sounds like in general your things are going pretty well for you || s012: okay great so you're doing well,"The sentences could be from a therapy session focusing on patient self-report and clinician reflection. | Alternatively, they might represent a general check-in conversation in a medical setting, not limited to therapy.","The dataset may be drawn from a single clinical context, limiting generalizability. | Some sentences are short and lack context, making it hard to distinguish between different types of healthcare interactions.","The analysis is based solely on text without speaker labels or turn-taking information. | The sample IDs are sequential, but the order may not reflect actual conversation flow.",4,1.0,extracted_unchanged_from_validated_feature_card,current_ai_evidence_review
AF_19654,AF,True,19654,26,0.7,0.9283802,behavioral_function,gratitude_rapport,感谢与关系维持,gratitude_rapport,感谢与关系维持,assigned_behavior_component,expressions_of_gratitude,"The majority of sentences contain expressions of gratitude, such as 'thank you', 'thanks', or 'appreciate', often in closing or appreciative contexts.","The sentences primarily function as polite closings or acknowledgments in conversational settings, expressing gratitude for time, information, or assistance.",s004: thank you very much I really appreciate your time today || s017: thank you for your time,The sentences may be part of a corpus of customer service or healthcare interactions where closing pleasantries are common. | The pattern could reflect a transcription artifact where only segments containing gratitude were selected.,"Some sentences contain gratitude but also other functions (e.g., s007 expresses dissatisfaction), making the behavioral function mixed. | The dataset may be biased towards polite closings due to the context of collection.","Outliers show that gratitude can co-occur with other discourse functions, limiting the purity of the pattern. | The interpretation does not account for the specific contexts (e.g., medical, tech support) that may influence phrasing.",4,0.9,extracted_unchanged_from_validated_feature_card,current_ai_evidence_review
AF_25532,AF,True,25532,30,0.72,0.9082642,behavioral_function,affirmative_reflection,肯定性反映,affirmative_reflection,肯定性反映,assigned_behavior_component,affirmation_and_reflection,"The majority of sentences are affirmations or reflections that validate the speaker's experiences, decisions, or emotions, often using the structure 'sounds like' or 'that is' followed by a positive or empathetic evaluation.","The sentences function as supportive reflections or affirmations, likely from a therapist or coach, to validate and encourage the speaker.",s001: that sounds like a great idea || s005: that sounds like a really good plan,"The sentences could be part of a motivational interviewing session, where the therapist uses reflective listening to reinforce the client's statements. | The pattern might be a linguistic template where 'sounds like' introduces a paraphrase of the client's own words, serving as a confirmation check.","Some sentences are incomplete or contain transcription errors, making interpretation ambiguous. | The dataset may include multiple speakers or contexts, diluting the pattern.","A few sentences (e.g., s012, s023) are grammatically odd or incomplete, possibly due to transcription errors. | The behavioral function is inferred but not explicitly confirmed by the data.",4,0.88,extracted_unchanged_from_validated_feature_card,current_ai_evidence_review
