{
  "mse": 13194.278241500677,
  "cosine_similarity": 0.8114449079950016,
  "explained_variance": 0.07172131391489833,
  "fvu": 0.9282786860851017,
  "l0_mean": 128.74504731190416,
  "l0_std": 427.63999774864885,
  "dead_count": 17509,
  "dead_ratio": 0.534332275390625,
  "alive_count": 15259,
  "top10_freq_indices": [
    16897,
    1748,
    19535,
    5923,
    13827,
    8226,
    31363,
    18754,
    15539,
    3673
  ],
  "ce_loss_orig": 4.071297621367826,
  "ce_loss_sae": 6.434753391636032,
  "ce_loss_delta": 2.3634557702682057,
  "kl_divergence": 2.9416910853150005,
  "n_eval_texts": 1598,
  "n_eval_pred_tokens": 26619,
  "ce_kl_batch_size": 2,
  "n_tokens": 28217
}