label,latent_idx,n_positive,n_negative,prevalence,pos_mean,neg_mean,mean_diff,cohens_d,abs_cohens_d,auc,directional_auc,auc_effect,p_value,significant_fdr,precision_at_10,precision_lift_at_10,precision_at_50,precision_lift_at_50,full_data_rank,inclusion_frequency,inclusion_count,n_half_runs,cohens_d_ci_lo,cohens_d_ci_hi,ci_excludes_zero,rank_within_label,cross_quality_max_auc_drop,cross_quality_tested,top_k_star,label_selection_status,stable_claim_allowed,ci_supported,cross_quality_stable,cross_quality_risk_or_missing,stable_set_role
RE,29759,1358,4836,0.219244430093639,0.47929513,0.11579737,0.36349776,0.8470445,0.8470445,0.69358575,0.69358575,0.3871715,0.0,True,0.4,0.18075557,0.54,0.3207556,1,1.0,100,100,0.7525061711668968,0.9540702521800994,True,1,0.0450989007949829,True,66,stable_topk_found,True,True,True,False,stable_core
RE,19435,1358,4836,0.219244430093639,0.778828,0.24235027,0.53647774,0.8193015,0.8193015,0.65258545,0.65258545,0.3051709,0.0,True,0.8,0.5807556,0.8,0.5807556,2,1.0,100,100,0.7230257734656333,0.9188622877001762,True,2,0.0695397853851318,True,66,stable_topk_found,True,True,False,True,stable_core
RE,31930,1358,4836,0.219244430093639,1.2356594,0.46985176,0.7658076,0.6844043,0.6844043,0.64022064,0.64022064,0.28044128,0.0,True,0.5,0.28075558,0.36,0.14075558,3,1.0,100,100,0.5965520024299622,0.7741487041115761,True,3,0.0561482310295105,True,66,stable_topk_found,True,True,False,True,stable_core
RE,30224,1358,4836,0.219244430093639,0.25221488,0.06802012,0.18419476,0.683084,0.683084,0.61732846,0.61732846,0.23465693,0.0,True,0.7,0.48075557,0.58,0.36075556,4,1.0,100,100,0.5823197782039642,0.7828398466110229,True,4,0.0476830005645751,True,66,stable_topk_found,True,True,True,False,stable_core
RE,14875,1358,4836,0.219244430093639,0.34207878,0.12309494,0.21898383,0.6773471,0.6773471,0.63771486,0.63771486,0.27542973,0.0,True,0.2,-0.019244432,0.3,0.08075558,5,1.0,100,100,0.5874362885951996,0.771280562877655,True,5,0.0499723553657531,True,66,stable_topk_found,True,True,True,False,stable_core
RE,5663,1358,4836,0.219244430093639,1.1521806,0.45886603,0.69331455,0.6631307,0.6631307,0.6438937,0.6438937,0.28778744,0.0,True,0.2,-0.019244432,0.26,0.040755555,6,1.0,100,100,0.5770615980029106,0.7522367432713508,True,6,0.054859459400177,True,66,stable_topk_found,True,True,False,True,stable_core
RE,1516,1358,4836,0.219244430093639,0.6746925,0.23414923,0.4405433,0.6625647,0.6625647,0.66346186,0.66346186,0.32692373,0.0,True,0.3,0.08075558,0.28,0.060755566,7,1.0,100,100,0.5783719122409821,0.7508561536669731,True,7,0.0215154290199279,True,66,stable_topk_found,True,True,True,False,stable_core
RE,7054,1358,4836,0.219244430093639,0.46906355,0.111073285,0.35799026,0.6581278,0.6581278,0.60761786,0.60761786,0.21523571,0.0,True,0.5,0.28075558,0.42,0.20075555,8,1.0,100,100,0.5713105484843254,0.7515566617250442,True,8,0.0128667950630187,True,66,stable_topk_found,True,True,True,False,stable_core
RE,26319,1358,4836,0.219244430093639,0.3778851,0.07387627,0.30400884,0.6578204,0.6578204,0.5968318,0.5968318,0.1936636,0.0,True,0.2,-0.019244432,0.52,0.30075556,9,1.0,100,100,0.5633148670196533,0.757088914513588,True,9,0.0263658761978149,True,66,stable_topk_found,True,True,True,False,stable_core
RE,3993,1358,4836,0.219244430093639,0.19007444,0.039734542,0.1503399,0.6380426,0.6380426,0.5915274,0.5915274,0.1830548,0.0,True,0.8,0.5807556,0.6,0.3807556,10,1.0,100,100,0.5519920796155929,0.72409298568964,True,10,0.0319951176643371,True,66,stable_topk_found,True,True,True,False,stable_core
RE,10181,1358,4836,0.219244430093639,0.25423706,0.06698621,0.18725085,0.63661695,0.63661695,0.6007104,0.6007104,0.20142078,0.0,True,0.8,0.5807556,0.7,0.48075557,11,1.0,100,100,0.5513843357563019,0.7242678046226501,True,11,0.0527275800704956,True,66,stable_topk_found,True,True,False,True,stable_core
RE,31133,1358,4836,0.219244430093639,0.5285792,0.0727842,0.455795,0.6349244,0.6349244,0.5752864,0.5752864,0.15057278,1.9071482e-38,True,0.8,0.5807556,0.64,0.42075557,12,1.0,100,100,0.5465280339121819,0.7370317831635474,True,12,0.0185069441795349,True,66,stable_topk_found,True,True,True,False,stable_core
RE,15068,1358,4836,0.219244430093639,0.883267,0.32379106,0.5594759,0.634514,0.634514,0.6159151,0.6159151,0.23183024,0.0,True,0.8,0.5807556,0.62,0.40075558,13,1.0,100,100,0.5526413738727569,0.7143416792154312,True,13,0.0446962118148803,True,66,stable_topk_found,True,True,True,False,stable_core
RE,26800,1358,4836,0.219244430093639,0.20664725,0.03167568,0.17497157,0.62815595,0.62815595,0.5861229,0.5861229,0.17224574,2.528284e-39,True,0.6,0.3807556,0.68,0.4607556,14,1.0,100,100,0.5363964423537254,0.7273369207978247,True,14,0.0163019299507141,True,66,stable_topk_found,True,True,True,False,stable_core
RE,11405,1358,4836,0.219244430093639,0.51174605,0.21527994,0.2964661,0.615395,0.615395,0.63722104,0.63722104,0.27444208,0.0,True,0.5,0.28075558,0.4,0.18075557,15,1.0,100,100,0.5300706282258034,0.7034744232892989,True,15,0.0552353262901306,True,66,stable_topk_found,True,True,False,True,stable_core
RE,20436,1358,4836,0.219244430093639,0.14380926,0.018789338,0.12501992,0.61355853,0.61355853,0.5689008,0.5689008,0.13780165,4.1324892000000003e-32,True,1.0,0.7807556,0.86,0.6407556,16,1.0,100,100,0.5278615191578865,0.6999761775135993,True,16,0.0426135659217834,True,66,stable_topk_found,True,True,True,False,stable_core
RE,2995,1358,4836,0.219244430093639,0.4529783,0.18044516,0.27253315,0.6080913,0.6080913,0.64515704,0.64515704,0.29031408,0.0,True,0.1,-0.119244434,0.34,0.12075557,17,1.0,100,100,0.520642226934433,0.6973999679088592,True,17,0.0234429836273193,True,66,stable_topk_found,True,True,True,False,stable_core
RE,1211,1358,4836,0.219244430093639,1.0204129,0.5941898,0.4262231,0.5932429,0.5932429,0.6537105,0.6537105,0.30742097,0.0,True,0.7,0.48075557,0.7,0.48075557,18,1.0,100,100,0.5106191366910935,0.676821556687355,True,18,0.0262004888038634,True,66,stable_topk_found,True,True,True,False,stable_core
RE,12852,1358,4836,0.219244430093639,0.5979899,0.31656617,0.28142375,0.58899,0.58899,0.64504534,0.64504534,0.29009068,0.0,True,0.6,0.3807556,0.6,0.3807556,19,1.0,100,100,0.4932518430054188,0.6901398569345474,True,19,0.0405383109434509,True,66,stable_topk_found,True,True,True,False,stable_core
RE,17861,1358,4836,0.219244430093639,1.0330867,0.652954,0.38013268,0.5859378,0.5859378,0.67647403,0.67647403,0.35294807,0.0,True,0.3,0.08075558,0.64,0.42075557,20,1.0,100,100,0.5040764227509499,0.6727513521909713,True,20,0.026537537574768,True,66,stable_topk_found,True,True,True,False,stable_core
RE,16292,1358,4836,0.219244430093639,0.29093507,0.0363194,0.25461566,0.58551246,0.58551246,0.5770567,0.5770567,0.15411341,7.77364e-32,True,0.6,0.3807556,0.76,0.54075557,21,1.0,100,100,0.489964722841978,0.6807324081659316,True,21,0.040192425251007,True,66,stable_topk_found,True,True,True,False,stable_core
RE,20808,1358,4836,0.219244430093639,0.64228904,0.1953117,0.44697735,0.58335435,0.58335435,0.634757,0.634757,0.26951396,0.0,True,0.3,0.08075558,0.3,0.08075558,22,0.99,99,100,0.469289630651474,0.7049092262983321,True,22,0.0164834260940551,True,66,stable_topk_found,True,True,True,False,stable_core
RE,22558,1358,4836,0.219244430093639,0.38050124,0.10154069,0.27896056,0.57388854,0.57388854,0.59183645,0.59183645,0.1836729,4.91942e-37,True,0.9,0.68075556,0.78,0.56075555,23,0.99,99,100,0.487570222467184,0.6614680677652358,True,23,0.0515805482864379,True,66,stable_topk_found,True,True,False,True,stable_core
RE,21800,1358,4836,0.219244430093639,0.19058357,0.022054642,0.16852893,0.57349217,0.57349217,0.56664735,0.56664735,0.1332947,8.1723196e-29,True,0.8,0.5807556,0.8,0.5807556,24,0.99,99,100,0.4848494403064251,0.6678505361080169,True,24,0.0290455222129821,True,66,stable_topk_found,True,True,True,False,stable_core
RE,28269,1358,4836,0.219244430093639,0.20065986,0.05145168,0.14920817,0.56952953,0.56952953,0.59001637,0.59001637,0.18003273,3.1914158000000004e-38,True,0.6,0.3807556,0.74,0.5207556,25,0.97,97,100,0.4678086593747139,0.670385308563709,True,25,0.0515170693397522,True,66,stable_topk_found,True,True,False,True,stable_core
RE,111,1358,4836,0.219244430093639,0.3325145,0.09905284,0.23346165,0.5682712,0.5682712,0.60150105,0.60150105,0.2030021,0.0,True,0.5,0.28075558,0.58,0.36075556,26,0.99,99,100,0.4767009153962135,0.6609231397509574,True,26,0.0416910052299499,True,66,stable_topk_found,True,True,True,False,stable_core
RE,31363,1358,4836,0.219244430093639,1.0942764,0.82518077,0.26909566,0.5664118,0.5664118,0.65666926,0.65666926,0.31333852,0.0,True,0.6,0.3807556,0.3,0.08075558,27,1.0,100,100,0.4924156963825226,0.6395645543932914,True,27,0.0316872596740722,True,66,stable_topk_found,True,True,True,False,stable_core
RE,29874,1358,4836,0.219244430093639,0.18288757,0.023759386,0.15912819,0.5604782,0.5604782,0.56887966,0.56887966,0.13775933,1.3371161e-30,True,0.5,0.28075558,0.68,0.4607556,28,0.98,98,100,0.4678174942731857,0.6555949732661247,True,28,0.0274089574813842,True,66,stable_topk_found,True,True,True,False,stable_core
RE,23242,1358,4836,0.219244430093639,0.7836044,0.45304462,0.33055976,0.5590297,0.5590297,0.6474925,0.6474925,0.29498506,0.0,True,0.2,-0.019244432,0.16,-0.05924444,29,0.99,99,100,0.4767112277448177,0.6455701515078545,True,29,0.0098867732810974,True,66,stable_topk_found,True,True,True,False,stable_core
RE,9537,1358,4836,0.219244430093639,0.46163505,0.15923461,0.30240044,0.5517469,0.5517469,0.5953048,0.5953048,0.19060957,0.0,True,0.2,-0.019244432,0.24,0.02075556,30,0.98,98,100,0.4651426441967487,0.6424034669995308,True,30,0.0387949347496032,True,66,stable_topk_found,True,True,True,False,stable_core
RE,29845,1358,4836,0.219244430093639,0.8496554,0.59482026,0.25483513,0.5499808,0.5499808,0.6535597,0.6535597,0.30711937,0.0,True,0.1,-0.119244434,0.36,0.14075558,31,0.96,96,100,0.4654698453843593,0.6314205154776572,True,31,0.066023051738739,True,66,stable_topk_found,True,True,False,True,stable_core
RE,19005,1358,4836,0.219244430093639,0.33804595,0.12924106,0.20880489,0.54533213,0.54533213,0.61258024,0.61258024,0.22516048,0.0,True,0.6,0.3807556,0.52,0.30075556,32,0.99,99,100,0.4451655983924866,0.6540183171629905,True,32,0.0353562235832214,True,66,stable_topk_found,True,True,True,False,stable_core
RE,26968,1358,4836,0.219244430093639,0.22174728,0.06777053,0.15397674,0.5369549,0.5369549,0.5898283,0.5898283,0.17965662,7.555853999999999e-38,True,0.4,0.18075557,0.48,0.26075554,33,0.95,95,100,0.4393227897584438,0.645586310327053,True,33,0.0474598407745361,True,66,stable_topk_found,True,True,True,False,stable_core
RE,8034,1358,4836,0.219244430093639,0.18562454,0.040323388,0.14530115,0.53261125,0.53261125,0.5704267,0.5704267,0.1408534,2.8398587e-31,True,0.9,0.68075556,0.68,0.4607556,34,0.95,95,100,0.4489919699728489,0.621389316022396,True,34,0.0230222940444946,True,66,stable_topk_found,True,True,True,False,stable_core
RE,26869,1358,4836,0.219244430093639,0.86571765,0.47316474,0.3925529,0.5273536,0.5273536,0.63244635,0.63244635,0.2648927,0.0,True,0.3,0.08075558,0.32,0.10075556,35,0.99,99,100,0.4465780176222324,0.6100936815142631,True,35,0.0003889799118041,True,66,stable_topk_found,True,True,True,False,stable_core
RE,3416,1358,4836,0.219244430093639,0.19530818,0.051431887,0.14387628,0.52676284,0.52676284,0.57347053,0.57347053,0.14694107,1.181672e-32,True,0.9,0.68075556,0.66,0.4407556,36,0.95,95,100,0.4433584854006767,0.6111919775605201,True,36,0.0160824060440063,True,66,stable_topk_found,True,True,True,False,stable_core
RE,29190,1358,4836,0.219244430093639,0.4595352,0.07370179,0.3858334,0.52446884,0.52446884,0.56250876,0.56250876,0.12501752,3.0018874e-29,True,0.2,-0.019244432,0.48,0.26075554,37,0.91,91,100,0.4356453970074653,0.6212325528264045,True,37,0.0278876423835754,True,66,stable_topk_found,True,True,True,False,stable_core
RE,2167,1358,4836,0.219244430093639,0.2334948,0.0951999,0.1382949,0.5242514,0.5242514,0.6110263,0.6110263,0.22205257,0.0,True,0.4,0.18075557,0.46,0.24075557,38,0.99,99,100,0.4380961775779724,0.6120199963450432,True,38,0.0550492405891418,True,66,stable_topk_found,True,True,False,True,stable_core
RE,13169,1358,4836,0.219244430093639,0.27871296,0.082549825,0.19616313,0.5198702,0.5198702,0.58825904,0.58825904,0.17651808,2.76312e-36,True,0.6,0.3807556,0.46,0.24075557,39,0.95,95,100,0.4402397073805332,0.6012234553694725,True,39,0.0197121500968933,True,66,stable_topk_found,True,True,True,False,stable_core
RE,15504,1358,4836,0.219244430093639,0.23187102,0.08471942,0.1471516,0.51962745,0.51962745,0.5903062,0.5903062,0.18061244,0.0,True,0.5,0.28075558,0.24,0.02075556,40,0.9,90,100,0.434043125808239,0.6092544287443159,True,40,0.0268714427947998,True,66,stable_topk_found,True,True,True,False,stable_core
RE,4018,1358,4836,0.219244430093639,0.16293348,0.04509554,0.11783794,0.51783216,0.51783216,0.5754705,0.5754705,0.15094101,6.73753e-33,True,0.5,0.28075558,0.6,0.3807556,41,0.9,90,100,0.4288760364055634,0.6115218088030814,True,41,0.0150498747825622,True,66,stable_topk_found,True,True,True,False,stable_core
RE,30798,1358,4836,0.219244430093639,0.33392972,0.09555612,0.2383736,0.51683086,0.51683086,0.58702207,0.58702207,0.17404413,2.040223e-35,True,0.2,-0.019244432,0.58,0.36075556,42,0.89,89,100,0.4299430087208747,0.6082696214318275,True,42,0.0216956734657287,True,66,stable_topk_found,True,True,True,False,stable_core
RE,23670,1358,4836,0.219244430093639,0.34352565,0.04863265,0.294893,0.5163147,0.5163147,0.5494122,0.5494122,0.09882438,1.2736636e-26,True,0.5,0.28075558,0.66,0.4407556,43,0.89,89,100,0.4197775587439537,0.6170697301626206,True,43,0.0236358642578125,True,66,stable_topk_found,True,True,True,False,stable_core
RE,3805,1358,4836,0.219244430093639,0.20717795,0.063676074,0.14350188,0.51248056,0.51248056,0.5813809,0.5813809,0.1627618,7.1047237e-34,True,0.5,0.28075558,0.62,0.40075558,44,0.87,87,100,0.4177006676793098,0.6047674387693405,True,44,0.0307636260986328,True,66,stable_topk_found,True,True,True,False,stable_core
RE,13312,1358,4836,0.219244430093639,0.40474704,0.22213566,0.18261138,0.5118123,0.5118123,0.62562615,0.62562615,0.2512523,0.0,True,0.3,0.08075558,0.36,0.14075558,45,0.93,93,100,0.4367043830454349,0.5922224581241607,True,45,0.0141964586853027,True,66,stable_topk_found,True,True,True,False,stable_core
RE,28688,1358,4836,0.219244430093639,0.30428767,0.052025177,0.2522625,0.51087105,0.51087105,0.5553758,0.5553758,0.11075163,4.2203885e-27,True,0.8,0.5807556,0.62,0.40075558,46,0.89,89,100,0.4211037792265415,0.6070805236697197,True,46,0.0296308994293212,True,66,stable_topk_found,True,True,True,False,stable_core
RE,2089,1358,4836,0.219244430093639,0.17933369,0.021250937,0.15808275,0.50682616,0.50682616,0.5618672,0.5618672,0.123734355,1.4119432e-24,True,0.7,0.48075557,0.66,0.4407556,47,0.86,86,100,0.4184008158743381,0.5975195944309234,True,47,0.0386334657669067,True,66,stable_topk_found,True,True,True,False,stable_core
RE,26681,1358,4836,0.219244430093639,1.480814,1.0196173,0.46119666,0.5051013,0.5051013,0.6739859,0.6739859,0.3479718,0.0,True,0.3,0.08075558,0.26,0.040755555,48,0.9,90,100,0.4274721562862396,0.5856760606169701,True,48,0.0375577807426452,True,66,stable_topk_found,True,True,True,False,stable_core
RE,15396,1358,4836,0.219244430093639,0.3882814,0.13347848,0.25480294,0.5040166,0.5040166,0.5973682,0.5973682,0.19473636,3.7207774999999997e-37,True,0.7,0.48075557,0.42,0.20075555,49,0.9,90,100,0.4308106988668442,0.5834053367376327,True,49,0.0288654565811157,True,66,stable_topk_found,True,True,True,False,stable_core
RE,4625,1358,4836,0.219244430093639,0.2875955,0.0928841,0.19471142,0.50218064,0.50218064,0.5828466,0.5828466,0.16569316,1.9989806000000002e-31,True,0.9,0.68075556,0.72,0.5007556,50,0.87,87,100,0.4200665220618248,0.5782784432172775,True,50,0.0120179653167724,True,66,stable_topk_found,True,True,True,False,stable_core
RE,4662,1358,4836,0.219244430093639,0.516183,0.2120126,0.30417043,0.49934635,0.49934635,0.60092705,0.60092705,0.20185411,2.4260219999999996e-38,True,0.2,-0.019244432,0.32,0.10075556,51,0.88,88,100,0.4190892107784748,0.5853686287999152,True,51,0.0089700818061828,True,66,stable_topk_found,True,True,True,False,stable_core
RE,17315,1358,4836,0.219244430093639,0.14653759,0.053299796,0.09323779,0.4983686,0.4983686,0.59443957,0.59443957,0.18887913,3.714963e-39,True,0.5,0.28075558,0.32,0.10075556,52,0.77,77,100,0.4149807192385196,0.589937663078308,True,52,0.0417454838752746,True,66,stable_topk_found,True,True,True,False,stable_core
RE,13966,1358,4836,0.219244430093639,0.27452338,0.060030323,0.21449305,0.48971137,0.48971137,0.57226825,0.57226825,0.1445365,4.407671e-28,True,0.3,0.08075558,0.56,0.34075558,53,0.73,73,100,0.396888930350542,0.5954946294426917,True,53,0.0010621547698974,True,66,stable_topk_found,True,True,True,False,stable_core
RE,8583,1358,4836,0.219244430093639,0.13391706,0.02666363,0.10725343,0.4833221,0.4833221,0.55957896,0.55957896,0.11915791,2.0074205e-24,True,0.7,0.48075557,0.64,0.42075557,54,0.68,68,100,0.3751850627362728,0.5852629169821738,True,54,0.002613489685974,True,66,stable_topk_found,True,True,True,False,boundary_candidate
RE,20564,1358,4836,0.219244430093639,0.5746646,0.40112326,0.17354134,0.48235318,0.48235318,0.63547254,0.63547254,0.27094507,0.0,True,0.3,0.08075558,0.34,0.12075557,55,0.7,70,100,0.4014588743448257,0.5695749014616013,True,55,0.0969899296760559,True,66,stable_topk_found,True,True,False,True,stable_core
RE,8468,1358,4836,0.219244430093639,0.15507352,0.04879137,0.10628215,0.48114377,0.48114377,0.5761513,0.5761513,0.15230262,4.1870024000000005e-32,True,0.4,0.18075557,0.42,0.20075555,56,0.68,68,100,0.3993365243077278,0.5642245531082153,True,56,0.0070156455039978,True,66,stable_topk_found,True,True,True,False,boundary_candidate
RE,18205,1358,4836,0.219244430093639,0.3788257,0.20452724,0.17429845,0.476762,0.476762,0.6118425,0.6118425,0.22368503,0.0,True,0.2,-0.019244432,0.44,0.22075556,57,0.68,68,100,0.3877704106271267,0.5668432161211967,True,57,0.0340698361396789,True,66,stable_topk_found,True,True,True,False,boundary_candidate
RE,6756,1358,4836,0.219244430093639,0.25066158,0.09425807,0.15640351,0.47085628,0.47085628,0.57968724,0.57968724,0.15937448,1.528762e-31,True,0.6,0.3807556,0.64,0.42075557,58,0.61,61,100,0.3908554464578628,0.5513759940862656,True,58,0.0505025386810302,True,66,stable_topk_found,True,True,False,True,boundary_candidate
RE,9993,1358,4836,0.219244430093639,0.8931304,0.6132885,0.2798419,0.46993214,0.46993214,0.62864906,0.62864906,0.2572981,0.0,True,0.0,-0.21924444,0.4,0.18075557,59,0.6,60,100,0.3867696478962898,0.5538058683276176,True,59,0.0499565045724487,True,66,stable_topk_found,True,True,True,False,boundary_candidate
RE,31867,1358,4836,0.219244430093639,0.27618453,0.09897933,0.1772052,0.46767604,0.46767604,0.5778298,0.5778298,0.15565956,3.463049e-32,True,0.6,0.3807556,0.4,0.18075557,60,0.6,60,100,0.3891042381525039,0.5486461207270621,True,60,0.053789734840393,True,66,stable_topk_found,True,True,False,True,boundary_candidate
RE,31915,1358,4836,0.219244430093639,0.27468446,0.09660457,0.17807989,0.46607935,0.46607935,0.57902575,0.57902575,0.15805149,1.9748324000000002e-30,True,0.5,0.28075558,0.58,0.36075556,61,0.55,55,100,0.3785935901105404,0.5488943725824356,True,61,0.0413258671760559,True,66,stable_topk_found,True,True,True,False,boundary_candidate
RE,15075,1358,4836,0.219244430093639,0.098023,0.021219434,0.076803565,0.46473122,0.46473122,0.5514734,0.5514734,0.10294676,7.839005e-24,True,0.8,0.5807556,0.62,0.40075558,62,0.56,56,100,0.3749014660716057,0.5526729330420493,True,62,0.0027519673141479,True,66,stable_topk_found,True,True,True,False,boundary_candidate
RE,5569,1358,4836,0.219244430093639,0.52505267,0.09370517,0.4313475,0.46443272,0.46443272,0.5474172,0.5474172,0.09483445,1.4489555000000002e-22,True,0.7,0.48075557,0.76,0.54075557,63,0.56,56,100,0.3781677074730396,0.5505361005663871,True,63,0.0203696489334106,True,66,stable_topk_found,True,True,True,False,boundary_candidate
RE,32596,1358,4836,0.219244430093639,0.15131973,0.04784712,0.103472605,0.4615617,0.4615617,0.57565373,0.57565373,0.15130746,4.3617306e-28,True,0.7,0.48075557,0.6,0.3807556,64,0.52,52,100,0.3773290149867535,0.5450359761714936,True,64,0.0474337339401245,True,66,stable_topk_found,True,True,True,False,boundary_candidate
RE,1455,1358,4836,0.219244430093639,0.19994362,0.05070411,0.14923951,0.46002775,0.46002775,0.5598618,0.5598618,0.11972356,1.7123165e-24,True,0.8,0.5807556,0.7,0.48075557,65,0.45,45,100,0.3754466705024242,0.5478612393140793,True,65,0.0319910645484924,True,66,stable_topk_found,True,True,True,False,boundary_candidate
RE,31338,1358,4836,0.219244430093639,0.42698073,0.18770315,0.23927759,0.45604143,0.45604143,0.581768,0.581768,0.16353595,5.481193e-31,True,0.4,0.18075557,0.46,0.24075557,66,0.46,46,100,0.3734628982841969,0.5375263303518294,True,66,0.0414658784866333,True,66,stable_topk_found,True,True,True,False,boundary_candidate
RES,20808,516,5678,0.0833064255731352,0.7907204,0.24810569,0.5426147,0.70120627,0.70120627,0.6264296,0.6264296,0.25285923,9.90641e-22,True,0.3,0.21669358,0.24,0.15669358,1,1.0,100,100,0.5420812696218491,0.8792803794145583,True,1,0.054156482219696,True,45,performance_only_unstable,False,True,False,True,stable_core
RES,28269,516,5678,0.0833064255731352,0.18862419,0.074671775,0.11395241,0.42628196,0.42628196,0.5628662,0.5628662,0.12573242,6.352624e-10,True,0.2,0.11669358,0.42,0.33669356,2,1.0,100,100,0.2852354817092418,0.5764762639999389,True,2,0.021105408668518,True,45,performance_only_unstable,False,True,True,False,stable_core
RES,11435,516,5678,0.0833064255731352,33.072964,25.189568,7.883396,0.42258167,0.42258167,0.6001441,0.6001441,0.20028818,8.4839785e-28,True,0.2,0.11669358,0.26,0.17669356,3,1.0,100,100,0.3309293136000633,0.511742803454399,True,3,0.0393462777137756,True,45,performance_only_unstable,False,True,True,False,stable_core
RES,29759,516,5678,0.0833064255731352,0.36990523,0.1796421,0.19026314,0.42122835,0.42122835,0.6101412,0.6101412,0.22028244,2.898284e-14,True,0.0,-0.083306424,0.08,-0.003306426,4,1.0,100,100,0.3113558188080788,0.5451163575053215,True,4,0.0107782483100891,True,45,performance_only_unstable,False,True,True,False,stable_core
RES,1516,516,5678,0.0833064255731352,0.5947114,0.30674657,0.28796485,0.42048857,0.42048857,0.6060246,0.6060246,0.21204925,5.7539246e-14,True,0.2,0.11669358,0.14,0.056693576,5,1.0,100,100,0.3050441704690456,0.5410033211112022,True,5,0.0821099877357482,True,45,performance_only_unstable,False,True,False,True,stable_core
RES,13966,516,5678,0.0833064255731352,0.27477744,0.091814764,0.18296269,0.41205236,0.41205236,0.5537472,0.5537472,0.107494354,1.9146729e-08,True,0.1,0.016693577,0.3,0.21669358,6,0.99,99,100,0.2691598147153854,0.5759224385023115,True,6,0.0611474514007568,True,45,performance_only_unstable,False,True,False,True,stable_core
RES,23077,516,5678,0.0833064255731352,0.5063628,0.34898746,0.15737534,0.3696118,0.3696118,0.5932832,0.5932832,0.18656635,8.530992e-12,True,0.1,0.016693577,0.14,0.056693576,7,0.94,94,100,0.2692063555121421,0.4780483625829219,True,7,0.0405156016349792,True,45,performance_only_unstable,False,True,True,False,stable_core
RES,19435,516,5678,0.0833064255731352,0.59146,0.3389329,0.2525271,0.36710334,0.36710334,0.56307185,0.56307185,0.1261437,1.2778826e-09,True,0.4,0.31669357,0.28,0.19669357,8,0.91,91,100,0.2385195683687925,0.4996176928281784,True,8,0.0083043575286865,True,45,performance_only_unstable,False,True,True,False,stable_core
RES,8468,516,5678,0.0833064255731352,0.14575763,0.06539873,0.0803589,0.35853672,0.35853672,0.5540825,0.5540825,0.108165026,1.3238043e-08,True,0.1,0.016693577,0.24,0.15669358,9,0.9,90,100,0.2399454429745674,0.4772935144603252,True,9,0.0060227513313293,True,45,performance_only_unstable,False,True,True,False,stable_core
RES,32696,516,5678,0.0833064255731352,1.0332562,0.8703728,0.1628834,0.34582168,0.34582168,0.5968658,0.5968658,0.19373155,4.981823499999999e-18,True,0.1,0.016693577,0.16,0.07669357,10,0.95,95,100,0.2674455396831036,0.4267543695867061,True,10,0.0129446387290954,True,45,performance_only_unstable,False,True,True,False,stable_core
RES,32727,516,5678,0.0833064255731352,0.14441013,0.07089039,0.073519744,0.32738158,0.32738158,0.5540325,0.5540325,0.10806501,5.4752203e-08,True,0.2,0.11669358,0.12,0.036693573,11,0.88,88,100,0.2208978351205587,0.4493531629443169,True,11,0.0241205096244812,True,45,performance_only_unstable,False,True,True,False,stable_core
RES,16320,516,5678,0.0833064255731352,0.40692753,0.21986382,0.18706371,0.3271168,0.3271168,0.5366698,0.5366698,0.07333958,3.791675e-07,True,0.3,0.21669358,0.24,0.15669358,12,0.85,85,100,0.2137998733669519,0.4567248038947581,True,12,0.0441681146621704,True,45,performance_only_unstable,False,True,True,False,stable_core
RES,2767,516,5678,0.0833064255731352,0.041378997,0.009887738,0.031491257,0.31802565,0.31802565,0.5190554,0.5190554,0.038110852,0.00010169535,True,0.3,0.21669358,0.4,0.31669357,13,0.69,69,100,0.1519707471132278,0.4971112847328182,True,13,0.0220211148262023,True,45,performance_only_unstable,False,True,True,False,boundary_candidate
RES,29701,516,5678,0.0833064255731352,0.087867916,0.03604785,0.051820066,0.31740245,0.31740245,0.5465415,0.5465415,0.093083024,4.549274e-07,True,0.1,0.016693577,0.16,0.07669357,14,0.72,72,100,0.1945738095790147,0.4470327645540237,True,14,0.0026411890068054,True,45,performance_only_unstable,False,True,True,False,stable_core
RES,26319,516,5678,0.0833064255731352,0.27673435,0.12815052,0.14858383,0.31136128,0.31136128,0.5469886,0.5469886,0.09397721,2.9278087e-07,True,0.0,-0.083306424,0.06,-0.023306426,15,0.73,73,100,0.1908413961529732,0.4410104595124721,True,15,0.0053299004875183,True,45,performance_only_unstable,False,True,True,False,stable_core
RES,27859,516,5678,0.0833064255731352,0.09903403,0.04604532,0.052988715,0.30628702,0.30628702,0.55367446,0.55367446,0.10734892,4.8517524e-08,True,0.0,-0.083306424,0.06,-0.023306426,16,0.77,77,100,0.1964090712368488,0.4220311127603053,True,16,0.0043013101281738,True,45,performance_only_unstable,False,True,True,False,stable_core
RES,17442,516,5678,0.0833064255731352,0.0581736,0.017425397,0.0407482,0.3009621,0.3009621,0.5197725,0.5197725,0.03954506,0.000110060275,True,0.3,0.21669358,0.36,0.27669358,17,0.66,66,100,0.1346106294542551,0.4711318328976631,True,17,0.0188807249069213,True,45,performance_only_unstable,False,True,True,False,boundary_candidate
RES,31930,516,5678,0.0833064255731352,0.9526594,0.6091328,0.3435266,0.29637724,0.29637724,0.5580795,0.5580795,0.11615896,2.7297874e-08,True,0.3,0.21669358,0.1,0.016693577,18,0.69,69,100,0.1868665780872106,0.4125149697065353,True,18,0.0156750679016113,True,45,performance_only_unstable,False,True,True,False,boundary_candidate
RES,22120,516,5678,0.0833064255731352,0.017101198,0.001987867,0.015113331,0.29405555,0.29405555,0.51083845,0.51083845,0.021676898,0.009253207,True,0.5,0.41669357,0.34,0.25669357,19,0.65,65,100,0.1230925699695944,0.4545855909585952,True,19,0.0323836803436279,True,45,performance_only_unstable,False,True,True,False,boundary_candidate
RES,11339,516,5678,0.0833064255731352,0.20878755,0.0943898,0.11439774,0.28625485,0.28625485,0.5371992,0.5371992,0.0743984,7.417012e-05,True,0.4,0.31669357,0.24,0.15669358,20,0.58,58,100,0.1465706896036863,0.4364315107464789,True,20,0.0045313247100829,True,45,performance_only_unstable,False,True,True,False,boundary_candidate
RES,16286,516,5678,0.0833064255731352,0.010333394,0.0015018217,0.008831572,0.28455502,0.28455502,0.509702,0.509702,0.019404054,0.0048324303,True,0.7,0.61669356,0.3,0.21669358,21,0.59,59,100,0.096640814282,0.4713664948940274,True,21,0.0323895812034606,True,45,performance_only_unstable,False,True,True,False,boundary_candidate
RES,7140,516,5678,0.0833064255731352,0.06376423,0.019684322,0.044079907,0.2723303,0.2723303,0.5168638,0.5168638,0.033727646,0.0005900275,True,0.4,0.31669357,0.34,0.25669357,22,0.55,55,100,0.1199814464896917,0.4308574527502058,True,22,0.0209964513778686,True,45,performance_only_unstable,False,True,True,False,boundary_candidate
RES,19079,516,5678,0.0833064255731352,0.055243913,0.014935317,0.040308595,0.26868567,0.26868567,0.5200149,0.5200149,0.040029764,0.0021074868,True,0.4,0.31669357,0.2,0.11669358,23,0.5,50,100,0.1409396991133689,0.392794169485569,True,23,0.0013756931137084,True,45,performance_only_unstable,False,True,True,False,boundary_candidate
RES,8023,516,5678,0.0833064255731352,0.026238494,0.0042925407,0.021945953,0.26611456,0.26611456,0.50787276,0.50787276,0.01574552,0.008188677,True,0.6,0.5166936,0.24,0.15669358,24,0.5,50,100,0.0378250233829021,0.4816044889390467,True,24,0.0067243576049804,True,45,performance_only_unstable,False,True,True,False,boundary_candidate
RES,14602,516,5678,0.0833064255731352,0.035122182,0.011536096,0.023586087,0.2570581,0.2570581,0.51878154,0.51878154,0.037563086,0.00043903416,True,0.1,0.016693577,0.28,0.19669357,25,0.46,46,100,0.1145616726949811,0.4129716970026493,True,25,0.0197870135307312,True,45,performance_only_unstable,False,True,True,False,boundary_candidate
RES,14836,516,5678,0.0833064255731352,0.0047995397,0.00035498856,0.004444551,0.2546479,0.2546479,0.50537366,0.50537366,0.0107473135,0.02670886,False,0.5,0.41669357,0.24,0.15669358,26,0.43,43,100,0.0802434895187616,0.4205821193754671,True,26,0.0023236274719238,True,45,performance_only_unstable,False,True,True,False,boundary_candidate
RES,7054,516,5678,0.0833064255731352,0.3194684,0.17775501,0.1417134,0.25197452,0.25197452,0.5370898,0.5370898,0.07417965,2.0557305e-05,True,0.0,-0.083306424,0.14,0.056693576,27,0.44,44,100,0.129791671782732,0.3849313549697398,True,27,0.0711778402328491,True,45,performance_only_unstable,False,True,False,True,boundary_candidate
RES,19039,516,5678,0.0833064255731352,0.4670467,0.34955022,0.11749649,0.25135866,0.25135866,0.5746459,0.5746459,0.14929175,7.284836e-07,True,0.1,0.016693577,0.12,0.036693573,28,0.4,40,100,0.145469994097948,0.3573499202728271,True,28,0.0319432616233825,True,45,performance_only_unstable,False,True,True,False,boundary_candidate
RES,14875,516,5678,0.0833064255731352,0.24797875,0.16411994,0.0838588,0.25036544,0.25036544,0.54942167,0.54942167,0.098843336,1.6232948e-06,True,0.1,0.016693577,0.08,-0.003306426,29,0.39,39,100,0.1466101828962564,0.3629452571272849,True,29,0.0100520272654723,True,45,performance_only_unstable,False,True,True,False,unstable_inclusion
RES,15220,516,5678,0.0833064255731352,0.09805747,0.048085127,0.049972344,0.24906798,0.24906798,0.5382424,0.5382424,0.0764848,3.0388597e-05,True,0.1,0.016693577,0.16,0.07669357,30,0.39,39,100,0.1398654025048017,0.3651906117796897,True,30,0.0217544436454772,True,45,performance_only_unstable,False,True,True,False,unstable_inclusion
RES,10913,516,5678,0.0833064255731352,0.032309834,0.009267541,0.023042293,0.24765337,0.24765337,0.5129416,0.5129416,0.025883198,0.0020750759,True,0.3,0.21669358,0.3,0.21669358,31,0.42,42,100,0.09108632132411,0.4123501248657703,True,31,0.0125281810760498,True,45,performance_only_unstable,False,True,True,False,boundary_candidate
RES,3421,516,5678,0.0833064255731352,0.09482876,0.050232943,0.04459582,0.24486613,0.24486613,0.5333671,0.5333671,0.066734195,4.016652e-05,True,0.1,0.016693577,0.12,0.036693573,32,0.36,36,100,0.1370404627174139,0.3574936039745806,True,32,0.0044769074913024,True,45,performance_only_unstable,False,True,True,False,unstable_inclusion
RES,7472,516,5678,0.0833064255731352,0.024644956,0.0027845274,0.021860428,0.24237728,0.24237728,0.5040661,0.5040661,0.008132219,0.06277427,False,0.5,0.41669357,0.22,0.13669357,33,0.5,50,100,-0.0551183968782424,0.4556300714612006,False,33,0.0183067321777343,True,45,performance_only_unstable,False,False,True,False,ci_not_supported
RES,19179,516,5678,0.0833064255731352,0.047147527,0.016677238,0.03047029,0.24154454,0.24154454,0.51689357,0.51689357,0.03378713,0.0013780276,True,0.4,0.31669357,0.26,0.17669356,34,0.29,29,100,0.1207020023837685,0.3686984822154044,True,34,0.0032680078089905,True,45,performance_only_unstable,False,True,True,False,unstable_inclusion
RES,25113,516,5678,0.0833064255731352,0.20580487,0.13545634,0.07034853,0.2355629,0.2355629,0.5498881,0.5498881,0.09977615,7.693692e-06,True,0.1,0.016693577,0.1,0.016693577,35,0.25,25,100,0.1279805567115545,0.3515263162553309,True,35,-0.0016074520629882,True,45,performance_only_unstable,False,True,True,False,unstable_inclusion
RES,2995,516,5678,0.0833064255731352,0.33926842,0.23119317,0.108075246,0.2343384,0.2343384,0.5608542,0.5608542,0.12170839,3.8809662e-06,True,0.0,-0.083306424,0.08,-0.003306426,36,0.23,23,100,0.1394215203821659,0.3304436154663562,True,36,0.0561826825141906,True,45,performance_only_unstable,False,True,False,True,unstable_inclusion
RES,21202,516,5678,0.0833064255731352,0.0063438714,0.00048329352,0.005860578,0.23272987,0.23272987,0.50440586,0.50440586,0.008811712,0.04678738,False,0.5,0.41669357,0.24,0.15669358,37,0.33,33,100,0.050150275696069,0.4172076694667338,True,37,0.0054094195365905,True,45,performance_only_unstable,False,True,True,False,unstable_inclusion
RES,9537,516,5678,0.0833064255731352,0.3451997,0.21465938,0.13054033,0.23269004,0.23269004,0.5396265,0.5396265,0.07925296,1.7078519e-05,True,0.1,0.016693577,0.08,-0.003306426,38,0.22,22,100,0.1370096310973167,0.3323931664228439,True,38,0.0063733070983886,True,45,performance_only_unstable,False,True,True,False,unstable_inclusion
RES,26578,516,5678,0.0833064255731352,0.015908884,0.0021450664,0.013763817,0.23122175,0.23122175,0.50503886,0.50503886,0.010077715,0.036816932,False,0.5,0.41669357,0.26,0.17669356,39,0.4,40,100,0.042049543838948,0.4216727428138253,True,39,0.0055835843086242,True,45,performance_only_unstable,False,True,True,False,boundary_candidate
RES,12954,516,5678,0.0833064255731352,0.0382222,0.012215802,0.026006399,0.2306297,0.2306297,0.51098025,0.51098025,0.021960497,0.0041643763,True,0.5,0.41669357,0.3,0.21669358,40,0.28,28,100,0.0954452738165855,0.3705994755029675,True,40,0.0006940380325317,True,45,performance_only_unstable,False,True,True,False,unstable_inclusion
RES,9678,516,5678,0.0833064255731352,0.025208939,0.0026916526,0.022517286,0.22687817,0.22687817,0.5043301,0.5043301,0.008660197,0.050262306,False,0.6,0.5166936,0.2,0.11669358,41,0.47,47,100,0.0012991915165912,0.3727239251136779,True,41,0.0048400163650512,True,45,performance_only_unstable,False,True,True,False,boundary_candidate
RES,10922,516,5678,0.0833064255731352,0.009489311,0.0009696829,0.008519628,0.22655894,0.22655894,0.50405705,0.50405705,0.0081140995,0.05498788,False,0.4,0.31669357,0.24,0.15669358,42,0.31,31,100,0.055437346920371,0.3769573241472242,True,42,0.005145788192749,True,45,performance_only_unstable,False,True,True,False,unstable_inclusion
RES,5663,516,5678,0.0833064255731352,0.8341055,0.5905845,0.24352098,0.22504957,0.22504957,0.5545996,0.5545996,0.10919917,5.9009676e-06,True,0.0,-0.083306424,0.04,-0.043306425,43,0.19,19,100,0.1239258917048573,0.3352328926324844,True,43,0.0090900232025146,True,45,performance_only_unstable,False,True,True,False,unstable_inclusion
RES,21803,516,5678,0.0833064255731352,0.012805081,0.0015726818,0.011232399,0.2207644,0.2207644,0.5066186,0.5066186,0.013237238,0.018475264,False,0.7,0.61669356,0.28,0.19669357,44,0.39,39,100,0.0637521428987383,0.4251945681869983,True,44,0.0026044655929565,True,45,performance_only_unstable,False,True,True,False,unstable_inclusion
RES,93,516,5678,0.0833064255731352,0.049165003,0.019308351,0.029856652,0.22057064,0.22057064,0.5206379,0.5206379,0.04127586,0.0009105588,True,0.1,0.016693577,0.18,0.09669358,45,0.21,21,100,0.1035172661766409,0.3440395377576351,True,45,0.004726231098175,True,45,performance_only_unstable,False,True,True,False,unstable_inclusion
REC,31133,842,5352,0.1359380045205037,0.7605033,0.08024125,0.680262,0.96537316,0.96537316,0.6110791,0.6110791,0.2221582,8.987757000000001e-39,True,0.8,0.664062,0.58,0.444062,1,1.0,100,100,0.8206839025020599,1.1408034056425094,True,1,0.003041270600891,True,56,stable_topk_found,True,True,True,False,stable_core
REC,20436,842,5352,0.1359380045205037,0.21123673,0.020234842,0.19100189,0.95610064,0.95610064,0.60435605,0.60435605,0.2087121,3.3781536e-32,True,1.0,0.864062,0.82,0.684062,2,1.0,100,100,0.835177119076252,1.0978100299835205,True,2,0.0454166531562805,True,56,stable_topk_found,True,True,True,False,stable_core
REC,26800,842,5352,0.1359380045205037,0.29397315,0.034806643,0.2591665,0.946745,0.946745,0.625307,0.625307,0.25061405,1.5813630000000003e-39,True,0.6,0.46406204,0.62,0.48406202,3,1.0,100,100,0.8128818929195404,1.1051052063703537,True,3,0.0114067196846008,True,56,stable_topk_found,True,True,True,False,stable_core
REC,30224,842,5352,0.1359380045205037,0.3263853,0.07411,0.2522753,0.9464679,0.9464679,0.6599208,0.6599208,0.31984162,0.0,True,0.6,0.46406204,0.52,0.384062,4,1.0,100,100,0.8113307774066925,1.0845358729362486,True,4,0.0402366518974304,True,56,stable_topk_found,True,True,True,False,stable_core
REC,19435,842,5352,0.1359380045205037,0.89365214,0.2760088,0.61764336,0.93838876,0.93838876,0.68136084,0.68136084,0.36272168,0.0,True,0.4,0.264062,0.52,0.384062,5,1.0,100,100,0.8336532354354859,1.0414349853992462,True,5,0.0726216435432434,True,56,stable_topk_found,True,True,False,True,stable_core
REC,29759,842,5352,0.1359380045205037,0.5463322,0.14029656,0.4060356,0.93792856,0.93792856,0.7105095,0.7105095,0.42101896,0.0,True,0.4,0.264062,0.46,0.324062,6,1.0,100,100,0.8145562797784806,1.0617039173841474,True,6,0.0224220752716064,True,56,stable_topk_found,True,True,True,False,stable_core
REC,3993,842,5352,0.1359380045205037,0.26069346,0.043119103,0.21757436,0.9377721,0.9377721,0.6280538,0.6280538,0.25610757,0.0,True,0.8,0.664062,0.58,0.444062,7,1.0,100,100,0.8062723010778428,1.0771431744098665,True,7,0.0016741156578063,True,56,stable_topk_found,True,True,True,False,stable_core
REC,15068,842,5352,0.1359380045205037,1.129333,0.33901936,0.79031366,0.9079166,0.9079166,0.66559964,0.66559964,0.3311993,0.0,True,0.8,0.664062,0.54,0.40406203,8,1.0,100,100,0.7929159313440323,1.036539736390114,True,8,0.0137434601783752,True,56,stable_topk_found,True,True,True,False,stable_core
REC,16292,842,5352,0.1359380045205037,0.42530805,0.03972741,0.38558063,0.90198624,0.90198624,0.61892205,0.61892205,0.23784411,1.7585817e-32,True,0.6,0.46406204,0.7,0.564062,9,1.0,100,100,0.7650558516383171,1.057023909687996,True,9,0.0195158123970031,True,56,stable_topk_found,True,True,True,False,stable_core
REC,10181,842,5352,0.1359380045205037,0.33434623,0.072436415,0.2619098,0.9012066,0.9012066,0.63957655,0.63957655,0.2791531,0.0,True,0.8,0.664062,0.62,0.48406202,10,1.0,100,100,0.7857814848423004,1.0278415024280547,True,10,0.0234792785575866,True,56,stable_topk_found,True,True,True,False,stable_core
REC,12852,842,5352,0.1359380045205037,0.7318257,0.32264334,0.40918237,0.8680628,0.8680628,0.7103611,0.7103611,0.42072225,0.0,True,0.6,0.46406204,0.46,0.324062,11,1.0,100,100,0.7539480462670326,0.9849159196019172,True,11,0.0342308052001952,True,56,stable_topk_found,True,True,True,False,stable_core
REC,19005,842,5352,0.1359380045205037,0.4537026,0.13117687,0.32252574,0.8563329,0.8563329,0.6743483,0.6743483,0.3486966,0.0,True,0.5,0.364062,0.42,0.28406197,12,1.0,100,100,0.7338670685887336,0.984054121375084,True,12,0.0094043665130615,True,56,stable_topk_found,True,True,True,False,stable_core
REC,29874,842,5352,0.1359380045205037,0.26370668,0.02638653,0.23732015,0.84796,0.84796,0.60259247,0.60259247,0.20518494,1.02888e-30,True,0.4,0.264062,0.62,0.48406202,13,0.98,98,100,0.697080309689045,1.0149511396884918,True,13,0.0081954615809631,True,56,stable_topk_found,True,True,True,False,stable_core
REC,21800,842,5352,0.1359380045205037,0.2714612,0.025578931,0.24588226,0.84778386,0.84778386,0.59571075,0.59571075,0.19142151,1.4132012e-27,True,0.7,0.564062,0.7,0.564062,14,0.99,99,100,0.7107970476150512,0.9999821811914442,True,14,0.0199373916549682,True,56,stable_topk_found,True,True,True,False,stable_core
REC,3805,842,5352,0.1359380045205037,0.29626957,0.063495174,0.23277439,0.8467931,0.8467931,0.62878793,0.62878793,0.25757587,0.0,True,0.4,0.264062,0.6,0.46406204,15,1.0,100,100,0.7198392197489738,0.9884369999170304,True,15,0.0152615857006835,True,56,stable_topk_found,True,True,True,False,stable_core
REC,23670,842,5352,0.1359380045205037,0.51383424,0.05027034,0.4635639,0.8248575,0.8248575,0.5774801,0.5774801,0.15496016,1.7696853e-28,True,0.5,0.364062,0.66,0.52406204,16,0.98,98,100,0.6791923075914383,0.997830007970333,True,16,0.021141767501831,True,56,stable_topk_found,True,True,True,False,stable_core
REC,11405,842,5352,0.1359380045205037,0.6211123,0.22665702,0.39445525,0.82454395,0.82454395,0.6779996,0.6779996,0.35599923,0.0,True,0.5,0.364062,0.4,0.264062,17,0.98,98,100,0.7257121592760086,0.9270399644970893,True,17,0.0680407285690307,True,56,stable_topk_found,True,True,False,True,stable_core
REC,29190,842,5352,0.1359380045205037,0.67213714,0.077453524,0.59468365,0.82062215,0.82062215,0.5949296,0.5949296,0.18985915,5.07293e-31,True,0.1,-0.035938002,0.44,0.304062,18,0.98,98,100,0.6831704437732696,0.9805386811494828,True,18,0.014477813481903,True,56,stable_topk_found,True,True,True,False,stable_core
REC,14875,842,5352,0.1359380045205037,0.39974576,0.13513531,0.26461047,0.81857276,0.81857276,0.6685642,0.6685642,0.3371284,0.0,True,0.1,-0.035938002,0.22,0.084061995,19,0.96,96,100,0.7184904024004937,0.9241732135415076,True,19,0.050992190436554,True,56,stable_topk_found,True,True,False,True,stable_core
REC,5663,842,5352,0.1359380045205037,1.3471054,0.49504384,0.8520615,0.81606066,0.81606066,0.67420244,0.67420244,0.34840488,0.0,True,0.2,0.064062,0.22,0.084061995,20,0.98,98,100,0.7195233315229416,0.9187517151236534,True,20,0.0546367742781066,True,56,stable_topk_found,True,True,False,True,stable_core
REC,1211,842,5352,0.1359380045205037,1.1883235,0.60886663,0.57945687,0.8131254,0.8131254,0.7086473,0.7086473,0.41729462,0.0,True,0.7,0.564062,0.56,0.424062,21,1.0,100,100,0.7324815973639488,0.9055240392684936,True,21,0.0488742482612609,True,56,stable_topk_found,True,True,True,False,stable_core
REC,9993,842,5352,0.1359380045205037,1.0797765,0.6109048,0.4688717,0.8015239,0.8015239,0.71752083,0.71752083,0.43504167,0.0,True,0.0,-0.135938,0.36,0.22406201,22,1.0,100,100,0.7182349324226379,0.8954572409391403,True,22,0.0301617949848937,True,56,stable_topk_found,True,True,True,False,stable_core
REC,31930,842,5352,0.1359380045205037,1.4090892,0.51640046,0.89268875,0.7956444,0.7956444,0.6665871,0.6665871,0.33317423,0.0,True,0.2,0.064062,0.26,0.12406199,23,0.97,97,100,0.7016833797097206,0.8887795612215995,True,23,0.060491919517517,True,56,stable_topk_found,True,True,False,True,stable_core
REC,7054,842,5352,0.1359380045205037,0.5607394,0.13116519,0.4295742,0.7893671,0.7893671,0.6327206,0.6327206,0.26544118,0.0,True,0.5,0.364062,0.28,0.144062,24,0.95,95,100,0.6707140043377876,0.9133436039090156,True,24,0.0433977246284484,True,56,stable_topk_found,True,True,True,False,stable_core
REC,111,842,5352,0.1359380045205037,0.42710343,0.106680326,0.3204231,0.78635335,0.78635335,0.6397266,0.6397266,0.27945316,0.0,True,0.3,0.16406201,0.36,0.22406201,25,0.94,94,100,0.6757445737719536,0.9088802799582482,True,25,0.0026354997840881,True,56,stable_topk_found,True,True,True,False,stable_core
REC,22558,842,5352,0.1359380045205037,0.4902947,0.11116281,0.37913188,0.7859337,0.7859337,0.6234357,0.6234357,0.24687135,5.481312e-35,True,0.7,0.564062,0.62,0.48406202,26,0.97,97,100,0.6693897172808647,0.9147534504532814,True,26,0.0324273109436035,True,56,stable_topk_found,True,True,True,False,stable_core
REC,16256,842,5352,0.1359380045205037,0.6706827,0.28399175,0.38669097,0.77516806,0.77516806,0.67814463,0.67814463,0.35628927,0.0,True,0.2,0.064062,0.34,0.204062,27,0.99,99,100,0.6660629317164422,0.8931887075304983,True,27,0.0269314609020996,True,56,stable_topk_found,True,True,True,False,stable_core
REC,26968,842,5352,0.1359380045205037,0.29166976,0.071615316,0.22005445,0.7751072,0.7751072,0.6288278,0.6288278,0.25765562,1.637445e-39,True,0.4,0.264062,0.42,0.28406197,28,0.89,89,100,0.6281885042786598,0.932494805753231,True,28,0.0343645708206177,True,56,stable_topk_found,True,True,True,False,stable_core
REC,28688,842,5352,0.1359380045205037,0.43195146,0.056261823,0.37568963,0.7698516,0.7698516,0.5824101,0.5824101,0.1648202,1.0505445e-27,True,0.7,0.564062,0.54,0.40406203,29,0.92,92,100,0.6272056788206101,0.933668239414692,True,29,0.0183287887741089,True,56,stable_topk_found,True,True,True,False,stable_core
REC,30091,842,5352,0.1359380045205037,0.11948161,0.016554851,0.10292676,0.76974744,0.76974744,0.5813978,0.5813978,0.16279554,3.5803130000000004e-28,True,0.5,0.364062,0.58,0.444062,30,0.89,89,100,0.6350996911525726,0.9059274300932884,True,30,0.0061418414115905,True,56,stable_topk_found,True,True,True,False,stable_core
REC,2089,842,5352,0.1359380045205037,0.26049167,0.023723973,0.2367677,0.7682638,0.7682638,0.590385,0.590385,0.18077004,6.933933e-24,True,0.7,0.564062,0.6,0.46406204,31,0.91,91,100,0.6453094229102134,0.915003016591072,True,31,0.0254142880439758,True,56,stable_topk_found,True,True,True,False,stable_core
REC,32596,842,5352,0.1359380045205037,0.21604763,0.047639903,0.16840772,0.76267785,0.76267785,0.6241949,0.6241949,0.24838984,3.2267598e-35,True,0.7,0.564062,0.5,0.364062,32,0.86,86,100,0.6484072670340538,0.8849544450640678,True,32,0.0311896204948425,True,56,stable_topk_found,True,True,True,False,stable_core
REC,23242,842,5352,0.1359380045205037,0.91174054,0.4647558,0.44698474,0.76113206,0.76113206,0.6972839,0.6972839,0.39456785,0.0,True,0.1,-0.035938002,0.12,-0.015938006,33,0.96,96,100,0.6743053629994392,0.8566456899046896,True,33,0.031032061792755,True,56,stable_topk_found,True,True,True,False,stable_core
REC,31867,842,5352,0.1359380045205037,0.38325554,0.09921926,0.28403628,0.7605633,0.7605633,0.6257291,0.6257291,0.25145817,0.0,True,0.6,0.46406204,0.4,0.264062,34,0.93,93,100,0.644081549346447,0.8745179742574691,True,34,0.0233441155067444,True,56,stable_topk_found,True,True,True,False,stable_core
REC,31585,842,5352,0.1359380045205037,25.567102,11.787712,13.77939,0.75765175,0.75765175,0.674174,0.674174,0.34834802,0.0,True,0.3,0.16406201,0.24,0.10406199,35,0.94,94,100,0.6570365324616432,0.8639303490519523,True,35,0.0200855028381348,True,56,stable_topk_found,True,True,True,False,stable_core
REC,13169,842,5352,0.1359380045205037,0.36992466,0.08711258,0.2828121,0.757001,0.757001,0.62771106,0.62771106,0.25542212,2.0042797e-38,True,0.6,0.46406204,0.42,0.28406197,36,0.89,89,100,0.6521096795797348,0.8722256854176521,True,36,0.024716317653656,True,56,stable_topk_found,True,True,True,False,stable_core
REC,8226,842,5352,0.1359380045205037,1.1195164,0.5680707,0.55144566,0.75308615,0.75308615,0.6935856,0.6935856,0.38717115,0.0,True,0.3,0.16406201,0.32,0.18406199,37,0.92,92,100,0.6518735736608505,0.8595041930675507,True,37,0.0253374234252929,True,56,stable_topk_found,True,True,True,False,stable_core
REC,3673,842,5352,0.1359380045205037,0.76822066,0.35422286,0.4139978,0.75062174,0.75062174,0.67987514,0.67987514,0.35975027,0.0,True,0.3,0.16406201,0.54,0.40406203,38,0.87,87,100,0.6440374001860618,0.8729507446289061,True,38,0.0116530702597046,True,56,stable_topk_found,True,True,True,False,stable_core
REC,26319,842,5352,0.1359380045205037,0.43987298,0.093434334,0.34643865,0.74662703,0.74662703,0.610566,0.610566,0.22113204,6.8359046e-34,True,0.2,0.064062,0.46,0.324062,39,0.8,80,100,0.6259045317769051,0.8698650836944578,True,39,0.0068995156440735,True,56,stable_topk_found,True,True,True,False,stable_core
REC,8034,842,5352,0.1359380045205037,0.2464649,0.044760574,0.20170432,0.7452318,0.7452318,0.5987313,0.5987313,0.19746256,7.204312600000001e-30,True,0.7,0.564062,0.56,0.424062,40,0.86,86,100,0.6205536559224129,0.8899738535284996,True,40,0.0078403353691101,True,56,stable_topk_found,True,True,True,False,stable_core
REC,1455,842,5352,0.1359380045205037,0.2892365,0.051044732,0.23819175,0.74437004,0.74437004,0.59292686,0.59292686,0.18585372,1.8934185e-27,True,0.8,0.664062,0.7,0.564062,41,0.81,81,100,0.6153602063655853,0.8803454548120498,True,41,0.0321751236915588,True,56,stable_topk_found,True,True,True,False,stable_core
REC,31915,842,5352,0.1359380045205037,0.37506032,0.09798214,0.27707818,0.7342725,0.7342725,0.6218344,0.6218344,0.2436688,4.4774866e-36,True,0.5,0.364062,0.54,0.40406203,42,0.81,81,100,0.6311565518379212,0.8458827912807464,True,42,0.0492898225784301,True,56,stable_topk_found,True,True,True,False,stable_core
REC,4018,842,5352,0.1359380045205037,0.21347286,0.048505522,0.16496733,0.73076254,0.73076254,0.60844135,0.60844135,0.2168827,1.0651064e-33,True,0.3,0.16406201,0.46,0.324062,43,0.7,70,100,0.6029876500368119,0.8678784251213073,True,43,0.0154421925544738,True,56,stable_topk_found,True,True,True,False,stable_core
REC,17861,842,5352,0.1359380045205037,1.1444432,0.67208445,0.4723587,0.72938234,0.72938234,0.7130628,0.7130628,0.42612565,0.0,True,0.1,-0.035938002,0.4,0.264062,44,0.83,83,100,0.6490823060274125,0.8144380331039428,True,44,0.0876175761222839,True,56,stable_topk_found,True,True,False,True,stable_core
REC,2995,842,5352,0.1359380045205037,0.52266276,0.19575772,0.32690504,0.72910005,0.72910005,0.67197704,0.67197704,0.3439541,0.0,True,0.1,-0.035938002,0.26,0.12406199,45,0.7,70,100,0.6217058375477791,0.8457973048090934,True,45,0.0346308946609497,True,56,stable_topk_found,True,True,True,False,stable_core
REC,3416,842,5352,0.1359380045205037,0.25207606,0.0563724,0.19570366,0.7211479,0.7211479,0.6017704,0.6017704,0.2035408,5.2258647e-31,True,0.7,0.564062,0.56,0.424062,46,0.72,72,100,0.6018996745347976,0.8491168990731239,True,46,0.0130755901336669,True,56,stable_topk_found,True,True,True,False,stable_core
REC,26869,842,5352,0.1359380045205037,1.0187472,0.48693648,0.53181076,0.7188932,0.7188932,0.67889875,0.67889875,0.3577975,0.0,True,0.2,0.064062,0.22,0.084061995,47,0.71,71,100,0.6294354185461998,0.8111381888389587,True,47,0.0260325670242309,True,56,stable_topk_found,True,True,True,False,stable_core
REC,16745,842,5352,0.1359380045205037,0.33208227,0.073380135,0.25870213,0.71817285,0.71817285,0.60952264,0.60952264,0.21904528,2.6737209999999998e-30,True,0.8,0.664062,0.54,0.40406203,48,0.57,57,100,0.5919065788388252,0.8650818660855293,True,48,0.0118047595024108,True,56,stable_topk_found,True,True,True,False,boundary_candidate
REC,21741,842,5352,0.1359380045205037,0.3880595,0.11289369,0.2751658,0.7173345,0.7173345,0.628749,0.628749,0.25749803,7.078938299999999e-35,True,0.8,0.664062,0.54,0.40406203,49,0.65,65,100,0.6093180358409882,0.8270476773381233,True,49,0.0341470837593078,True,56,stable_topk_found,True,True,True,False,boundary_candidate
REC,13312,842,5352,0.1359380045205037,0.4809118,0.22775912,0.25315267,0.7146378,0.7146378,0.6711715,0.6711715,0.34234297,0.0,True,0.3,0.16406201,0.28,0.144062,50,0.64,64,100,0.6200926393270493,0.8129265099763869,True,50,0.0310025215148925,True,56,stable_topk_found,True,True,True,False,boundary_candidate
REC,8583,842,5352,0.1359380045205037,0.18447985,0.02904945,0.15543039,0.70668334,0.70668334,0.5863103,0.5863103,0.17262065,3.9867882e-24,True,0.6,0.46406204,0.56,0.424062,51,0.59,59,100,0.5730373546481132,0.8509399086236953,True,51,0.0134171247482299,True,56,stable_topk_found,True,True,True,False,boundary_candidate
REC,25414,842,5352,0.1359380045205037,0.50885636,0.19002424,0.3188321,0.70246035,0.70246035,0.6452035,0.6452035,0.29040694,0.0,True,0.6,0.46406204,0.54,0.40406203,52,0.57,57,100,0.5909338980913162,0.8301449999213218,True,52,0.0358445336494446,True,56,stable_topk_found,True,True,True,False,boundary_candidate
REC,20564,842,5352,0.1359380045205037,0.6536381,0.40543035,0.24820778,0.6955007,0.6955007,0.6912184,0.6912184,0.38243675,0.0,True,0.3,0.16406201,0.22,0.084061995,53,0.52,52,100,0.6191149562597275,0.7811117500066757,True,53,0.0387049913406372,True,56,stable_topk_found,True,True,True,False,boundary_candidate
REC,31363,842,5352,0.1359380045205037,1.1694022,0.8393058,0.33009642,0.6954308,0.6954308,0.69844335,0.69844335,0.3968867,0.0,True,0.3,0.16406201,0.2,0.064062,54,0.5,50,100,0.6331941202282906,0.7586377948522568,True,54,0.0079730121322632,True,56,stable_topk_found,True,True,True,False,boundary_candidate
REC,15396,842,5352,0.1359380045205037,0.4901706,0.14201503,0.34815556,0.6929415,0.6929415,0.63667387,0.63667387,0.27334774,5.64184e-39,True,0.4,0.264062,0.28,0.144062,55,0.51,51,100,0.5851009771227836,0.8036764115095137,True,55,0.0177928209304809,True,56,stable_topk_found,True,True,True,False,boundary_candidate
REC,11636,842,5352,0.1359380045205037,1.0782839,0.55111665,0.52716726,0.6926092,0.6926092,0.67494905,0.67494905,0.3498981,0.0,True,0.3,0.16406201,0.36,0.22406201,56,0.49,49,100,0.5957976087927819,0.7906533315777778,True,56,-0.0011734961959838,True,56,stable_topk_found,True,True,True,False,boundary_candidate
QU,13430,1974,4220,0.3186955117855989,1.3794336,0.17325607,1.2061776,2.584094,2.584094,0.9245365,0.9245365,0.84907305,0.0,True,0.7,0.38130447,0.94,0.6213045,1,1.0,100,100,2.4422283351421354,2.744535362720489,True,1,0.0204579830169677,True,28,stable_topk_found,True,True,True,False,stable_core
QU,664,1974,4220,0.3186955117855989,0.77705085,0.065500036,0.71155083,1.6924238,1.6924238,0.8298757,0.8298757,0.6597514,0.0,True,1.0,0.68130445,1.0,0.68130445,2,1.0,100,100,1.5838398307561874,1.8072809427976604,True,2,0.1148915886878967,True,28,stable_topk_found,True,True,False,True,stable_core
QU,9959,1974,4220,0.3186955117855989,0.4650654,0.011522975,0.4535424,1.4907203,1.4907203,0.7566853,0.7566853,0.51337063,0.0,True,0.9,0.58130443,0.98,0.6613045,3,1.0,100,100,1.3990514636039737,1.5854991495609283,True,3,0.0535915493965148,True,28,stable_topk_found,True,True,False,True,stable_core
QU,11660,1974,4220,0.3186955117855989,0.7435242,0.0376444,0.7058798,1.4463559,1.4463559,0.75620186,0.75620186,0.5124037,0.0,True,1.0,0.68130445,0.92,0.60130453,4,1.0,100,100,1.354554322361946,1.5383355408906936,True,4,0.012030005455017,True,28,stable_topk_found,True,True,True,False,stable_core
QU,26485,1974,4220,0.3186955117855989,0.70808995,0.1577042,0.5503857,1.3381729,1.3381729,0.7856189,0.7856189,0.5712378,0.0,True,1.0,0.68130445,0.92,0.60130453,5,1.0,100,100,1.2658580452203751,1.4141807317733763,True,5,0.0027478337287902,True,28,stable_topk_found,True,True,True,False,stable_core
QU,10916,1974,4220,0.3186955117855989,0.6725805,0.030763106,0.6418174,1.2413949,1.2413949,0.7412323,0.7412323,0.48246455,0.0,True,1.0,0.68130445,0.98,0.6613045,6,1.0,100,100,1.1688399255275723,1.3175852715969083,True,6,0.0482102632522583,True,28,stable_topk_found,True,True,True,False,stable_core
QU,27061,1974,4220,0.3186955117855989,0.3759073,0.030308612,0.3455987,1.1462882,1.1462882,0.70712054,0.70712054,0.41424108,0.0,True,1.0,0.68130445,0.98,0.6613045,7,1.0,100,100,1.0640253871679306,1.2317542374134065,True,7,0.0423420667648315,True,28,stable_topk_found,True,True,True,False,stable_core
QU,12340,1974,4220,0.3186955117855989,0.9597848,0.07752147,0.8822633,1.1443644,1.1443644,0.72507364,0.72507364,0.45014727,0.0,True,1.0,0.68130445,0.98,0.6613045,8,1.0,100,100,1.0746268719434735,1.2231002032756806,True,8,0.0085941553115844,True,28,stable_topk_found,True,True,True,False,stable_core
QU,29590,1974,4220,0.3186955117855989,0.3836169,0.02127888,0.362338,1.0800498,1.0800498,0.6978896,0.6978896,0.39577925,0.0,True,1.0,0.68130445,0.94,0.6213045,9,1.0,100,100,1.011214792728424,1.1507957845926284,True,9,0.0008226037025451,True,28,stable_topk_found,True,True,True,False,stable_core
QU,21935,1974,4220,0.3186955117855989,0.43013966,0.04447062,0.38566905,0.9512154,0.9512154,0.67547375,0.67547375,0.3509475,0.0,True,0.9,0.58130443,0.92,0.60130453,10,1.0,100,100,0.8753332048654556,1.028786540031433,True,10,0.0286053419113159,True,28,stable_topk_found,True,True,True,False,stable_core
QU,21125,1974,4220,0.3186955117855989,0.24097942,0.010879184,0.23010023,0.94183534,0.94183534,0.6436117,0.6436117,0.28722346,0.0,True,1.0,0.68130445,0.98,0.6613045,11,1.0,100,100,0.8549187049269676,1.0325477451086045,True,11,0.1018430590629577,True,28,stable_topk_found,True,True,False,True,stable_core
QU,18310,1974,4220,0.3186955117855989,0.27404302,0.010947682,0.26309535,0.9008357,0.9008357,0.652476,0.652476,0.30495203,0.0,True,1.0,0.68130445,0.72,0.4013045,12,1.0,100,100,0.8299507260322571,0.9771937549114228,True,12,0.0195819735527038,True,28,stable_topk_found,True,True,True,False,stable_core
QU,24744,1974,4220,0.3186955117855989,0.2968374,0.02041895,0.27641845,0.8828609,0.8828609,0.64800596,0.64800596,0.29601192,0.0,True,0.9,0.58130443,0.88,0.56130445,13,1.0,100,100,0.8143346205353736,0.9585666015744208,True,13,0.0142347812652587,True,28,stable_topk_found,True,True,True,False,stable_core
QU,12544,1974,4220,0.3186955117855989,0.3058016,0.04094759,0.264854,0.874358,0.874358,0.6763366,0.6763366,0.35267317,0.0,True,0.6,0.2813045,0.68,0.3613045,14,1.0,100,100,0.7872992947697639,0.9676860019564628,True,14,0.0441330075263977,True,28,stable_topk_found,True,True,True,False,stable_core
QU,23183,1974,4220,0.3186955117855989,0.38514358,0.02836058,0.356783,0.8679807,0.8679807,0.6342872,0.6342872,0.26857436,0.0,True,0.9,0.58130443,0.84,0.5213045,15,1.0,100,100,0.7899739488959312,0.9523327201604842,True,15,0.0082480907440185,True,28,stable_topk_found,True,True,True,False,stable_core
QU,26144,1974,4220,0.3186955117855989,0.6040895,0.015993409,0.5880961,0.8620236,0.8620236,0.63057774,0.63057774,0.2611555,0.0,True,1.0,0.68130445,0.98,0.6613045,16,1.0,100,100,0.793420036137104,0.9289930686354636,True,16,0.0305907726287841,True,28,stable_topk_found,True,True,True,False,stable_core
QU,24943,1974,4220,0.3186955117855989,0.3413289,0.009101933,0.33222696,0.85821545,0.85821545,0.6368811,0.6368811,0.27376223,0.0,True,1.0,0.68130445,1.0,0.68130445,17,1.0,100,100,0.7666287988424301,0.963614535331726,True,17,0.1093871593475341,True,28,stable_topk_found,True,True,False,True,stable_core
QU,24761,1974,4220,0.3186955117855989,0.55781806,0.072072625,0.48574543,0.8555914,0.8555914,0.6468944,0.6468944,0.2937888,0.0,True,1.0,0.68130445,0.98,0.6613045,18,1.0,100,100,0.7847972616553307,0.9220361247658728,True,18,0.0423482656478881,True,28,stable_topk_found,True,True,True,False,stable_core
QU,22358,1974,4220,0.3186955117855989,0.41569307,0.014593824,0.40109926,0.7961379,0.7961379,0.5934214,0.5934214,0.1868428,0.0,True,1.0,0.68130445,0.96,0.6413045,19,0.88,88,100,0.6398302093148232,0.9660426303744316,True,19,0.2118832468986511,True,28,stable_topk_found,True,True,False,True,stable_core
QU,16969,1974,4220,0.3186955117855989,0.63510305,0.06343722,0.5716658,0.783192,0.783192,0.6176773,0.6176773,0.23535454,0.0,True,0.9,0.58130443,0.92,0.60130453,20,0.98,98,100,0.7103621244430542,0.8579628765583038,True,20,0.0294275283813476,True,28,stable_topk_found,True,True,True,False,stable_core
QU,8658,1974,4220,0.3186955117855989,0.29474476,0.0112133445,0.28353143,0.7823935,0.7823935,0.60317224,0.60317224,0.20634449,0.0,True,1.0,0.68130445,0.96,0.6413045,21,1.0,100,100,0.7278621852397918,0.83621526658535,True,21,0.0409558415412902,True,28,stable_topk_found,True,True,True,False,stable_core
QU,18730,1974,4220,0.3186955117855989,0.85620093,0.17481071,0.6813902,0.7577622,0.7577622,0.63473463,0.63473463,0.26946926,0.0,True,0.3,-0.018695503,0.44,0.12130448,22,0.95,95,100,0.6745003595948219,0.8454004555940628,True,22,0.0129507780075073,True,28,stable_topk_found,True,True,True,False,stable_core
QU,3459,1974,4220,0.3186955117855989,0.3215928,0.026080236,0.29551256,0.75664514,0.75664514,0.6237248,0.6237248,0.24744964,0.0,True,0.9,0.58130443,0.8,0.4813045,23,0.95,95,100,0.6753257647156715,0.856053552031517,True,23,0.0051630139350891,True,28,stable_topk_found,True,True,True,False,stable_core
QU,21859,1974,4220,0.3186955117855989,0.103708565,0.0024890774,0.10121949,0.7493234,0.7493234,0.59418005,0.59418005,0.1883601,0.0,True,1.0,0.68130445,1.0,0.68130445,24,0.97,97,100,0.69376140832901,0.8045171499252319,True,24,0.0016390085220336,True,28,stable_topk_found,True,True,True,False,stable_core
QU,21203,1974,4220,0.3186955117855989,0.17679937,0.011571108,0.16522826,0.7298662,0.7298662,0.6068704,0.6068704,0.21374083,0.0,True,0.9,0.58130443,0.92,0.60130453,25,0.86,86,100,0.6522463276982308,0.8067253738641739,True,25,0.0166452527046203,True,28,stable_topk_found,True,True,True,False,stable_core
QU,32508,1974,4220,0.3186955117855989,0.12706988,0.005779306,0.12129057,0.7292339,0.7292339,0.59460956,0.59460956,0.18921912,0.0,True,0.9,0.58130443,0.98,0.6613045,26,0.82,82,100,0.6695678368210792,0.7935415983200073,True,26,0.0463517308235168,True,28,stable_topk_found,True,True,True,False,stable_core
QU,9963,1974,4220,0.3186955117855989,0.69399357,0.0918626,0.60213095,0.7069363,0.7069363,0.5992098,0.5992098,0.19841957,0.0,True,0.3,-0.018695503,0.66,0.3413045,27,0.69,69,100,0.6396901994943619,0.7710515916347502,True,27,0.0358444452285766,True,28,stable_topk_found,True,True,True,False,boundary_candidate
QU,18646,1974,4220,0.3186955117855989,0.25498572,0.03578523,0.21920049,0.70489174,0.70489174,0.6194337,0.6194337,0.2388674,0.0,True,0.3,-0.018695503,0.62,0.3013045,28,0.62,62,100,0.6261397615075112,0.7846651867032051,True,28,0.0037326216697692,True,28,stable_topk_found,True,True,True,False,boundary_candidate
QUO,9959,1206,4988,0.1947045527930255,0.5871926,0.051826727,0.5353659,1.7623034,1.7623034,0.80001533,0.80001533,0.60003066,0.0,True,0.5,0.30529547,0.66,0.4652955,1,1.0,100,100,1.639696830511093,1.9028367131948472,True,1,0.0058894157409667,True,36,stable_topk_found,True,True,True,False,stable_core
QUO,664,1206,4988,0.1947045527930255,0.89973634,0.14539427,0.7543421,1.6974965,1.6974965,0.852674,0.852674,0.705348,0.0,True,0.5,0.30529547,0.5,0.30529547,2,1.0,100,100,1.5543425291776658,1.8492155492305755,True,2,0.0276499986648559,True,36,stable_topk_found,True,True,True,False,stable_core
QUO,13430,1206,4988,0.1947045527930255,1.3791249,0.3590453,1.0200796,1.6755173,1.6755173,0.8640825,0.8640825,0.72816503,0.0,True,0.3,0.105295464,0.44,0.24529545,3,1.0,100,100,1.5666434228420258,1.797820511460304,True,3,0.0058815479278564,True,36,stable_topk_found,True,True,True,False,stable_core
QUO,23183,1206,4988,0.1947045527930255,0.5644321,0.03994587,0.5244862,1.3388325,1.3388325,0.6976583,0.6976583,0.3953166,0.0,True,0.7,0.50529546,0.74,0.5452955,4,1.0,100,100,1.2176515370607377,1.4804344564676284,True,4,0.0382840633392334,True,36,stable_topk_found,True,True,True,False,stable_core
QUO,26485,1206,4988,0.1947045527930255,0.7875888,0.22322558,0.5643632,1.3121221,1.3121221,0.7877557,0.7877557,0.57551146,0.0,True,1.0,0.80529547,0.86,0.6652955,5,1.0,100,100,1.2176094353199003,1.4093086034059523,True,5,0.0351272821426391,True,36,stable_topk_found,True,True,True,False,stable_core
QUO,24744,1206,4988,0.1947045527930255,0.42313498,0.032442708,0.39069226,1.2973925,1.2973925,0.70539933,0.70539933,0.41079867,0.0,True,0.6,0.4052955,0.76,0.56529546,6,1.0,100,100,1.17641778588295,1.433305314183235,True,6,0.0089476108551025,True,36,stable_topk_found,True,True,True,False,stable_core
QUO,11660,1206,4988,0.1947045527930255,0.79830015,0.13308464,0.6652155,1.2639519,1.2639519,0.73339653,0.73339653,0.46679306,0.0,True,0.8,0.6052955,0.72,0.5252955,7,1.0,100,100,1.1509264945983886,1.379824498295784,True,7,0.0254592299461364,True,36,stable_topk_found,True,True,True,False,stable_core
QUO,18310,1206,4988,0.1947045527930255,0.38074926,0.025656888,0.35509238,1.2511157,1.2511157,0.69855374,0.69855374,0.39710748,0.0,True,0.8,0.6052955,0.62,0.42529547,8,1.0,100,100,1.1226930677890778,1.3734677225351333,True,8,0.0253434777259826,True,36,stable_topk_found,True,True,True,False,stable_core
QUO,24761,1206,4988,0.1947045527930255,0.76731575,0.096210204,0.67110556,1.2193291,1.2193291,0.6859204,0.6859204,0.37184083,0.0,True,1.0,0.80529547,0.98,0.7852955,9,1.0,100,100,1.122847056388855,1.3202511250972748,True,9,0.0057734847068786,True,36,stable_topk_found,True,True,True,False,stable_core
QUO,27061,1206,4988,0.1947045527930255,0.43365854,0.069557175,0.36410135,1.1748339,1.1748339,0.706677,0.706677,0.41335404,0.0,True,0.9,0.70529544,0.84,0.64529544,10,1.0,100,100,1.075580927729607,1.2797307670116425,True,10,0.0146057605743408,True,36,stable_topk_found,True,True,True,False,stable_core
QUO,10916,1206,4988,0.1947045527930255,0.7433584,0.11247071,0.6308877,1.1628616,1.1628616,0.762377,0.762377,0.52475405,0.0,True,0.6,0.4052955,0.46,0.26529545,11,1.0,100,100,1.0461857199668885,1.2909656316041944,True,11,0.0288225412368774,True,36,stable_topk_found,True,True,True,False,stable_core
QUO,18730,1206,4988,0.1947045527930255,1.2025517,0.19598325,1.0065684,1.1618813,1.1618813,0.6986914,0.6986914,0.39738286,0.0,True,0.1,-0.094704546,0.34,0.14529546,12,1.0,100,100,1.050547480583191,1.281756907701492,True,12,0.0375276207923889,True,36,stable_topk_found,True,True,True,False,stable_core
QUO,21125,1206,4988,0.1947045527930255,0.3062989,0.03051464,0.27578428,1.1329104,1.1329104,0.66208047,0.66208047,0.32416093,0.0,True,1.0,0.80529547,0.94,0.74529546,13,1.0,100,100,1.0099204331636429,1.2613939583301543,True,13,0.0469027161598205,True,36,stable_topk_found,True,True,True,False,stable_core
QUO,3459,1206,4988,0.1947045527930255,0.45810497,0.03857422,0.41953075,1.1059489,1.1059489,0.6796571,0.6796571,0.3593142,0.0,True,0.7,0.50529546,0.62,0.42529547,14,1.0,100,100,0.9658592104911804,1.278434020280838,True,14,0.0553148388862609,True,36,stable_topk_found,True,True,False,True,stable_core
QUO,21203,1206,4988,0.1947045527930255,0.25911945,0.017107856,0.24201159,1.1047295,1.1047295,0.65334165,0.65334165,0.3066833,0.0,True,0.8,0.6052955,0.88,0.68529546,15,1.0,100,100,0.9970669269561768,1.2271628320217132,True,15,0.0230633020401,True,36,stable_topk_found,True,True,True,False,stable_core
QUO,19840,1206,4988,0.1947045527930255,0.27970824,0.035467934,0.2442403,1.0725625,1.0725625,0.6652479,0.6652479,0.33049583,0.0,True,0.6,0.4052955,0.76,0.56529546,16,1.0,100,100,0.9644144743680954,1.1865101665258408,True,16,0.0398507714271545,True,36,stable_topk_found,True,True,True,False,stable_core
QUO,32508,1206,4988,0.1947045527930255,0.18166491,0.011254354,0.17041056,1.0506935,1.0506935,0.6343394,0.6343394,0.26867878,0.0,True,0.6,0.4052955,0.84,0.64529544,17,1.0,100,100,0.9491449922323228,1.1741195142269134,True,17,0.0312871932983398,True,36,stable_topk_found,True,True,True,False,stable_core
QUO,12544,1206,4988,0.1947045527930255,0.37789893,0.06429532,0.3136036,1.0363835,1.0363835,0.70917314,0.70917314,0.4183463,0.0,True,0.4,0.20529546,0.48,0.28529543,18,1.0,100,100,0.9256106451153756,1.1547711819410325,True,18,0.0380620956420898,True,36,stable_topk_found,True,True,True,False,stable_core
QUO,14833,1206,4988,0.1947045527930255,0.40797964,0.013066907,0.39491272,0.9815065,0.9815065,0.61767536,0.61767536,0.23535073,0.0,True,0.8,0.6052955,0.92,0.7252955,19,1.0,100,100,0.8917284995317459,1.0826778650283813,True,19,0.0425165891647338,True,36,stable_topk_found,True,True,True,False,stable_core
QUO,26144,1206,4988,0.1947045527930255,0.74254215,0.07306716,0.66947496,0.9762702,0.9762702,0.6230439,0.6230439,0.24608779,0.0,True,1.0,0.80529547,0.98,0.7852955,20,1.0,100,100,0.867901548743248,1.0888522535562517,True,20,0.0767910480499267,True,36,stable_topk_found,True,True,False,True,stable_core
QUO,29590,1206,4988,0.1947045527930255,0.40520704,0.071847826,0.3333592,0.94808036,0.94808036,0.68890303,0.68890303,0.37780607,0.0,True,0.1,-0.094704546,0.5,0.30529547,21,1.0,100,100,0.8523070827126503,1.0498012751340866,True,21,0.027640163898468,True,36,stable_topk_found,True,True,True,False,stable_core
QUO,12340,1206,4988,0.1947045527930255,0.9685686,0.2112394,0.7573292,0.92280924,0.92280924,0.7151542,0.7151542,0.43030834,0.0,True,0.3,0.105295464,0.28,0.08529545,22,0.98,98,100,0.8200841143727302,1.036263158917427,True,22,0.0046791434288024,True,36,stable_topk_found,True,True,True,False,stable_core
QUO,19038,1206,4988,0.1947045527930255,0.49544272,0.05406726,0.44137546,0.91704553,0.91704553,0.6291029,0.6291029,0.25820577,0.0,True,0.5,0.30529547,0.64,0.44529545,23,0.99,99,100,0.8123080775141716,1.0301968067884446,True,23,0.0064557790756225,True,36,stable_topk_found,True,True,True,False,stable_core
QUO,8191,1206,4988,0.1947045527930255,0.15799096,0.011883599,0.14610736,0.9074972,0.9074972,0.6000111,0.6000111,0.20002222,0.0,True,0.7,0.50529546,0.86,0.6652955,24,1.0,100,100,0.796076187491417,1.0228241860866547,True,24,0.0092821717262268,True,36,stable_topk_found,True,True,True,False,stable_core
QUO,6129,1206,4988,0.1947045527930255,0.51465493,0.026374627,0.4882803,0.9057933,0.9057933,0.63373595,0.63373595,0.2674719,0.0,True,1.0,0.80529547,0.96,0.76529545,25,1.0,100,100,0.8237700760364532,0.996414989233017,True,25,0.0197278261184692,True,36,stable_topk_found,True,True,True,False,stable_core
QUO,18990,1206,4988,0.1947045527930255,0.5222148,0.055027768,0.467187,0.8980178,0.8980178,0.63016564,0.63016564,0.26033127,0.0,True,0.8,0.6052955,0.82,0.62529546,26,1.0,100,100,0.804762051999569,1.0010188817977903,True,26,0.0283361077308654,True,36,stable_topk_found,True,True,True,False,stable_core
QUO,12337,1206,4988,0.1947045527930255,0.40612045,0.073051885,0.33306855,0.89601827,0.89601827,0.65134066,0.65134066,0.30268133,0.0,True,0.8,0.6052955,0.82,0.62529546,27,0.99,99,100,0.8070127591490746,0.996181908249855,True,27,0.0759661793708801,True,36,stable_topk_found,True,True,False,True,stable_core
QUO,3887,1206,4988,0.1947045527930255,0.17563874,0.008694695,0.16694404,0.8930485,0.8930485,0.6025205,0.6025205,0.20504105,0.0,True,1.0,0.80529547,0.9,0.70529544,28,0.97,97,100,0.8116046220064164,0.9858245238661766,True,28,0.0107989907264709,True,36,stable_topk_found,True,True,True,False,stable_core
QUO,25210,1206,4988,0.1947045527930255,0.1930792,0.017337313,0.1757419,0.8781415,0.8781415,0.62062883,0.62062883,0.24125767,0.0,True,0.6,0.4052955,0.72,0.5252955,29,0.96,96,100,0.7831246614456177,0.9834755405783652,True,29,0.0203638076782226,True,36,stable_topk_found,True,True,True,False,stable_core
QUO,19470,1206,4988,0.1947045527930255,0.6992463,0.14487857,0.5543677,0.86131036,0.86131036,0.642814,0.642814,0.28562796,0.0,True,0.6,0.4052955,0.58,0.38529545,30,0.95,95,100,0.7657002002000809,0.9621263653039932,True,30,0.0302197337150573,True,36,stable_topk_found,True,True,True,False,stable_core
QUO,3156,1206,4988,0.1947045527930255,0.53295857,0.116607204,0.41635138,0.84525955,0.84525955,0.64997935,0.64997935,0.2999587,0.0,True,0.7,0.50529546,0.52,0.32529545,31,0.91,91,100,0.74103734344244,0.9557276844978332,True,31,0.0295130610466003,True,36,stable_topk_found,True,True,True,False,stable_core
QUO,14247,1206,4988,0.1947045527930255,0.33973038,0.028494168,0.3112362,0.8339799,0.8339799,0.59712714,0.59712714,0.19425428,0.0,True,1.0,0.80529547,0.94,0.74529546,32,0.77,77,100,0.7340932160615921,0.936798430979252,True,32,0.0607328414916992,True,36,stable_topk_found,True,True,False,True,stable_core
QUO,13311,1206,4988,0.1947045527930255,0.28318208,0.029646933,0.25353515,0.8085852,0.8085852,0.594182,0.594182,0.18836403,8.920970000000001e-40,True,1.0,0.80529547,0.98,0.7852955,33,0.68,68,100,0.7148732542991638,0.9006460607051848,True,33,0.0345982313156127,True,36,stable_topk_found,True,True,True,False,boundary_candidate
QUO,21190,1206,4988,0.1947045527930255,0.33352444,0.012655373,0.32086906,0.8042626,0.8042626,0.5763604,0.5763604,0.15272081,4.4905269999999996e-36,True,1.0,0.80529547,0.94,0.74529546,34,0.62,62,100,0.7141517519950866,0.896715497970581,True,34,0.0020896196365356,True,36,stable_topk_found,True,True,True,False,boundary_candidate
QUO,7350,1206,4988,0.1947045527930255,0.35509625,0.021446,0.33365026,0.77791804,0.77791804,0.59779716,0.59779716,0.19559431,8.129629e-38,True,0.8,0.6052955,0.82,0.62529546,35,0.45,45,100,0.6850573286414147,0.8817148566246031,True,35,0.0006930828094482,True,36,stable_topk_found,True,True,True,False,boundary_candidate
QUO,23594,1206,4988,0.1947045527930255,0.12702276,0.009388156,0.1176346,0.77584094,0.77584094,0.57275105,0.57275105,0.14550209,6.231630000000001e-40,True,0.5,0.30529547,0.62,0.42529547,36,0.41,41,100,0.6584539234638214,0.896524319052696,True,36,0.0212687849998474,True,36,stable_topk_found,True,True,True,False,boundary_candidate
QUC,21935,768,5426,0.1239909589925734,0.6788254,0.09499149,0.5838339,1.4611208,1.4611208,0.7399199,0.7399199,0.4798398,0.0,True,0.5,0.37600905,0.56,0.43600905,1,1.0,100,100,1.2822655469179154,1.6464336335659024,True,1,0.001699149608612,True,59,stable_topk_found,True,True,True,False,stable_core
QUC,13430,768,5426,0.1239909589925734,1.3799185,0.4412763,0.93864214,1.4180545,1.4180545,0.8230874,0.8230874,0.6461748,0.0,True,0.4,0.27600905,0.5,0.37600905,2,1.0,100,100,1.303537055850029,1.5367537707090375,True,2,0.0056453347206115,True,59,stable_topk_found,True,True,True,False,stable_core
QUC,14014,768,5426,0.1239909589925734,0.69282275,0.045905277,0.64691746,1.3069197,1.3069197,0.6665929,0.6665929,0.3331858,0.0,True,0.9,0.776009,0.8,0.67600906,3,1.0,100,100,1.1559835463762282,1.4694097965955732,True,3,0.0265432000160217,True,59,stable_topk_found,True,True,True,False,stable_core
QUC,20869,768,5426,0.1239909589925734,0.40813193,0.04503418,0.36309776,1.2829759,1.2829759,0.6822692,0.6822692,0.36453843,0.0,True,0.7,0.57600904,0.68,0.55600905,4,1.0,100,100,1.1015279442071917,1.485309275984764,True,4,0.0235347747802734,True,59,stable_topk_found,True,True,True,False,stable_core
QUC,18646,768,5426,0.1239909589925734,0.43199667,0.059451167,0.3725455,1.2278495,1.2278495,0.69505024,0.69505024,0.39010048,0.0,True,0.2,0.07600904,0.44,0.31600904,5,1.0,100,100,1.0593322485685348,1.402849543094635,True,5,0.0051466226577758,True,59,stable_topk_found,True,True,True,False,stable_core
QUC,22358,768,5426,0.1239909589925734,0.6117961,0.075986855,0.5358092,1.0557501,1.0557501,0.6253315,0.6253315,0.25066304,0.0,True,0.8,0.67600906,0.64,0.51600903,6,0.99,99,100,0.7876561090350152,1.3372313439846035,True,6,0.2297835350036621,True,59,stable_topk_found,True,True,False,True,stable_core
QUC,4998,768,5426,0.1239909589925734,0.20859782,0.023125418,0.1854724,1.0183886,1.0183886,0.6261316,0.6261316,0.2522632,3.803606e-39,True,0.5,0.37600905,0.66,0.5360091,7,1.0,100,100,0.8783375456929207,1.1811319351196286,True,7,0.0140536427497863,True,59,stable_topk_found,True,True,True,False,stable_core
QUC,12555,768,5426,0.1239909589925734,0.3076706,0.028549604,0.27912098,0.8464623,0.8464623,0.57879186,0.57879186,0.15758371,1.5579177999999998e-25,True,0.6,0.47600907,0.68,0.55600905,8,1.0,100,100,0.676049979031086,1.0125502824783326,True,8,0.0130752325057983,True,59,stable_topk_found,True,True,True,False,stable_core
QUC,9827,768,5426,0.1239909589925734,0.23260498,0.03664071,0.19596428,0.82100964,0.82100964,0.6055543,0.6055543,0.21110857,6.724637e-30,True,0.7,0.57600904,0.48,0.35600904,9,1.0,100,100,0.6638307556509971,0.9955171898007392,True,9,0.0213117003440856,True,59,stable_topk_found,True,True,True,False,stable_core
QUC,8969,768,5426,0.1239909589925734,0.21490224,0.025304595,0.18959764,0.8206258,0.8206258,0.58517736,0.58517736,0.17035472,9.156848e-23,True,0.7,0.57600904,0.68,0.55600905,10,0.98,98,100,0.6348974019289017,1.007226538658142,True,10,0.1387883424758911,True,59,stable_topk_found,True,True,False,True,stable_core
QUC,12340,768,5426,0.1239909589925734,0.9459915,0.27556846,0.67042303,0.79307485,0.79307485,0.6393418,0.6393418,0.27868354,5.313742e-34,True,0.7,0.57600904,0.7,0.57600904,11,1.0,100,100,0.6583112671971321,0.9266406819224358,True,11,0.016855239868164,True,59,stable_topk_found,True,True,True,False,stable_core
QUC,11660,768,5426,0.1239909589925734,0.65750885,0.20671017,0.4507987,0.79158324,0.79158324,0.67523414,0.67523414,0.35046828,0.0,True,0.2,0.07600904,0.2,0.07600904,12,1.0,100,100,0.6792805209755898,0.912710763514042,True,12,0.0162040591239929,True,59,stable_topk_found,True,True,True,False,stable_core
QUC,14003,768,5426,0.1239909589925734,0.23423767,0.029328551,0.20490912,0.7859117,0.7859117,0.5904017,0.5904017,0.18080342,1.7486118e-25,True,0.7,0.57600904,0.5,0.37600905,13,0.97,97,100,0.5869634360074997,0.9758319213986396,True,13,0.176114022731781,True,59,stable_topk_found,True,True,False,True,stable_core
QUC,736,768,5426,0.1239909589925734,0.27440134,0.05427859,0.22012275,0.76994026,0.76994026,0.62763894,0.62763894,0.25527787,9.594042999999999e-30,True,0.2,0.07600904,0.54,0.41600907,14,1.0,100,100,0.6362922802567482,0.9118472218513488,True,14,0.0171713829040527,True,59,stable_topk_found,True,True,True,False,stable_core
QUC,20463,768,5426,0.1239909589925734,0.45367432,0.06749404,0.38618028,0.76846135,0.76846135,0.60107094,0.60107094,0.20214188,9.983065e-20,True,0.9,0.776009,0.8,0.67600906,15,1.0,100,100,0.6327108785510063,0.9125534802675248,True,15,0.0288987755775451,True,59,stable_topk_found,True,True,True,False,stable_core
QUC,28816,768,5426,0.1239909589925734,0.1610667,0.0068283784,0.15423831,0.75388896,0.75388896,0.5587916,0.5587916,0.117583156,1.5769681e-15,True,0.9,0.776009,0.82,0.69600904,16,0.93,93,100,0.5638725101947785,0.937638548016548,True,16,0.1322090029716491,True,59,stable_topk_found,True,True,False,True,stable_core
QUC,16969,768,5426,0.1239909589925734,0.74180603,0.17539465,0.5664114,0.750952,0.750952,0.5851757,0.5851757,0.17035139,2.9227730000000003e-27,True,0.8,0.67600906,0.64,0.51600903,17,1.0,100,100,0.6140445232391357,0.8844473242759702,True,17,0.0007318258285522,True,59,stable_topk_found,True,True,True,False,stable_core
QUC,8089,768,5426,0.1239909589925734,0.1317342,0.020333594,0.11140061,0.7362917,0.7362917,0.586055,0.586055,0.17210996,1.6540673e-23,True,0.5,0.37600905,0.46,0.33600906,18,1.0,100,100,0.5987852290272713,0.872612851858139,True,18,0.0028310418128967,True,59,stable_topk_found,True,True,True,False,stable_core
QUC,24943,768,5426,0.1239909589925734,0.3697586,0.07891978,0.29083884,0.716784,0.716784,0.6121752,0.6121752,0.22435045,1.3517514e-27,True,0.3,0.17600906,0.46,0.33600906,19,0.95,95,100,0.5656108900904655,0.874014389514923,True,19,0.1226428151130676,True,59,stable_topk_found,True,True,False,True,stable_core
QUC,17507,768,5426,0.1239909589925734,0.116762795,0.0129911965,0.1037716,0.68435436,0.68435436,0.562183,0.562183,0.124366045,3.8940156e-18,True,0.9,0.776009,0.58,0.45600903,20,0.92,92,100,0.4940492190420628,0.8576233357191084,True,20,0.1112187504768371,True,59,stable_topk_found,True,True,False,True,stable_core
QUC,2504,768,5426,0.1239909589925734,0.30821738,0.027048226,0.28116915,0.6742597,0.6742597,0.59801966,0.59801966,0.19603932,2.0799974e-13,True,0.9,0.776009,0.76,0.63600904,21,0.96,96,100,0.5421463668346405,0.8183126509189605,True,21,0.0456225275993347,True,59,stable_topk_found,True,True,True,False,stable_core
QUC,27857,768,5426,0.1239909589925734,0.3862381,0.043074217,0.34316388,0.67153823,0.67153823,0.55178684,0.55178684,0.10357368,7.732137e-15,True,0.8,0.67600906,0.74,0.61600906,22,0.98,98,100,0.5000505372881889,0.8515477225184439,True,22,0.0598423480987548,True,59,stable_topk_found,True,True,False,True,stable_core
QUC,29590,768,5426,0.1239909589925734,0.34971365,0.106611975,0.24310169,0.6625258,0.6625258,0.6228951,0.6228951,0.24579024,1.3299015000000001e-27,True,0.9,0.776009,0.44,0.31600904,23,0.99,99,100,0.5526542484760284,0.7759381040930747,True,23,0.0014222860336303,True,59,stable_topk_found,True,True,True,False,stable_core
QUC,12887,768,5426,0.1239909589925734,0.09046936,0.011417466,0.0790519,0.65996665,0.65996665,0.55577517,0.55577517,0.11155033,5.109863000000001e-17,True,0.7,0.57600904,0.74,0.61600906,24,0.9,90,100,0.485698452591896,0.8334013462066648,True,24,0.0620487332344055,True,59,stable_topk_found,True,True,False,True,stable_core
QUC,7037,768,5426,0.1239909589925734,0.20427704,0.011836816,0.19244023,0.65556395,0.65556395,0.5376586,0.5376586,0.075317144,3.1656093e-13,True,0.9,0.776009,0.8,0.67600906,25,0.99,99,100,0.4764978684484958,0.8333333238959311,True,25,0.0503005981445312,True,59,stable_topk_found,True,True,False,True,stable_core
QUC,10916,768,5426,0.1239909589925734,0.56143695,0.1891468,0.37229013,0.6368777,0.6368777,0.6034746,0.6034746,0.20694923,5.200686300000001e-26,True,0.4,0.27600905,0.52,0.39600903,26,0.99,99,100,0.5184475675225257,0.7663434118032454,True,26,0.0530592799186706,True,59,stable_topk_found,True,True,False,True,stable_core
QUC,664,768,5426,0.1239909589925734,0.58439636,0.25092006,0.3334763,0.636307,0.636307,0.65032667,0.65032667,0.30065334,1.3591493e-33,True,0.5,0.37600905,0.5,0.37600905,27,0.99,99,100,0.52249526232481,0.7568120703101157,True,27,0.0927527546882629,True,59,stable_topk_found,True,True,False,True,stable_core
QUC,12902,768,5426,0.1239909589925734,0.31404623,0.019668754,0.29437748,0.6311676,0.6311676,0.53706306,0.53706306,0.074126124,2.9602213e-13,True,0.7,0.57600904,0.7,0.57600904,28,0.96,96,100,0.457640939950943,0.8180143862962721,True,28,0.0495495200157165,True,59,stable_topk_found,True,True,True,False,stable_core
QUC,32273,768,5426,0.1239909589925734,0.41564178,0.14667551,0.26896626,0.60882217,0.60882217,0.63964915,0.63964915,0.2792983,8.215879e-30,True,0.2,0.07600904,0.28,0.15600905,29,0.9,90,100,0.4940657339990139,0.7365999191999434,True,29,0.004020869731903,True,59,stable_topk_found,True,True,True,False,stable_core
QUC,26485,768,5426,0.1239909589925734,0.58325195,0.29770434,0.2855476,0.6005262,0.6005262,0.6555692,0.6555692,0.3111384,0.0,True,0.0,-0.12399096,0.06,-0.063990965,30,0.95,95,100,0.5121256187558174,0.6888245448470116,True,30,0.0160807371139526,True,59,stable_topk_found,True,True,True,False,stable_core
QUC,5178,768,5426,0.1239909589925734,0.07935842,0.004586568,0.07477185,0.5998219,0.5998219,0.53361,0.53361,0.06721997,7.5028464e-12,True,0.7,0.57600904,0.76,0.63600904,31,0.91,91,100,0.4231033973395824,0.783038592338562,True,31,0.0447359681129455,True,59,stable_topk_found,True,True,True,False,stable_core
QUC,6639,768,5426,0.1239909589925734,0.075159706,0.0041297833,0.071029924,0.5973855,0.5973855,0.5321763,0.5321763,0.06435263,3.603758e-11,True,0.9,0.776009,0.82,0.69600904,32,0.91,91,100,0.4380421608686447,0.7728022843599319,True,32,0.0420601963996887,True,59,stable_topk_found,True,True,True,False,stable_core
QUC,12676,768,5426,0.1239909589925734,0.053985596,0.0051675383,0.04881806,0.5917836,0.5917836,0.5403438,0.5403438,0.08068764,3.9941615e-13,True,0.7,0.57600904,0.56,0.43600905,33,0.88,88,100,0.452162803709507,0.7279034912586211,True,33,0.0073716640472412,True,59,stable_topk_found,True,True,True,False,stable_core
QUC,29947,768,5426,0.1239909589925734,0.18950145,0.014594084,0.17490737,0.58624214,0.58624214,0.54193795,0.54193795,0.083875895,9.541428e-11,True,0.9,0.776009,0.72,0.5960091,34,0.87,87,100,0.4365789078176021,0.7340997874736785,True,34,0.0151616930961608,True,59,stable_topk_found,True,True,True,False,stable_core
QUC,21296,768,5426,0.1239909589925734,0.05336253,0.0025394945,0.050823037,0.5820909,0.5820909,0.5304208,0.5304208,0.06084156,6.6490084e-11,True,0.6,0.47600907,0.74,0.61600906,35,0.85,85,100,0.4133259885013103,0.7585528030991554,True,35,0.0382419824600219,True,59,stable_topk_found,True,True,True,False,stable_core
QUC,9216,768,5426,0.1239909589925734,0.073532104,0.0047586276,0.06877348,0.57951707,0.57951707,0.5337181,0.5337181,0.06743622,6.812375e-11,True,0.7,0.57600904,0.78,0.656009,36,0.68,68,100,0.3669180132448673,0.7814229667186734,True,36,0.0618996024131774,True,59,stable_topk_found,True,True,False,True,boundary_candidate
QUC,2550,768,5426,0.1239909589925734,0.046409607,0.002228852,0.044180755,0.5761888,0.5761888,0.52888304,0.52888304,0.05776608,2.4220723e-10,True,0.8,0.67600906,0.74,0.61600906,37,0.91,91,100,0.4196576565504074,0.741385868191719,True,37,0.0334687829017639,True,59,stable_topk_found,True,True,True,False,stable_core
QUC,20549,768,5426,0.1239909589925734,0.121279396,0.027244043,0.09403536,0.5720453,0.5720453,0.5675723,0.5675723,0.13514459,3.0564256e-19,True,0.5,0.37600905,0.38,0.25600904,38,0.72,72,100,0.3958353780210018,0.7579823002219199,True,38,0.1158603429794311,True,59,stable_topk_found,True,True,False,True,stable_core
QUC,31422,768,5426,0.1239909589925734,0.105145775,0.015494335,0.089651436,0.5711391,0.5711391,0.55604,0.55604,0.11207998,3.146273e-14,True,0.7,0.57600904,0.56,0.43600905,39,0.76,76,100,0.4212848730385303,0.7159258022904396,True,39,0.00456303358078,True,59,stable_topk_found,True,True,True,False,stable_core
QUC,18714,768,5426,0.1239909589925734,0.048299152,0.0020600322,0.04623912,0.5699347,0.5699347,0.5279276,0.5279276,0.055855155,5.5574e-10,True,0.9,0.776009,0.74,0.61600906,40,0.85,85,100,0.4083294928073883,0.7417399078607554,True,40,0.0369737148284912,True,59,stable_topk_found,True,True,True,False,stable_core
QUC,32565,768,5426,0.1239909589925734,0.053001404,0.003035155,0.04996625,0.56575936,0.56575936,0.52998316,0.52998316,0.059966326,1.513861e-10,True,0.7,0.57600904,0.68,0.55600905,41,0.79,79,100,0.4009183533489704,0.7392237350344657,True,41,0.0376145243644714,True,59,stable_topk_found,True,True,True,False,stable_core
QUC,2416,768,5426,0.1239909589925734,0.051678974,0.002966043,0.04871293,0.5647985,0.5647985,0.53190655,0.53190655,0.06381309,1.2275611e-10,True,0.7,0.57600904,0.7,0.57600904,42,0.83,83,100,0.4025948375463485,0.7352309733629226,True,42,0.041947066783905,True,59,stable_topk_found,True,True,True,False,stable_core
QUC,19364,768,5426,0.1239909589925734,0.2693049,0.030576522,0.23872837,0.56133574,0.56133574,0.54167074,0.54167074,0.08334148,1.4181859e-11,True,0.8,0.67600906,0.62,0.49600905,43,0.82,82,100,0.4329536959528923,0.6769320666790007,True,43,0.018051266670227,True,59,stable_topk_found,True,True,True,False,stable_core
QUC,29247,768,5426,0.1239909589925734,0.0925115,0.0086249225,0.08388658,0.55825436,0.55825436,0.5361906,0.5361906,0.07238126,8.257616e-12,True,0.6,0.47600907,0.66,0.5360091,44,0.83,83,100,0.3970922075212001,0.72909177839756,True,44,0.0456498861312866,True,59,stable_topk_found,True,True,True,False,stable_core
QUC,1622,768,5426,0.1239909589925734,0.34984842,0.11391369,0.23593473,0.5504941,0.5504941,0.60027903,0.60027903,0.20055807,1.27627256e-26,True,0.0,-0.12399096,0.0,-0.12399096,45,0.67,67,100,0.3732102148234844,0.7565002888441085,True,45,0.1705139875411987,True,59,stable_topk_found,True,True,False,True,boundary_candidate
QUC,29931,768,5426,0.1239909589925734,0.08724467,0.011615442,0.07562923,0.54959387,0.54959387,0.5449941,0.5449941,0.08998823,1.7014583e-12,True,0.7,0.57600904,0.6,0.47600907,46,0.75,75,100,0.3964282914996147,0.7117169886827468,True,46,0.0517951846122741,True,59,stable_topk_found,True,True,False,True,stable_core
QUC,17727,768,5426,0.1239909589925734,0.18555959,0.038526885,0.14703271,0.54832274,0.54832274,0.5569736,0.5569736,0.11394715,3.2809142e-12,True,0.8,0.67600906,0.64,0.51600903,47,0.63,63,100,0.3947115764021873,0.6902396753430367,True,47,0.021908164024353,True,59,stable_topk_found,True,True,True,False,boundary_candidate
QUC,2836,768,5426,0.1239909589925734,0.27220154,0.053250913,0.21895063,0.5460341,0.5460341,0.55109596,0.55109596,0.102191925,1.4486647e-14,True,0.6,0.47600907,0.68,0.55600905,48,0.67,67,100,0.4081291183829307,0.691744641959667,True,48,0.0263060927391052,True,59,stable_topk_found,True,True,True,False,boundary_candidate
QUC,8861,768,5426,0.1239909589925734,0.22062428,0.027556844,0.19306743,0.5455025,0.5455025,0.5683783,0.5683783,0.13675666,7.607864e-15,True,0.3,0.17600906,0.44,0.31600904,49,0.74,74,100,0.4158162757754325,0.6811505377292633,True,49,0.044592797756195,True,59,stable_topk_found,True,True,True,False,stable_core
QUC,13243,768,5426,0.1239909589925734,0.29149118,0.045808088,0.24568309,0.5414546,0.5414546,0.5652552,0.5652552,0.13051045,8.280012e-16,True,0.2,0.07600904,0.34,0.21600905,50,0.69,69,100,0.4080426275730133,0.6915441915392875,True,50,0.0492900609970092,True,59,stable_topk_found,True,True,True,False,boundary_candidate
QUC,1619,768,5426,0.1239909589925734,0.3333435,0.077427045,0.25591648,0.54072595,0.54072595,0.5647104,0.5647104,0.12942076,6.8590763e-15,True,0.5,0.37600905,0.6,0.47600907,51,0.56,56,100,0.4086093716323375,0.6871586397290229,True,51,0.0298762917518615,True,59,stable_topk_found,True,True,True,False,boundary_candidate
QUC,14904,768,5426,0.1239909589925734,0.11645762,0.02426288,0.092194736,0.5372012,0.5372012,0.5580188,0.5580188,0.11603761,2.2954531e-15,True,0.5,0.37600905,0.44,0.31600904,52,0.65,65,100,0.4059565640985966,0.6525788635015487,True,52,0.02108895778656,True,59,stable_topk_found,True,True,True,False,boundary_candidate
QUC,24249,768,5426,0.1239909589925734,0.06003062,0.0041690185,0.055861603,0.5336947,0.5336947,0.53138256,0.53138256,0.06276512,3.4552614e-10,True,0.6,0.47600907,0.7,0.57600904,53,0.61,61,100,0.3821218647062778,0.6967830970883367,True,53,0.0416039228439331,True,59,stable_topk_found,True,True,True,False,boundary_candidate
QUC,21859,768,5426,0.1239909589925734,0.10058594,0.02542842,0.075157516,0.5333252,0.5333252,0.5552308,0.5552308,0.11046159,7.988532e-15,True,1.0,0.87600905,0.74,0.61600906,54,0.62,62,100,0.407493581622839,0.6638365298509598,True,54,0.0020749568939208,True,59,stable_topk_found,True,True,True,False,boundary_candidate
QUC,18437,768,5426,0.1239909589925734,0.19972737,0.032955837,0.16677153,0.5196911,0.5196911,0.54678667,0.54678667,0.09357333,2.3765132e-13,True,0.2,0.07600904,0.54,0.41600907,55,0.52,52,100,0.3878430940210819,0.6505700111389157,True,55,0.0202701687812805,True,59,stable_topk_found,True,True,True,False,boundary_candidate
QUC,24984,768,5426,0.1239909589925734,0.28197226,0.1105337,0.17143856,0.5192887,0.5192887,0.5645858,0.5645858,0.12917161,4.068712e-18,True,0.7,0.57600904,0.54,0.41600907,56,0.5,50,100,0.3386073261499405,0.7160675048828121,True,56,0.0908884406089782,True,59,stable_topk_found,True,True,False,True,boundary_candidate
QUC,8658,768,5426,0.1239909589925734,0.27411398,0.077152036,0.19696194,0.5180033,0.5180033,0.5720478,0.5720478,0.14409566,2.8165005999999998e-18,True,0.4,0.27600905,0.3,0.17600906,57,0.51,51,100,0.394282216578722,0.6446511536836624,True,57,0.0628310441970825,True,59,stable_topk_found,True,True,False,True,boundary_candidate
QUC,28259,768,5426,0.1239909589925734,0.049550373,0.006005877,0.043544497,0.5160487,0.5160487,0.53511184,0.53511184,0.07022369,1.8299482e-11,True,0.7,0.57600904,0.66,0.5360091,58,0.49,49,100,0.3872741557657718,0.6611526280641554,True,58,0.0342648029327392,True,59,stable_topk_found,True,True,True,False,boundary_candidate
QUC,28548,768,5426,0.1239909589925734,0.6189855,0.2562762,0.36270928,0.51514816,0.51514816,0.60283077,0.60283077,0.20566154,4.8555159999999996e-26,True,0.1,-0.023990959,0.06,-0.063990965,59,0.49,49,100,0.404728002846241,0.6182630941271782,True,59,0.0100957155227661,True,59,stable_topk_found,True,True,True,False,boundary_candidate
GI,16345,681,5513,0.1099451081691959,0.08860476,0.009898478,0.07870629,0.6174774,0.6174774,0.54386604,0.54386604,0.08773208,1.2349713e-11,True,0.7,0.59005487,0.66,0.5500549,1,0.99,99,100,0.4619944095611572,0.7737101584672926,True,1,0.0080704092979431,True,72,performance_only_unstable,False,True,True,False,stable_core
GI,8294,681,5513,0.1099451081691959,0.071912855,0.0060457243,0.06586713,0.54489267,0.54489267,0.5306877,0.5306877,0.06137538,1.4120781e-08,True,0.9,0.79005486,0.6,0.4900549,2,0.97,97,100,0.3782325990498066,0.7249041706323622,True,2,0.027835190296173,True,72,performance_only_unstable,False,True,True,False,stable_core
GI,26879,681,5513,0.1099451081691959,0.044758398,0.0029557268,0.04180267,0.53894544,0.53894544,0.5279324,0.5279324,0.05586481,2.9987792e-08,True,0.8,0.6900549,0.64,0.53005487,3,0.98,98,100,0.4004425585269928,0.6792794302105903,True,3,0.0105662941932678,True,72,performance_only_unstable,False,True,True,False,stable_core
GI,13751,681,5513,0.1099451081691959,0.05682131,0.0054406202,0.05138069,0.5321207,0.5321207,0.5306102,0.5306102,0.061220407,3.3520358e-09,True,0.7,0.59005487,0.62,0.5100549,4,0.99,99,100,0.3778396755456924,0.6908303692936897,True,4,0.0003520846366882,True,72,performance_only_unstable,False,True,True,False,stable_core
GI,27515,681,5513,0.1099451081691959,0.12773323,0.03712213,0.0906111,0.51868814,0.51868814,0.567023,0.567023,0.13404596,2.1671643e-15,True,0.4,0.2900549,0.36,0.2500549,5,0.98,98,100,0.3790379658341408,0.6742476627230644,True,5,0.0286315083503723,True,72,performance_only_unstable,False,True,True,False,stable_core
GI,26236,681,5513,0.1099451081691959,0.13073032,0.019714057,0.11101626,0.5108132,0.5108132,0.5463808,0.5463808,0.092761636,3.5515763e-10,True,0.6,0.4900549,0.48,0.37005487,6,0.93,93,100,0.33749580681324,0.68612542450428,True,6,0.0309455394744873,True,72,performance_only_unstable,False,True,True,False,stable_core
GI,17827,681,5513,0.1099451081691959,0.04260451,0.0038212237,0.038783286,0.5105669,0.5105669,0.52789253,0.52789253,0.05578506,8.799321e-09,True,0.6,0.4900549,0.6,0.4900549,7,1.0,100,100,0.3773132517933845,0.6642132520675659,True,7,0.0004836321232605,True,72,performance_only_unstable,False,True,True,False,stable_core
GI,16515,681,5513,0.1099451081691959,0.04431959,0.0035788987,0.04074069,0.50999165,0.50999165,0.5262642,0.5262642,0.05252838,1.2972552e-07,True,0.8,0.6900549,0.62,0.5100549,8,0.98,98,100,0.3800119660794735,0.6364177092909811,True,8,0.0060155987739562,True,72,performance_only_unstable,False,True,True,False,stable_core
GI,21634,681,5513,0.1099451081691959,0.07709825,0.009893873,0.06720438,0.5097505,0.5097505,0.53229386,0.53229386,0.06458771,5.752595e-08,True,0.9,0.79005486,0.52,0.41005486,9,0.92,92,100,0.3270934224128723,0.6882663697004316,True,9,0.0215040445327758,True,72,performance_only_unstable,False,True,True,False,stable_core
GI,9893,681,5513,0.1099451081691959,0.107172355,0.026444597,0.080727756,0.49422485,0.49422485,0.5531833,0.5531833,0.106366634,8.6737995e-12,True,0.7,0.59005487,0.5,0.39005488,10,0.94,94,100,0.3608169361948967,0.6339999601244927,True,10,0.0182766914367675,True,72,performance_only_unstable,False,True,True,False,stable_core
GI,24876,681,5513,0.1099451081691959,0.109306164,0.027315408,0.081990756,0.49279922,0.49279922,0.5507022,0.5507022,0.10140443,1.11659414e-11,True,0.6,0.4900549,0.46,0.3500549,11,0.92,92,100,0.3308992967009544,0.6673616647720336,True,11,0.0430049300193786,True,72,performance_only_unstable,False,True,True,False,stable_core
GI,8166,681,5513,0.1099451081691959,0.06453056,0.011574205,0.052956354,0.47523522,0.47523522,0.5347779,0.5347779,0.06955576,8.806722e-10,True,0.7,0.59005487,0.48,0.37005487,12,0.9,90,100,0.3492542445659637,0.6123766064643857,True,12,0.0153650641441345,True,72,performance_only_unstable,False,True,True,False,stable_core
GI,18490,681,5513,0.1099451081691959,0.03618874,0.002391719,0.033797022,0.47511685,0.47511685,0.52096754,0.52096754,0.041935086,1.0823381e-06,True,0.8,0.6900549,0.6,0.4900549,13,0.76,76,100,0.262738387286663,0.6645750761032104,True,13,0.0054994821548461,True,72,performance_only_unstable,False,True,True,False,stable_core
GI,2055,681,5513,0.1099451081691959,0.09453584,0.022001265,0.072534576,0.4734203,0.4734203,0.54664934,0.54664934,0.09329867,5.3455556e-11,True,0.5,0.39005488,0.36,0.2500549,14,0.84,84,100,0.3399532876908779,0.6165158227086067,True,14,0.0022840499877929,True,72,performance_only_unstable,False,True,True,False,stable_core
GI,1713,681,5513,0.1099451081691959,0.077525586,0.018410673,0.05911491,0.44832858,0.44832858,0.53608197,0.53608197,0.07216394,1.9079247e-09,True,0.7,0.59005487,0.56,0.45005488,15,0.78,78,100,0.2942926727235317,0.6205303475260734,True,15,0.0365294218063354,True,72,performance_only_unstable,False,True,True,False,stable_core
GI,16131,681,5513,0.1099451081691959,0.042357862,0.0038350404,0.03852282,0.44722348,0.44722348,0.52208567,0.52208567,0.044171333,3.1359823e-06,True,0.9,0.79005486,0.5,0.39005488,16,0.7,70,100,0.2208836130797863,0.6508591189980506,True,16,0.0158968567848205,True,72,performance_only_unstable,False,True,True,False,stable_core
GI,7148,681,5513,0.1099451081691959,0.01937064,0.00066816504,0.018702475,0.44367298,0.44367298,0.51470387,0.51470387,0.02940774,3.133808e-05,True,0.8,0.6900549,0.52,0.41005486,17,0.77,77,100,0.2999244354665279,0.5664032250642776,True,17,0.0052785873413085,True,72,performance_only_unstable,False,True,True,False,stable_core
GI,17685,681,5513,0.1099451081691959,0.067063026,0.01053405,0.056528978,0.44351134,0.44351134,0.52455723,0.52455723,0.049114466,1.4960351e-07,True,0.7,0.59005487,0.58,0.47005486,18,0.78,78,100,0.3008985310792923,0.5850843250751494,True,18,0.0061414837837219,True,72,performance_only_unstable,False,True,True,False,stable_core
GI,23723,681,5513,0.1099451081691959,0.22659118,0.031947926,0.19464326,0.43993032,0.43993032,0.52571523,0.52571523,0.051430464,3.8334093e-08,True,0.4,0.2900549,0.44,0.33005488,19,0.71,71,100,0.2741830334067344,0.5911710694432257,True,19,0.0019198656082153,True,72,performance_only_unstable,False,True,True,False,stable_core
GI,5828,681,5513,0.1099451081691959,0.21475771,0.08342887,0.13132885,0.43943414,0.43943414,0.5645148,0.5645148,0.12902963,6.1114465e-13,True,0.7,0.59005487,0.34,0.23005489,20,0.78,78,100,0.3152275271713733,0.5742477759718894,True,20,0.0266864895820617,True,72,performance_only_unstable,False,True,True,False,stable_core
GI,30517,681,5513,0.1099451081691959,0.077342026,0.016778877,0.060563147,0.4387603,0.4387603,0.53558826,0.53558826,0.07117653,1.152632e-07,True,0.8,0.6900549,0.44,0.33005488,21,0.78,78,100,0.3041579775512218,0.5594584807753562,True,21,0.0105079412460327,True,72,performance_only_unstable,False,True,True,False,stable_core
GI,17556,681,5513,0.1099451081691959,0.041689612,0.006352173,0.03533744,0.43228796,0.43228796,0.5237298,0.5237298,0.047459602,6.8963135e-07,True,0.9,0.79005486,0.56,0.45005488,22,0.7,70,100,0.2716066472232342,0.5901758804917335,True,22,0.0012699949882507,True,72,performance_only_unstable,False,True,True,False,stable_core
GI,6651,681,5513,0.1099451081691959,0.38812983,0.17111614,0.21701369,0.42580622,0.42580622,0.57137114,0.57137114,0.14274228,3.9454578e-14,True,0.5,0.39005488,0.32,0.21005487,23,0.71,71,100,0.3156955070793629,0.5451336786150931,True,23,0.0275884270668029,True,72,performance_only_unstable,False,True,True,False,stable_core
GI,1782,681,5513,0.1099451081691959,0.058252454,0.008930596,0.04932186,0.42469934,0.42469934,0.5277848,0.5277848,0.05556965,9.665201e-08,True,0.5,0.39005488,0.44,0.33005488,24,0.64,64,100,0.2564033806324005,0.609303919970989,True,24,0.0116471052169799,True,72,performance_only_unstable,False,True,True,False,boundary_candidate
GI,10264,681,5513,0.1099451081691959,0.06013388,0.014366611,0.045767266,0.4193947,0.4193947,0.534875,0.534875,0.06974995,2.3858604e-09,True,0.6,0.4900549,0.38,0.27005488,25,0.75,75,100,0.2805588111281395,0.5720048904418945,True,25,0.0001425743103027,True,72,performance_only_unstable,False,True,True,False,stable_core
GI,27664,681,5513,0.1099451081691959,0.08080374,0.01872598,0.062077757,0.41895095,0.41895095,0.53571135,0.53571135,0.071422696,1.5386101e-08,True,0.7,0.59005487,0.44,0.33005488,26,0.68,68,100,0.2804820708930492,0.5732167586684226,True,26,0.0272577404975891,True,72,performance_only_unstable,False,True,True,False,boundary_candidate
GI,19483,681,5513,0.1099451081691959,0.10125849,0.029310692,0.0719478,0.41691008,0.41691008,0.54029137,0.54029137,0.08058274,7.757984e-10,True,0.6,0.4900549,0.42,0.31005487,27,0.7,70,100,0.3005247429013252,0.5569404304027556,True,27,0.0002511739730834,True,72,performance_only_unstable,False,True,True,False,stable_core
GI,20329,681,5513,0.1099451081691959,0.13416333,0.039232906,0.094930425,0.41500387,0.41500387,0.5412965,0.5412965,0.082592964,3.5180603e-09,True,0.5,0.39005488,0.44,0.33005488,28,0.71,71,100,0.2700608193874359,0.5864630103111267,True,28,0.0328509211540222,True,72,performance_only_unstable,False,True,True,False,stable_core
GI,5582,681,5513,0.1099451081691959,0.04557865,0.0035866927,0.041991957,0.41006213,0.41006213,0.5242605,0.5242605,0.048521042,1.2520625e-05,True,0.5,0.39005488,0.58,0.47005486,29,0.63,63,100,0.2693576171994209,0.5769647628068924,True,29,0.0017758607864379,True,72,performance_only_unstable,False,True,True,False,boundary_candidate
GI,12186,681,5513,0.1099451081691959,0.17965308,0.07474166,0.10491142,0.4069027,0.4069027,0.55974865,0.55974865,0.1194973,1.4927349e-12,True,0.6,0.4900549,0.28,0.17005488,30,0.63,63,100,0.2820254519581794,0.5373703956604003,True,30,0.0033004879951477,True,72,performance_only_unstable,False,True,True,False,boundary_candidate
GI,32448,681,5513,0.1099451081691959,0.039489836,0.0029766292,0.036513206,0.40309146,0.40309146,0.5173805,0.5173805,0.034760952,2.7354918e-05,True,0.9,0.79005486,0.54,0.4300549,31,0.57,57,100,0.1924607560038566,0.5857882916927337,True,31,0.004929780960083,True,72,performance_only_unstable,False,True,True,False,boundary_candidate
GI,16935,681,5513,0.1099451081691959,0.08888296,0.020855535,0.06802742,0.4021085,0.4021085,0.53053415,0.53053415,0.061068296,1.2967374e-07,True,0.6,0.4900549,0.46,0.3500549,32,0.57,57,100,0.2778426930308342,0.5306251719594001,True,32,0.007962942123413,True,72,performance_only_unstable,False,True,True,False,boundary_candidate
GI,26500,681,5513,0.1099451081691959,0.03467442,0.004943925,0.029730495,0.40119877,0.40119877,0.5206648,0.5206648,0.041329622,2.5714876e-06,True,0.9,0.79005486,0.46,0.3500549,33,0.59,59,100,0.2675256960093975,0.5250272095203399,True,33,0.022097110748291,True,72,performance_only_unstable,False,True,True,False,boundary_candidate
GI,20548,681,5513,0.1099451081691959,0.04650789,0.00775121,0.03875668,0.39920074,0.39920074,0.5247302,0.5247302,0.04946041,9.378769e-07,True,0.8,0.6900549,0.4,0.2900549,34,0.56,56,100,0.2652206882834435,0.5536283046007157,True,34,0.0175421833992004,True,72,performance_only_unstable,False,True,True,False,boundary_candidate
GI,11658,681,5513,0.1099451081691959,0.27948904,0.10434144,0.1751476,0.3988963,0.3988963,0.5624502,0.5624502,0.12490034,1.4327343e-11,True,0.2,0.09005489,0.2,0.09005489,35,0.57,57,100,0.2512816049158573,0.557471479475498,True,35,0.0325380563735961,True,72,performance_only_unstable,False,True,True,False,boundary_candidate
GI,3674,681,5513,0.1099451081691959,0.10352423,0.03262034,0.07090389,0.39258173,0.39258173,0.5373762,0.5373762,0.07475245,3.5004897e-09,True,0.8,0.6900549,0.42,0.31005487,36,0.51,51,100,0.2589571975171566,0.5188905090093612,True,36,0.009878933429718,True,72,performance_only_unstable,False,True,True,False,boundary_candidate
GI,1061,681,5513,0.1099451081691959,0.09844209,0.03125425,0.067187846,0.38850164,0.38850164,0.5448361,0.5448361,0.08967221,1.8309175e-10,True,0.1,-0.0099451095,0.3,0.1900549,37,0.52,52,100,0.2603324681520462,0.5244500085711479,True,37,0.0033360719680786,True,72,performance_only_unstable,False,True,True,False,boundary_candidate
GI,23077,681,5513,0.1099451081691959,0.5089138,0.34396222,0.1649516,0.3882306,0.3882306,0.5954669,0.5954669,0.19093382,1.5682851e-15,True,0.3,0.1900549,0.32,0.21005487,38,0.51,51,100,0.2806430019438267,0.4943453937768935,True,38,0.0159528851509094,True,72,performance_only_unstable,False,True,True,False,boundary_candidate
GI,3960,681,5513,0.1099451081691959,0.2762539,0.10812015,0.16813377,0.38784745,0.38784745,0.5550851,0.5550851,0.110170245,7.841948e-11,True,0.4,0.2900549,0.32,0.21005487,39,0.51,51,100,0.2715281873941421,0.5120155215263367,True,39,0.0156005024909973,True,72,performance_only_unstable,False,True,True,False,boundary_candidate
GI,8346,681,5513,0.1099451081691959,0.02348052,0.0019931581,0.02148736,0.386867,0.386867,0.5146249,0.5146249,0.029249787,2.5022247e-05,True,0.7,0.59005487,0.48,0.37005487,40,0.52,52,100,0.2606078632175922,0.5033687070012092,True,40,0.0009716216491699,True,72,performance_only_unstable,False,True,True,False,boundary_candidate
GI,7040,681,5513,0.1099451081691959,0.022628717,0.0020477169,0.020581,0.3861915,0.3861915,0.5171927,0.5171927,0.034385443,1.9880677e-05,True,0.6,0.4900549,0.54,0.4300549,41,0.52,52,100,0.226854146644473,0.5306512728333472,True,41,0.0022375583648681,True,72,performance_only_unstable,False,True,True,False,boundary_candidate
GI,900,681,5513,0.1099451081691959,0.14467464,0.05243324,0.09224141,0.38601938,0.38601938,0.5516226,0.5516226,0.10324526,1.3920946e-10,True,0.4,0.2900549,0.34,0.23005489,42,0.49,49,100,0.2623519733548164,0.5090456664562225,True,42,0.0049387520957946,True,72,performance_only_unstable,False,True,True,False,boundary_candidate
GI,3426,681,5513,0.1099451081691959,0.118199915,0.028232628,0.08996729,0.38564715,0.38564715,0.5303723,0.5303723,0.060744643,1.3476776e-07,True,0.3,0.1900549,0.46,0.3500549,43,0.49,49,100,0.2499075900763273,0.5367069870233535,True,43,0.0008122108886718,True,72,performance_only_unstable,False,True,True,False,boundary_candidate
GI,26371,681,5513,0.1099451081691959,0.027541643,0.0016558872,0.025885755,0.38561082,0.38561082,0.51369154,0.51369154,0.027383089,6.3422514e-05,True,0.6,0.4900549,0.44,0.33005488,44,0.46,46,100,0.2392475981265306,0.5268550917506217,True,44,0.0042328834533691,True,72,performance_only_unstable,False,True,True,False,boundary_candidate
GI,986,681,5513,0.1099451081691959,0.014701496,0.00041698315,0.014284513,0.38446364,0.38446364,0.5113848,0.5113848,0.02276957,0.00029332028,True,0.8,0.6900549,0.4,0.2900549,45,0.51,51,100,0.2135792631655931,0.5536730125546455,True,45,0.0110715627670288,True,72,performance_only_unstable,False,True,True,False,boundary_candidate
GI,2102,681,5513,0.1099451081691959,0.013370733,0.00031955718,0.0130511755,0.3842477,0.3842477,0.51000774,0.51000774,0.020015478,0.00035357242,True,0.9,0.79005486,0.4,0.2900549,46,0.49,49,100,0.2286395847797394,0.5259918138384819,True,46,0.0010194191725159,True,72,performance_only_unstable,False,True,True,False,boundary_candidate
GI,1442,681,5513,0.1099451081691959,0.23297253,0.09140203,0.14157051,0.38215452,0.38215452,0.5617903,0.5617903,0.123580575,4.754766e-12,True,0.1,-0.0099451095,0.24,0.13005489,47,0.47,47,100,0.2747634284198284,0.4928744077682493,True,47,0.0144875645637512,True,72,performance_only_unstable,False,True,True,False,boundary_candidate
GI,30753,681,5513,0.1099451081691959,0.05930789,0.011381833,0.047926053,0.38155025,0.38155025,0.5289769,0.5289769,0.057953835,3.9255858e-07,True,0.5,0.39005488,0.42,0.31005487,48,0.48,48,100,0.2597763076424598,0.5322631448507308,True,48,0.0088373249954223,True,72,performance_only_unstable,False,True,True,False,boundary_candidate
GI,11818,681,5513,0.1099451081691959,0.017147921,0.00021327431,0.016934646,0.38062608,0.38062608,0.51212764,0.51212764,0.024255276,0.00088867627,True,1.0,0.8900549,0.42,0.31005487,49,0.55,55,100,0.2475612480193376,0.5125698313117025,True,49,0.0033925793081664,True,72,performance_only_unstable,False,True,True,False,boundary_candidate
GI,17036,681,5513,0.1099451081691959,0.060280148,0.015085437,0.04519471,0.38022858,0.38022858,0.532581,0.532581,0.06516194,6.566868e-08,True,0.6,0.4900549,0.38,0.27005488,50,0.49,49,100,0.2339847967028618,0.5392502948641775,True,50,0.0068017527160644,True,72,performance_only_unstable,False,True,True,False,boundary_candidate
GI,30153,681,5513,0.1099451081691959,0.0907988,0.031937297,0.058861505,0.3787135,0.3787135,0.54457027,0.54457027,0.089140534,7.6247286e-10,True,0.3,0.1900549,0.36,0.2500549,51,0.43,43,100,0.2630784526467323,0.49115666821599,True,51,0.0049557089805603,True,72,performance_only_unstable,False,True,True,False,boundary_candidate
GI,21100,681,5513,0.1099451081691959,0.041394204,0.0044681323,0.036926072,0.37864292,0.37864292,0.51760477,0.51760477,0.035209537,3.3558757e-05,True,0.7,0.59005487,0.52,0.41005486,52,0.46,46,100,0.240518781170249,0.5054674968123436,True,52,0.0047410726547241,True,72,performance_only_unstable,False,True,True,False,boundary_candidate
GI,21650,681,5513,0.1099451081691959,0.03126434,0.0014674122,0.029796926,0.37764585,0.37764585,0.5124059,0.5124059,0.024811745,0.000281508,True,0.8,0.6900549,0.46,0.3500549,53,0.48,48,100,0.2514769501984119,0.48118581995368,True,53,0.0005792379379272,True,72,performance_only_unstable,False,True,True,False,boundary_candidate
GI,15604,681,5513,0.1099451081691959,0.06661562,0.018755386,0.047860235,0.3765434,0.3765434,0.5330803,0.5330803,0.06616056,3.86219e-08,True,0.5,0.39005488,0.42,0.31005487,54,0.44,44,100,0.2558625251054763,0.5099779039621353,True,54,0.005013883113861,True,72,performance_only_unstable,False,True,True,False,boundary_candidate
GI,24140,681,5513,0.1099451081691959,0.036547244,0.0013179077,0.035229336,0.37632692,0.37632692,0.5142504,0.5142504,0.028500795,0.0007192222,True,0.9,0.79005486,0.5,0.39005488,55,0.46,46,100,0.2580847688019275,0.4935749538242817,True,55,0.0050202631286621,True,72,performance_only_unstable,False,True,True,False,boundary_candidate
GI,9728,681,5513,0.1099451081691959,0.053855773,0.013756901,0.040098872,0.37575194,0.37575194,0.53125304,0.53125304,0.06250608,2.8775027e-08,True,0.2,0.09005489,0.4,0.2900549,56,0.46,46,100,0.2489047758281231,0.5149847626686095,True,56,0.0213131308555603,True,72,performance_only_unstable,False,True,True,False,boundary_candidate
GI,15375,681,5513,0.1099451081691959,0.06846836,0.013383494,0.05508487,0.3752644,0.3752644,0.5265688,0.5265688,0.05313754,4.9922346e-07,True,0.4,0.2900549,0.46,0.3500549,57,0.43,43,100,0.2355177689343691,0.5143375545740128,True,57,0.0006909666336059,True,72,performance_only_unstable,False,True,True,False,boundary_candidate
GI,29956,681,5513,0.1099451081691959,0.024676487,0.001781301,0.022895185,0.37457165,0.37457165,0.51359886,0.51359886,0.027197719,5.012442e-05,True,0.5,0.39005488,0.48,0.37005487,58,0.45,45,100,0.223724140971899,0.5071111068129539,True,58,0.0008281476243591,True,72,performance_only_unstable,False,True,True,False,boundary_candidate
GI,13912,681,5513,0.1099451081691959,0.019993002,0.0014305675,0.018562434,0.3710717,0.3710717,0.5126963,0.5126963,0.025392652,0.00010373158,True,0.9,0.79005486,0.42,0.31005487,59,0.43,43,100,0.2037971213459968,0.5434151291847228,True,59,0.0149319171905517,True,72,performance_only_unstable,False,True,True,False,boundary_candidate
GI,3630,681,5513,0.1099451081691959,0.028003396,0.003507689,0.024495708,0.37034878,0.37034878,0.51921886,0.51921886,0.038437724,7.2427265e-06,True,0.5,0.39005488,0.52,0.41005486,60,0.41,41,100,0.2290640123188495,0.5216220349073409,True,60,0.0079781988557433,True,72,performance_only_unstable,False,True,True,False,boundary_candidate
GI,29249,681,5513,0.1099451081691959,0.045443855,0.0076530757,0.03779078,0.3696889,0.3696889,0.51862574,0.51862574,0.037251472,3.3019187e-05,True,0.9,0.79005486,0.4,0.2900549,61,0.41,41,100,0.173146403208375,0.5516177862882614,True,61,0.000711623617401,True,72,performance_only_unstable,False,True,True,False,boundary_candidate
GI,4209,681,5513,0.1099451081691959,0.050525997,0.007256286,0.04326971,0.36599547,0.36599547,0.5202765,0.5202765,0.040552974,6.598215e-06,True,0.7,0.59005487,0.46,0.3500549,62,0.4,40,100,0.2148181810975074,0.5071555569767952,True,62,0.0143821835517883,True,72,performance_only_unstable,False,True,True,False,boundary_candidate
GI,24687,681,5513,0.1099451081691959,0.06926567,0.010678949,0.058586724,0.36565843,0.36565843,0.5214126,0.5214126,0.042825222,7.0510036e-06,True,0.5,0.39005488,0.44,0.33005488,63,0.38,38,100,0.238248062506318,0.4976950824260711,True,63,0.0068598985671997,True,72,performance_only_unstable,False,True,True,False,unstable_inclusion
GI,15524,681,5513,0.1099451081691959,0.012599234,0.00039041243,0.012208821,0.3651202,0.3651202,0.50991833,0.50991833,0.019836664,0.00048959104,True,0.8,0.6900549,0.38,0.27005488,64,0.36,36,100,0.2366150058805942,0.4953279592096804,True,64,0.0002680399876403,True,72,performance_only_unstable,False,True,True,False,unstable_inclusion
GI,22511,681,5513,0.1099451081691959,0.038024276,0.005606776,0.0324175,0.36481622,0.36481622,0.5190247,0.5190247,0.03804946,1.3922888e-05,True,0.6,0.4900549,0.5,0.39005488,65,0.38,38,100,0.1746725771576166,0.5637493297457694,True,65,0.0072976649543762,True,72,performance_only_unstable,False,True,True,False,unstable_inclusion
GI,19684,681,5513,0.1099451081691959,0.037662905,0.005777183,0.03188572,0.36381933,0.36381933,0.520261,0.520261,0.04052198,4.2490037e-06,True,0.5,0.39005488,0.48,0.37005487,66,0.43,43,100,0.208464366197586,0.5091108068823813,True,66,0.0023456215858459,True,72,performance_only_unstable,False,True,True,False,boundary_candidate
GI,7907,681,5513,0.1099451081691959,0.08932751,0.027006125,0.06232138,0.36228234,0.36228234,0.5399815,0.5399815,0.07996297,7.2199895e-09,True,0.2,0.09005489,0.32,0.21005487,67,0.29,29,100,0.2565149240195751,0.481315740942955,True,67,0.0048949278297424,True,72,performance_only_unstable,False,True,True,False,unstable_inclusion
GI,3541,681,5513,0.1099451081691959,0.02873761,0.002468597,0.026269013,0.36166564,0.36166564,0.51581496,0.51581496,0.03162992,0.00010709539,True,0.7,0.59005487,0.5,0.39005488,68,0.35,35,100,0.2154790718108415,0.5139572203159332,True,68,0.0044286847085571,True,72,performance_only_unstable,False,True,True,False,unstable_inclusion
GI,11873,681,5513,0.1099451081691959,0.03883306,0.0051596793,0.03367338,0.36100072,0.36100072,0.51767975,0.51767975,0.0353595,0.00012243133,True,0.8,0.6900549,0.44,0.33005488,69,0.33,33,100,0.2314334463328123,0.4665261350572109,True,69,0.0171703100204467,True,72,performance_only_unstable,False,True,True,False,unstable_inclusion
GI,21287,681,5513,0.1099451081691959,0.023870572,0.0025047332,0.02136584,0.36029923,0.36029923,0.5161009,0.5161009,0.032201767,5.737288e-05,True,0.6,0.4900549,0.5,0.39005488,70,0.35,35,100,0.2059737056493759,0.5050800025463104,True,70,0.0146790146827697,True,72,performance_only_unstable,False,True,True,False,unstable_inclusion
GI,14202,681,5513,0.1099451081691959,0.035400033,0.0053201667,0.030079866,0.36015064,0.36015064,0.5195436,0.5195436,0.039087176,6.65466e-06,True,0.5,0.39005488,0.48,0.37005487,71,0.35,35,100,0.2334589045494794,0.4963165730237958,True,71,0.004793238557434,True,72,performance_only_unstable,False,True,True,False,unstable_inclusion
GI,24901,681,5513,0.1099451081691959,0.019918432,0.0011538778,0.018764555,0.3590892,0.3590892,0.51295906,0.51295906,0.025918126,0.00030739265,True,0.7,0.59005487,0.46,0.3500549,72,0.33,33,100,0.2106603890657425,0.5098850727081299,True,72,0.0212761759757995,True,72,performance_only_unstable,False,True,True,False,unstable_inclusion
SU,24760,222,5972,0.0358411365837907,0.4173969,0.040231694,0.3771652,1.0625718,1.0625718,0.57063365,0.57063365,0.1412673,2.815322e-06,True,0.8,0.76415884,0.4,0.36415887,1,0.99,99,100,0.636423546075821,1.5704699158668516,True,1,0.0579128861427307,True,60,performance_only_unstable,False,True,False,True,stable_core
SU,11948,222,5972,0.0358411365837907,0.113395624,0.0131031405,0.10029248,1.0269549,1.0269549,0.58075786,0.58075786,0.16151571,1.08195275e-08,True,0.2,0.16415887,0.34,0.30415887,2,0.92,92,100,0.5085841655731201,1.5663983911275858,True,2,0.0532718896865844,True,60,performance_only_unstable,False,True,False,True,stable_core
SU,29825,222,5972,0.0358411365837907,0.109515764,0.0056389454,0.10387682,1.0053388,1.0053388,0.53442794,0.53442794,0.06885588,0.00021878286,True,0.8,0.76415884,0.34,0.30415887,3,0.95,95,100,0.5718084245920181,1.4604638487100596,True,3,0.0412138700485229,True,60,performance_only_unstable,False,True,True,False,stable_core
SU,16736,222,5972,0.0358411365837907,0.28682783,0.03473632,0.25209153,0.99924845,0.99924845,0.58683014,0.58683014,0.17366028,3.1547174e-08,True,0.3,0.26415887,0.28,0.24415886,4,0.99,99,100,0.6083288714289665,1.417707929015159,True,4,0.1514772176742553,True,60,performance_only_unstable,False,True,False,True,stable_core
SU,4756,222,5972,0.0358411365837907,0.115199186,0.012690734,0.102508456,0.9903037,0.9903037,0.56865144,0.56865144,0.13730288,2.8219705e-07,True,0.7,0.6641588,0.34,0.30415887,5,0.99,99,100,0.6648361206054687,1.356415289640427,True,5,0.0498000383377075,True,60,performance_only_unstable,False,True,True,False,stable_core
SU,30223,222,5972,0.0358411365837907,0.2882091,0.026353452,0.26185566,0.98544824,0.98544824,0.5684776,0.5684776,0.13695514,0.00010206462,True,0.7,0.6641588,0.28,0.24415886,6,0.94,94,100,0.5917163267731667,1.4166133016347875,True,6,0.0508806109428405,True,60,performance_only_unstable,False,True,False,True,stable_core
SU,9720,222,5972,0.0358411365837907,0.32207206,0.0378122,0.28425986,0.9783542,0.9783542,0.5560016,0.5560016,0.11200321,1.0395923e-06,True,0.7,0.6641588,0.4,0.36415887,7,0.84,84,100,0.339760123938322,1.5814599603414534,True,7,0.0942309498786926,True,60,performance_only_unstable,False,True,False,True,stable_core
SU,4512,222,5972,0.0358411365837907,0.18222128,0.012904296,0.16931698,0.9730148,0.9730148,0.55774397,0.55774397,0.11548793,4.173301e-06,True,0.4,0.36415887,0.36,0.32415888,8,0.9,90,100,0.4109160281717777,1.5400834500789642,True,8,0.0911635160446167,True,60,performance_only_unstable,False,True,False,True,stable_core
SU,19359,222,5972,0.0358411365837907,1.4388196,0.35619807,1.0826216,0.92716324,0.92716324,0.6598122,0.6598122,0.31962442,2.4537298e-13,True,0.3,0.26415887,0.14,0.10415886,9,0.98,98,100,0.5800295442342758,1.2747002542018888,True,9,0.0518363118171691,True,60,performance_only_unstable,False,True,False,True,stable_core
SU,7389,222,5972,0.0358411365837907,0.1233636,0.010081553,0.11328205,0.92603546,0.92603546,0.543067,0.543067,0.08613396,0.000104800085,True,0.6,0.5641589,0.38,0.34415886,10,0.94,94,100,0.5254606425762176,1.3353472858667372,True,10,0.0658742189407348,True,60,performance_only_unstable,False,True,False,True,stable_core
SU,9109,222,5972,0.0358411365837907,0.33972058,0.014090168,0.3256304,0.92014045,0.92014045,0.53400403,0.53400403,0.068008065,0.00023502643,True,0.4,0.36415887,0.32,0.28415886,11,0.9,90,100,0.5052318409085274,1.353398734331131,True,11,0.0024470686912536,True,60,performance_only_unstable,False,True,True,False,stable_core
SU,16190,222,5972,0.0358411365837907,0.14576295,0.012072615,0.13369033,0.91176677,0.91176677,0.54834986,0.54834986,0.096699715,1.6498929e-05,True,0.3,0.26415887,0.38,0.34415886,12,0.88,88,100,0.3753628775477409,1.4185720443725585,True,12,0.0632532835006713,True,60,performance_only_unstable,False,True,False,True,stable_core
SU,19935,222,5972,0.0358411365837907,0.07187852,0.0049711154,0.066907406,0.8927696,0.8927696,0.5433762,0.5433762,0.086752415,3.5065976e-05,True,0.5,0.46415886,0.38,0.34415886,13,0.8,80,100,0.2397099070250988,1.46762623488903,True,13,0.0874611735343933,True,60,performance_only_unstable,False,True,False,True,stable_core
SU,28603,222,5972,0.0358411365837907,0.07589034,0.004874309,0.07101603,0.87849015,0.87849015,0.5344317,0.5344317,0.06886339,0.0007060566,True,0.5,0.46415886,0.34,0.30415887,14,0.8,80,100,0.1856888771057128,1.4194912046194077,True,14,0.0762125849723815,True,60,performance_only_unstable,False,True,False,True,stable_core
SU,28795,222,5972,0.0358411365837907,0.1015449,0.007241476,0.09430343,0.8491257,0.8491257,0.53596663,0.53596663,0.07193327,0.00020424959,True,0.5,0.46415886,0.32,0.28415886,15,0.88,88,100,0.4543767645955086,1.3031771957874294,True,15,0.0325924158096313,True,60,performance_only_unstable,False,True,True,False,stable_core
SU,5366,222,5972,0.0358411365837907,0.0612683,0.0008473789,0.06042092,0.845204,0.845204,0.51945794,0.51945794,0.038915873,0.013655422,True,0.7,0.6641588,0.18,0.14415887,16,0.87,87,100,0.3724548391997814,1.2788242936134335,True,16,0.0276746153831481,True,60,performance_only_unstable,False,True,True,False,stable_core
SU,8760,222,5972,0.0358411365837907,0.13128167,0.027875528,0.103406146,0.8251398,0.8251398,0.59457874,0.59457874,0.18915749,2.8055397e-10,True,0.2,0.16415887,0.1,0.064158864,17,0.94,94,100,0.5016805335879326,1.160117644071579,True,17,0.0891886949539184,True,60,performance_only_unstable,False,True,False,True,stable_core
SU,29856,222,5972,0.0358411365837907,0.66878694,0.21008946,0.4586975,0.82080865,0.82080865,0.6359867,0.6359867,0.27197337,2.9917477e-13,True,0.0,-0.035841137,0.1,0.064158864,18,0.94,94,100,0.5084379315376282,1.1486476629972455,True,18,0.0353283882141113,True,60,performance_only_unstable,False,True,True,False,stable_core
SU,2995,222,5972,0.0358411365837907,0.59955657,0.22683787,0.3727187,0.81569386,0.81569386,0.65964025,0.65964025,0.3192805,2.9774e-14,True,0.2,0.16415887,0.14,0.10415886,19,0.97,97,100,0.5711351543664932,1.0549043267965317,True,19,0.045146107673645,True,60,performance_only_unstable,False,True,True,False,stable_core
SU,9578,222,5972,0.0358411365837907,0.15178068,0.034165297,0.11761539,0.7996065,0.7996065,0.5950479,0.5950479,0.19009578,3.311731e-10,True,0.1,0.064158864,0.08,0.04415886,20,0.92,92,100,0.4840350702404976,1.1259283393621444,True,20,0.0877549052238464,True,60,performance_only_unstable,False,True,False,True,stable_core
SU,7382,222,5972,0.0358411365837907,0.37586218,0.09183154,0.28403065,0.7857487,0.7857487,0.59063244,0.59063244,0.18126488,9.014647e-08,True,0.3,0.26415887,0.28,0.24415886,21,0.9,90,100,0.4558486998081207,1.1451617807149883,True,21,0.1431591510772705,True,60,performance_only_unstable,False,True,False,True,stable_core
SU,26642,222,5972,0.0358411365837907,0.1307186,0.030081788,0.10063682,0.78336513,0.78336513,0.5964222,0.5964222,0.19284439,4.2806264e-10,True,0.0,-0.035841137,0.14,0.10415886,22,0.89,89,100,0.4707721710205078,1.1108429104089736,True,22,0.0897809267044067,True,60,performance_only_unstable,False,True,False,True,stable_core
SU,22730,222,5972,0.0358411365837907,0.29468432,0.04621175,0.24847257,0.7744757,0.7744757,0.5484668,0.5484668,0.0969336,9.894962e-05,True,0.5,0.46415886,0.26,0.22415885,23,0.76,76,100,0.3559059269726276,1.215577158331871,True,23,0.0139533877372741,True,60,performance_only_unstable,False,True,True,False,stable_core
SU,20778,222,5972,0.0358411365837907,0.1106243,0.028043304,0.082581,0.745809,0.745809,0.6000182,0.6000182,0.2000364,5.7026894e-10,True,0.0,-0.035841137,0.18,0.14415887,24,0.76,76,100,0.4008760906755924,1.1007750570774075,True,24,0.0881381034851074,True,60,performance_only_unstable,False,True,False,True,stable_core
SU,20743,222,5972,0.0358411365837907,2.1121023,1.400147,0.7119553,0.7380782,0.7380782,0.6190194,0.6190194,0.23803878,3.6319131e-12,True,0.1,0.064158864,0.04,0.004158862,25,0.84,84,100,0.4960938856005669,0.9640000268816946,True,25,0.0917813777923584,True,60,performance_only_unstable,False,True,False,True,stable_core
SU,11872,222,5972,0.0358411365837907,0.25598255,0.029365554,0.226617,0.73193103,0.73193103,0.54922783,0.54922783,0.09845567,1.8766703e-05,True,0.1,0.064158864,0.3,0.26415887,26,0.72,72,100,0.4098918326199054,1.0775816649198533,True,26,0.0642290711402893,True,60,performance_only_unstable,False,True,False,True,stable_core
SU,16045,222,5972,0.0358411365837907,0.7767719,0.3184941,0.4582778,0.7313859,0.7313859,0.64139897,0.64139897,0.28279793,1.8352947e-14,True,0.1,0.064158864,0.06,0.024158861,27,0.87,87,100,0.4449220195412636,1.024971604347229,True,27,0.0392819643020629,True,60,performance_only_unstable,False,True,True,False,stable_core
SU,10539,222,5972,0.0358411365837907,0.08585832,0.011903532,0.07395479,0.7300966,0.7300966,0.5446528,0.5446528,0.08930564,4.1975054e-05,True,0.4,0.36415887,0.3,0.26415887,28,0.64,64,100,0.2040676333010196,1.231415894627571,True,28,0.0652582049369812,True,60,performance_only_unstable,False,True,False,True,boundary_candidate
SU,5732,222,5972,0.0358411365837907,0.115067214,0.028659787,0.08640742,0.7155257,0.7155257,0.59059244,0.59059244,0.18118489,1.614305e-09,True,0.0,-0.035841137,0.04,0.004158862,29,0.78,78,100,0.4116871185600758,1.0254262566566463,True,29,0.0876119136810302,True,60,performance_only_unstable,False,True,False,True,stable_core
SU,23464,222,5972,0.0358411365837907,0.42163745,0.13537033,0.2862671,0.70925546,0.70925546,0.62927216,0.62927216,0.25854433,4.662925e-10,True,0.1,0.064158864,0.06,0.024158861,30,0.77,77,100,0.4641334794461727,0.986203713715076,True,30,0.0950313806533813,True,60,performance_only_unstable,False,True,False,True,stable_core
SU,9048,222,5972,0.0358411365837907,0.37328443,0.08539101,0.2878934,0.69439864,0.69439864,0.56033635,0.56033635,0.1206727,2.6623325e-06,True,0.2,0.16415887,0.32,0.28415886,31,0.62,62,100,0.2440283041447401,1.153875496983527,True,31,0.1246267557144165,True,60,performance_only_unstable,False,True,False,True,boundary_candidate
SU,26263,222,5972,0.0358411365837907,1.1683383,0.48989064,0.67844766,0.69237465,0.69237465,0.6424448,0.6424448,0.28488958,5.147826e-15,True,0.0,-0.035841137,0.12,0.08415886,32,0.74,74,100,0.4179473780095577,0.9527118742465972,True,32,0.0056243644760132,True,60,performance_only_unstable,False,True,True,False,stable_core
SU,20720,222,5972,0.0358411365837907,0.20985536,0.042008214,0.16784716,0.69144136,0.69144136,0.5628017,0.5628017,0.12560344,4.192389e-05,True,0.5,0.46415886,0.22,0.18415886,33,0.64,64,100,0.3422336302697658,1.0697325825691222,True,33,0.0673925876617431,True,60,performance_only_unstable,False,True,False,True,boundary_candidate
SU,31891,222,5972,0.0358411365837907,0.35435143,0.14072213,0.2136293,0.68611836,0.68611836,0.6700171,0.6700171,0.34003425,3.5793563e-15,True,0.2,0.16415887,0.06,0.024158861,34,0.68,68,100,0.4446732640266418,0.9534577086567876,True,34,0.0493523478507995,True,60,performance_only_unstable,False,True,True,False,boundary_candidate
SU,7427,222,5972,0.0358411365837907,0.3844665,0.05541747,0.32904902,0.68404615,0.68404615,0.5583519,0.5583519,0.11670375,6.193564e-05,True,0.2,0.16415887,0.26,0.22415885,35,0.65,65,100,0.3812963701784611,1.0478540003299712,True,35,0.0484945774078369,True,60,performance_only_unstable,False,True,True,False,boundary_candidate
SU,22686,222,5972,0.0358411365837907,0.08569996,0.007075663,0.0786243,0.67136985,0.67136985,0.52233887,0.52233887,0.044677734,0.0063563907,True,0.6,0.5641589,0.22,0.18415886,36,0.62,62,100,0.2678326167166233,1.074713000655174,True,36,0.0139039754867553,True,60,performance_only_unstable,False,True,True,False,boundary_candidate
SU,24856,222,5972,0.0358411365837907,0.30336782,0.075309776,0.22805804,0.6709747,0.6709747,0.59987074,0.59987074,0.19974148,2.051989e-08,True,0.0,-0.035841137,0.14,0.10415886,37,0.7,70,100,0.3894213855266571,0.9978352010250092,True,37,0.0930975675582885,True,60,performance_only_unstable,False,True,False,True,stable_core
SU,30172,222,5972,0.0358411365837907,0.42621234,0.13451609,0.29169625,0.6708044,0.6708044,0.60252804,0.60252804,0.20505607,2.45175e-07,True,0.4,0.36415887,0.22,0.18415886,38,0.66,66,100,0.3783528909087181,1.0026263236999509,True,38,0.0318036079406738,True,60,performance_only_unstable,False,True,True,False,boundary_candidate
SU,7407,222,5972,0.0358411365837907,0.23681201,0.03717282,0.19963919,0.6519288,0.6519288,0.558743,0.558743,0.117486,3.0520432e-06,True,0.0,-0.035841137,0.26,0.22415885,39,0.56,56,100,0.1830137010663747,1.1427582561969756,True,39,0.0813230276107788,True,60,performance_only_unstable,False,True,False,True,boundary_candidate
SU,10380,222,5972,0.0358411365837907,0.20977618,0.060353592,0.14942259,0.6514256,0.6514256,0.57592905,0.57592905,0.15185809,3.738401e-06,True,0.4,0.36415887,0.22,0.18415886,40,0.59,59,100,0.3864400833845138,0.9640968561172484,True,40,0.0065968036651611,True,60,performance_only_unstable,False,True,True,False,boundary_candidate
SU,23973,222,5972,0.0358411365837907,0.12823762,0.004789277,0.12344834,0.64595217,0.64595217,0.51510274,0.51510274,0.030205488,0.011376569,True,0.5,0.46415886,0.14,0.10415886,41,0.58,58,100,0.2172318883240223,1.0812789201736448,True,41,0.0278225541114807,True,60,performance_only_unstable,False,True,True,False,boundary_candidate
SU,25028,222,5972,0.0358411365837907,0.5398631,0.20213732,0.3377258,0.64444906,0.64444906,0.64268726,0.64268726,0.28537452,2.0456126e-12,True,0.0,-0.035841137,0.02,-0.015841138,42,0.62,62,100,0.3745363026857376,0.9275792002677916,True,42,0.0535131096839904,True,60,performance_only_unstable,False,True,False,True,boundary_candidate
SU,23915,222,5972,0.0358411365837907,0.3422016,0.05718287,0.2850187,0.64183104,0.64183104,0.5484811,0.5484811,0.09696221,2.746444e-05,True,0.3,0.26415887,0.2,0.16415887,43,0.52,52,100,0.1332273986190557,1.1893619805574411,True,43,0.074600338935852,True,60,performance_only_unstable,False,True,False,True,boundary_candidate
SU,23068,222,5972,0.0358411365837907,0.04254645,0.0037760853,0.038770366,0.641016,0.641016,0.5240333,0.5240333,0.048066616,0.0015560158,True,0.5,0.46415886,0.24,0.20415886,44,0.52,52,100,0.157631104812026,1.07953305542469,True,44,0.041274070739746,True,60,performance_only_unstable,False,True,True,False,boundary_candidate
SU,31021,222,5972,0.0358411365837907,0.10152731,0.012122653,0.08940466,0.63149345,0.63149345,0.52907336,0.52907336,0.058146715,0.002591758,True,0.4,0.36415887,0.24,0.20415886,45,0.53,53,100,0.1862486943602562,1.0845892280340192,True,45,0.0504077672958374,True,60,performance_only_unstable,False,True,False,True,boundary_candidate
SU,8552,222,5972,0.0358411365837907,0.08741554,0.015318884,0.07209665,0.6295525,0.6295525,0.5413197,0.5413197,0.082639456,0.00031752684,True,0.5,0.46415886,0.2,0.16415887,46,0.57,57,100,0.2893691912293434,1.014997512102127,True,46,0.0286967754364013,True,60,performance_only_unstable,False,True,True,False,boundary_candidate
SU,26739,222,5972,0.0358411365837907,0.3856278,0.12614532,0.2594825,0.62678313,0.62678313,0.59529984,0.59529984,0.19059968,1.7582059e-07,True,0.2,0.16415887,0.2,0.16415887,47,0.54,54,100,0.4081339471042156,0.8818362951278684,True,47,0.0625083446502685,True,60,performance_only_unstable,False,True,False,True,boundary_candidate
SU,15685,222,5972,0.0358411365837907,0.101456925,0.018653456,0.08280347,0.6239532,0.6239532,0.55220646,0.55220646,0.10441291,3.779132e-05,True,0.3,0.26415887,0.18,0.14415887,48,0.6,60,100,0.3381221875548362,0.9733862966299044,True,48,0.0777614712715148,True,60,performance_only_unstable,False,True,False,True,boundary_candidate
SU,12985,222,5972,0.0358411365837907,0.28759325,0.095074214,0.19251904,0.623063,0.623063,0.5929657,0.5929657,0.18593144,1.7361964e-08,True,0.2,0.16415887,0.08,0.04415886,49,0.52,52,100,0.3326839216053486,0.9175007954239844,True,49,0.0062582271987915,True,60,performance_only_unstable,False,True,True,False,boundary_candidate
SU,27960,222,5972,0.0358411365837907,0.060309332,0.0059048347,0.054404497,0.61616015,0.61616015,0.5296436,0.5296436,0.05928719,0.002829923,True,0.4,0.36415887,0.24,0.20415886,50,0.51,51,100,0.1732805628329515,1.0369524359703062,True,50,0.0399360060691833,True,60,performance_only_unstable,False,True,True,False,boundary_candidate
SU,1681,222,5972,0.0358411365837907,0.09266786,0.0140728345,0.07859503,0.6132263,0.6132263,0.53524894,0.53524894,0.07049787,0.00075527915,True,0.3,0.26415887,0.28,0.24415886,51,0.5,50,100,0.2899413593113422,0.9484063565731048,True,51,0.0043104290962219,True,60,performance_only_unstable,False,True,True,False,boundary_candidate
SU,6250,222,5972,0.0358411365837907,0.089509435,0.011847279,0.077662155,0.6089987,0.6089987,0.5554136,0.5554136,0.11082721,0.00031926789,True,0.2,0.16415887,0.16,0.12415886,52,0.56,56,100,0.2917650178074836,0.9437718719243998,True,52,0.0184496641159057,True,60,performance_only_unstable,False,True,True,False,boundary_candidate
SU,21256,222,5972,0.0358411365837907,0.3380402,0.12405058,0.21398962,0.60492384,0.60492384,0.5812195,0.5812195,0.16243899,1.332089e-06,True,0.3,0.26415887,0.26,0.22415885,53,0.49,49,100,0.2811775147914886,0.9634456589818,True,53,0.0112443566322326,True,60,performance_only_unstable,False,True,True,False,boundary_candidate
SU,15539,222,5972,0.0358411365837907,1.3441987,1.0730764,0.27112234,0.60259473,0.60259473,0.67007333,0.67007333,0.34014666,7.093695e-18,True,0.1,0.064158864,0.2,0.16415887,54,0.42,42,100,0.4135599166154861,0.7935294196009636,True,54,0.072168231010437,True,60,performance_only_unstable,False,True,False,True,boundary_candidate
SU,1871,222,5972,0.0358411365837907,0.18677858,0.03981765,0.14696093,0.60044223,0.60044223,0.5503702,0.5503702,0.10074043,5.663479e-05,True,0.2,0.16415887,0.24,0.20415886,55,0.46,46,100,0.3402630843222141,0.9325956359505648,True,55,0.0272737145423889,True,60,performance_only_unstable,False,True,True,False,boundary_candidate
SU,2722,222,5972,0.0358411365837907,0.2589738,0.04044918,0.21852463,0.5979617,0.5979617,0.53711575,0.53711575,0.074231505,0.00014709363,True,0.0,-0.035841137,0.24,0.20415886,56,0.5,50,100,0.0098071542801335,1.2385051637887952,True,56,0.0736289620399475,True,60,performance_only_unstable,False,True,False,True,boundary_candidate
SU,25724,222,5972,0.0358411365837907,0.05942075,0.009928822,0.049491927,0.577414,0.577414,0.5410048,0.5410048,0.082009554,0.0001041921,True,0.2,0.16415887,0.2,0.16415887,57,0.42,42,100,0.2274455621838569,0.9540516138076782,True,57,0.0080043077468872,True,60,performance_only_unstable,False,True,True,False,boundary_candidate
SU,29244,222,5972,0.0358411365837907,0.075151324,0.005079041,0.070072286,0.5668025,0.5668025,0.52630633,0.52630633,0.052612662,0.015607353,True,0.4,0.36415887,0.26,0.22415885,58,0.44,44,100,0.218292362242937,0.956826154887676,True,58,0.0080557465553283,True,60,performance_only_unstable,False,True,True,False,boundary_candidate
SU,22606,222,5972,0.0358411365837907,0.048458613,0.006235479,0.042223133,0.5627147,0.5627147,0.5261419,0.5261419,0.052283764,0.0031329368,True,0.4,0.36415887,0.24,0.20415886,59,0.32,32,100,0.2203232198953628,0.9376897290349004,True,59,0.0484437346458435,True,60,performance_only_unstable,False,True,True,False,unstable_inclusion
SU,25529,222,5972,0.0358411365837907,0.07806341,0.016938748,0.061124668,0.5611455,0.5611455,0.5464499,0.5464499,0.0928998,7.834723e-05,True,0.3,0.26415887,0.16,0.12415886,60,0.46,46,100,0.1099195202812552,1.072974395751953,True,60,0.0705107450485229,True,60,performance_only_unstable,False,True,False,True,boundary_candidate
AF,23464,349,5845,0.056344849854698,0.9094847,0.100021385,0.8094633,2.2372992,2.2372992,0.79999757,0.79999757,0.59999514,0.0,True,0.9,0.8436551,0.76,0.7036551,1,1.0,100,100,1.95676429271698,2.5202276170253755,True,1,0.0343768000602722,True,33,stable_topk_found,True,True,True,False,stable_core
AF,7143,349,5845,0.056344849854698,0.2700405,0.011272321,0.2587682,1.9052259,1.9052259,0.65551484,0.65551484,0.31102967,3.6564444e-24,True,0.9,0.8436551,0.74,0.68365514,2,1.0,100,100,1.5963068038225174,2.227913212776184,True,2,0.0172867178916931,True,33,stable_topk_found,True,True,True,False,stable_core
AF,18492,349,5845,0.056344849854698,0.8479249,0.05957449,0.7883504,1.8793488,1.8793488,0.71683043,0.71683043,0.43366086,1.9685538e-34,True,0.4,0.34365517,0.5,0.44365516,3,1.0,100,100,1.5688930094242095,2.21243137717247,True,3,0.0239248871803283,True,33,stable_topk_found,True,True,True,False,stable_core
AF,17793,349,5845,0.056344849854698,0.38731757,0.01868083,0.36863673,1.606084,1.606084,0.6246921,0.6246921,0.24938416,5.964796999999999e-19,True,0.8,0.74365515,0.66,0.60365516,4,1.0,100,100,1.2794195622205735,1.9609054446220395,True,4,0.0362550020217895,True,33,stable_topk_found,True,True,True,False,stable_core
AF,30870,349,5845,0.056344849854698,0.44727683,0.02500234,0.4222745,1.5468876,1.5468876,0.6239038,0.6239038,0.24780762,1.1458878399999998e-17,True,1.0,0.94365513,0.72,0.66365516,5,1.0,100,100,1.2962946861982343,1.793787387013435,True,5,0.0378937721252441,True,33,stable_topk_found,True,True,True,False,stable_core
AF,6676,349,5845,0.056344849854698,0.338523,0.0154960165,0.32302698,1.4589165,1.4589165,0.622514,0.622514,0.24502802,3.4814816e-14,True,0.9,0.8436551,0.68,0.62365514,6,1.0,100,100,1.160378885269165,1.7732570260763163,True,6,0.0338516235351562,True,33,stable_topk_found,True,True,True,False,stable_core
AF,32764,349,5845,0.056344849854698,0.50684994,0.09147007,0.41537988,1.2812145,1.2812145,0.67544323,0.67544323,0.35088646,4.3888076e-26,True,0.4,0.34365517,0.5,0.44365516,7,1.0,100,100,1.0549589425325394,1.5177939146757125,True,7,0.0778393745422363,True,33,stable_topk_found,True,True,False,True,stable_core
AF,28469,349,5845,0.056344849854698,0.36365062,0.05792912,0.3057215,1.280923,1.280923,0.6643072,0.6643072,0.32861435,2.604585e-26,True,0.4,0.34365517,0.46,0.40365517,8,1.0,100,100,1.0602129429578782,1.501553699374199,True,8,0.0082386136054992,True,33,stable_topk_found,True,True,True,False,stable_core
AF,28724,349,5845,0.056344849854698,0.3743788,0.014706748,0.35967204,1.2748282,1.2748282,0.60618144,0.60618144,0.21236289,1.734806e-13,True,0.4,0.34365517,0.62,0.56365514,9,1.0,100,100,0.9443531483411788,1.623241740465164,True,9,0.0495523214340209,True,33,stable_topk_found,True,True,True,False,stable_core
AF,2434,349,5845,0.056344849854698,0.40337908,0.01869854,0.38468054,1.2701302,1.2701302,0.59221923,0.59221923,0.18443847,9.055028e-13,True,0.6,0.54365516,0.6,0.54365516,10,1.0,100,100,0.9565735176205636,1.6116124987602234,True,10,0.0280643701553344,True,33,stable_topk_found,True,True,True,False,stable_core
AF,22411,349,5845,0.056344849854698,0.2077252,0.016837642,0.19088756,1.1979907,1.1979907,0.5973849,0.5973849,0.19476986,6.88713e-15,True,0.6,0.54365516,0.56,0.50365514,11,0.99,99,100,0.9417448446154596,1.471444445848465,True,11,0.0139908194541931,True,33,stable_topk_found,True,True,True,False,stable_core
AF,26938,349,5845,0.056344849854698,0.58157796,0.037586547,0.5439914,1.19136,1.19136,0.5928428,0.5928428,0.18568563,2.2003244e-15,True,0.1,0.043655153,0.28,0.22365515,12,1.0,100,100,0.8971630349755287,1.5195584535598752,True,12,0.0290942192077636,True,33,stable_topk_found,True,True,True,False,stable_core
AF,24856,349,5845,0.056344849854698,0.4511271,0.061531957,0.38959515,1.1787199,1.1787199,0.6209929,0.6209929,0.2419858,9.1297115e-18,True,0.5,0.44365516,0.54,0.48365518,13,0.98,98,100,0.9028140038251876,1.473100867867469,True,13,0.0148370265960693,True,33,stable_topk_found,True,True,True,False,stable_core
AF,9869,349,5845,0.056344849854698,0.4250873,0.015656076,0.40943122,1.1613637,1.1613637,0.5774703,0.5774703,0.1549406,5.788209e-11,True,0.7,0.6436551,0.6,0.54365516,14,1.0,100,100,0.8623921856284141,1.4904548525810242,True,14,0.0286366343498229,True,33,stable_topk_found,True,True,True,False,stable_core
AF,22475,349,5845,0.056344849854698,0.51142216,0.067966744,0.4434554,1.1434155,1.1434155,0.6154169,0.6154169,0.23083377,3.2072714e-17,True,0.3,0.24365516,0.56,0.50365514,15,0.96,96,100,0.8698720961809159,1.4317418605089185,True,15,0.0142330527305603,True,33,stable_topk_found,True,True,True,False,stable_core
AF,24206,349,5845,0.056344849854698,0.08867411,0.004083017,0.0845911,1.1361935,1.1361935,0.5623306,0.5623306,0.12466121,2.0691675e-10,True,0.8,0.74365515,0.66,0.60365516,16,0.99,99,100,0.8343197718262673,1.445168539881706,True,16,0.0014713406562805,True,33,stable_topk_found,True,True,True,False,stable_core
AF,29908,349,5845,0.056344849854698,0.16663682,0.012883274,0.15375355,1.087321,1.087321,0.58595055,0.58595055,0.1719011,2.9210137e-12,True,0.4,0.34365517,0.54,0.48365518,17,0.91,91,100,0.7875754579901695,1.3953859776258468,True,17,0.0237563848495483,True,33,stable_topk_found,True,True,True,False,stable_core
AF,453,349,5845,0.056344849854698,0.1079983,0.0054958165,0.10250248,1.0235049,1.0235049,0.5592988,0.5592988,0.11859763,4.360934e-09,True,0.7,0.6436551,0.56,0.50365514,18,0.86,86,100,0.7355988889932632,1.3044679760932918,True,18,0.0097712874412536,True,33,stable_topk_found,True,True,True,False,stable_core
AF,5320,349,5845,0.056344849854698,0.20308022,0.033727746,0.16935247,1.0047909,1.0047909,0.6163843,0.6163843,0.23276865,9.615118e-16,True,0.6,0.54365516,0.34,0.28365517,19,0.97,97,100,0.8033738195896148,1.2442787230014798,True,19,0.0326371788978576,True,33,stable_topk_found,True,True,True,False,stable_core
AF,16965,349,5845,0.056344849854698,0.69862556,0.09866673,0.59995884,0.98710394,0.98710394,0.5965354,0.5965354,0.19307077,6.867226e-16,True,0.4,0.34365517,0.32,0.26365516,20,0.91,91,100,0.7543168902397156,1.2496274441480637,True,20,0.0460757613182067,True,33,stable_topk_found,True,True,True,False,stable_core
AF,1871,349,5845,0.056344849854698,0.26428747,0.0319965,0.23229097,0.96637744,0.96637744,0.60465926,0.60465926,0.20931852,2.1670208e-14,True,0.2,0.14365515,0.36,0.30365518,21,0.78,78,100,0.6984712526202201,1.2459969222545622,True,21,0.0113629102706909,True,33,stable_topk_found,True,True,True,False,stable_core
AF,32320,349,5845,0.056344849854698,0.15147632,0.014338177,0.13713814,0.95248544,0.95248544,0.57764995,0.57764995,0.1552999,7.194407e-10,True,0.6,0.54365516,0.4,0.34365517,22,0.72,72,100,0.7105486124753952,1.202814599871635,True,22,0.0062258243560791,True,33,stable_topk_found,True,True,True,False,stable_core
AF,11511,349,5845,0.056344849854698,0.27793697,0.0038240484,0.2741129,0.9482039,0.9482039,0.52957785,0.52957785,0.059155703,4.7373164e-06,True,0.8,0.74365515,0.42,0.36365515,23,0.73,73,100,0.6755745485424995,1.2345593422651289,True,23,0.00679612159729,True,33,stable_topk_found,True,True,True,False,stable_core
AF,31149,349,5845,0.056344849854698,0.13239837,0.0067505613,0.12564781,0.942937,0.942937,0.5481263,0.5481263,0.09625256,9.6691736e-08,True,0.7,0.6436551,0.62,0.56365514,24,0.74,74,100,0.6994304999709129,1.190895682573318,True,24,0.0290802717208862,True,33,stable_topk_found,True,True,True,False,stable_core
AF,24167,349,5845,0.056344849854698,0.26153407,0.04769267,0.2138414,0.9356883,0.9356883,0.6393391,0.6393391,0.27867818,4.519192e-19,True,0.1,0.043655153,0.16,0.103655145,25,0.77,77,100,0.7500846102833748,1.1334612488746645,True,25,0.0086229443550109,True,33,stable_topk_found,True,True,True,False,stable_core
AF,19654,349,5845,0.056344849854698,0.12711541,0.012060923,0.11505449,0.9283802,0.9283802,0.56885564,0.56885564,0.13771129,1.44347e-10,True,0.3,0.24365516,0.56,0.50365514,26,0.7,70,100,0.67354416847229,1.1908222049474717,True,26,0.0004854798316955,True,33,stable_topk_found,True,True,True,False,stable_core
AF,15160,349,5845,0.056344849854698,0.14817446,0.014981421,0.13319305,0.92507005,0.92507005,0.56263965,0.56263965,0.1252793,2.2883653e-09,True,0.7,0.6436551,0.5,0.44365516,27,0.68,68,100,0.677145180106163,1.1731741070747377,True,27,0.0039365291595458,True,33,stable_topk_found,True,True,True,False,boundary_candidate
AF,15797,349,5845,0.056344849854698,0.096145235,0.008851382,0.087293856,0.92414874,0.92414874,0.5640895,0.5640895,0.12817895,6.4900846e-10,True,0.8,0.74365515,0.44,0.38365516,28,0.69,69,100,0.6528668954968453,1.1967201203107831,True,28,0.0166646242141723,True,33,stable_topk_found,True,True,True,False,boundary_candidate
AF,5149,349,5845,0.056344849854698,0.06189,0.0024891065,0.059400894,0.9183875,0.9183875,0.54392046,0.54392046,0.087840915,1.2555648e-07,True,0.7,0.6436551,0.58,0.5236551,29,0.6,60,100,0.6553747013211251,1.203283706307411,True,29,0.0081015229225158,True,33,stable_topk_found,True,True,True,False,boundary_candidate
AF,25532,349,5845,0.056344849854698,0.2020505,0.046696562,0.15535395,0.9082642,0.9082642,0.60983866,0.60983866,0.21967733,4.3667415000000005e-16,True,0.9,0.8436551,0.58,0.5236551,30,0.72,72,100,0.7159413948655129,1.114425790309906,True,30,0.0554530024528503,True,33,stable_topk_found,True,True,False,True,stable_core
AF,12613,349,5845,0.056344849854698,0.15917689,0.016044028,0.14313287,0.9054755,0.9054755,0.5747584,0.5747584,0.14951682,4.148177e-10,True,0.7,0.6436551,0.42,0.36365515,31,0.66,66,100,0.6429178059101105,1.1654184758663175,True,31,0.0170685052871704,True,33,stable_topk_found,True,True,True,False,boundary_candidate
AF,16792,349,5845,0.056344849854698,0.28824544,0.038604375,0.24964106,0.8877995,0.8877995,0.56625503,0.56625503,0.13251007,3.4032785e-10,True,0.7,0.6436551,0.54,0.48365518,32,0.58,58,100,0.6587246254086494,1.1271480560302731,True,32,0.033636450767517,True,33,stable_topk_found,True,True,True,False,boundary_candidate
AF,26057,349,5845,0.056344849854698,0.08978219,0.005741085,0.08404111,0.8800789,0.8800789,0.549655,0.549655,0.09931004,9.346394e-07,True,0.8,0.74365515,0.46,0.40365517,33,0.55,55,100,0.6489022508263588,1.132056763768196,True,33,0.0283237099647521,True,33,stable_topk_found,True,True,True,False,boundary_candidate
