label,latent_idx,n_positive,n_negative,prevalence,pos_mean,neg_mean,mean_diff,cohens_d,abs_cohens_d,auc,directional_auc,auc_effect,p_value,significant_fdr,precision_at_10,precision_lift_at_10,precision_at_50,precision_lift_at_50,association_rank,stable_edge,positive_support,negative_boundary,edge_type,formal_edge_weight,candidate_source,candidate_order
RES,20808,416,4602,0.082901554404145,0.8412804,0.27997848,0.56130195,0.7116696,0.7116696,0.6387069,0.6387069,0.27741385,4.7048095e-20,True,0.3,0.21709846,0.24,0.15709844,1,False,False,False,filtered_topk,0.0,filtered_top200,1
RES,664,416,4602,0.082901554404145,0.0531804,0.3778206,-0.3246402,-0.57425636,0.57425636,0.34455234,0.65544766,0.31089532,0.0,True,0.0,-0.08290155,0.0,-0.08290155,2,False,False,False,filtered_topk,0.0,filtered_top200,2
RES,13430,416,4602,0.082901554404145,0.27708083,0.6942502,-0.4171694,-0.5586691,0.5586691,0.37111974,0.62888026,0.25776052,0.0,True,0.0,-0.08290155,0.0,-0.08290155,3,False,False,False,filtered_topk,0.0,filtered_top200,3
RES,11660,416,4602,0.082901554404145,0.0,0.34185204,-0.34185204,-0.54793614,0.54793614,0.37516296,0.62483704,0.24967408,0.0,True,0.0,-0.08290155,0.0,-0.08290155,4,False,False,False,filtered_topk,0.0,filtered_top200,4
RES,11435,416,4602,0.082901554404145,31.528002,21.843624,9.684378,0.5004963,0.5004963,0.6231169,0.6231169,0.24623382,3.4491795e-28,True,0.2,0.11709845,0.12,0.037098445,5,False,False,False,filtered_topk,0.0,filtered_top200,5
RES,31585,416,4602,0.082901554404145,7.977802,17.665487,-9.687685,-0.50046855,0.50046855,0.3774203,0.6225797,0.24515939,3.482769e-28,True,0.0,-0.08290155,0.0,-0.08290155,6,False,False,False,filtered_topk,0.0,filtered_top200,6
RES,9959,416,4602,0.082901554404145,0.006788987,0.20296754,-0.19617856,-0.495975,0.495975,0.38823527,0.6117647,0.22352946,0.0,True,0.0,-0.08290155,0.0,-0.08290155,7,False,False,False,filtered_topk,0.0,filtered_top200,7
RES,1137,416,4602,0.082901554404145,0.34927604,0.561029,-0.21175298,-0.47939008,0.47939008,0.36472854,0.63527143,0.27054292,2.195849e-22,True,0.0,-0.08290155,0.02,-0.06290156,8,False,False,False,filtered_topk,0.0,filtered_top200,8
RES,13703,416,4602,0.082901554404145,0.12591083,0.25890365,-0.13299282,-0.47093692,0.47093692,0.3763393,0.6236607,0.24732143,4.0899054e-29,True,0.0,-0.08290155,0.0,-0.08290155,9,False,False,False,filtered_topk,0.0,filtered_top200,9
RES,28269,416,4602,0.082901554404145,0.22833252,0.091597825,0.1367347,0.46738258,0.46738258,0.57458586,0.57458586,0.14917171,8.9892505e-10,True,0.0,-0.08290155,0.4,0.31709844,10,False,False,False,filtered_topk,0.0,filtered_top200,10
RES,10916,416,4602,0.082901554404145,0.016052246,0.29943207,-0.28337982,-0.44588712,0.44588712,0.39142734,0.60857266,0.21714532,0.0,True,0.0,-0.08290155,0.0,-0.08290155,11,False,False,False,filtered_topk,0.0,filtered_top200,11
RES,29759,416,4602,0.082901554404145,0.42856538,0.21621798,0.2123474,0.4349086,0.4349086,0.6175926,0.6175926,0.23518515,6.622028e-13,True,0.0,-0.08290155,0.08,-0.002901554,12,False,False,False,filtered_topk,0.0,filtered_top200,12
RES,6743,416,4602,0.082901554404145,0.020953838,0.1635494,-0.14259556,-0.42799348,0.42799348,0.40627927,0.59372073,0.18744147,0.0,True,0.0,-0.08290155,0.0,-0.08290155,13,False,False,False,filtered_topk,0.0,filtered_top200,13
RES,27061,416,4602,0.082901554404145,0.027526855,0.18318972,-0.15566286,-0.42211738,0.42211738,0.4081874,0.5918126,0.18362522,0.0,True,0.0,-0.08290155,0.0,-0.08290155,14,False,False,False,filtered_topk,0.0,filtered_top200,14
RES,1516,416,4602,0.082901554404145,0.67248535,0.36588416,0.3066012,0.42111248,0.42111248,0.61571187,0.61571187,0.23142374,1.6059817e-12,True,0.2,0.11709845,0.08,-0.002901554,15,False,False,False,filtered_topk,0.0,filtered_top200,15
RES,19435,416,4602,0.082901554404145,0.71400803,0.40889704,0.305111,0.41644457,0.41644457,0.57857394,0.57857394,0.15714788,4.3794124e-10,True,0.4,0.31709844,0.24,0.15709844,16,False,False,False,filtered_topk,0.0,filtered_top200,16
RES,8468,416,4602,0.082901554404145,0.17878605,0.07989903,0.09888703,0.40368426,0.40368426,0.56615984,0.56615984,0.13231969,7.913984e-09,True,0.1,0.01709845,0.24,0.15709844,17,False,False,False,filtered_topk,0.0,filtered_top200,17
RES,21935,416,4602,0.082901554404145,0.031696025,0.21714659,-0.18545057,-0.38779986,0.38779986,0.41651493,0.58348507,0.16697013,0.0,True,0.0,-0.08290155,0.0,-0.08290155,18,False,False,False,filtered_topk,0.0,filtered_top200,18
RES,8104,416,4602,0.082901554404145,0.10916842,0.27581885,-0.16665044,-0.3850928,0.3850928,0.39780468,0.6021953,0.20439065,4.504476e-25,True,0.0,-0.08290155,0.0,-0.08290155,19,False,False,False,filtered_topk,0.0,filtered_top200,19
RES,29590,416,4602,0.082901554404145,0.014258752,0.1645633,-0.15030454,-0.38368267,0.38368267,0.4151098,0.5848902,0.16978037,0.0,True,0.0,-0.08290155,0.0,-0.08290155,20,False,False,False,filtered_topk,0.0,filtered_top200,20
RES,24761,416,4602,0.082901554404145,0.04585618,0.2931487,-0.24729252,-0.3772365,0.3772365,0.42059082,0.5794092,0.15881836,0.0,True,0.0,-0.08290155,0.0,-0.08290155,21,False,False,False,filtered_topk,0.0,filtered_top200,21
RES,18730,416,4602,0.082901554404145,0.1107835,0.4930936,-0.3823101,-0.37546238,0.37546238,0.42615902,0.573841,0.14768195,1.1317209e-31,True,0.0,-0.08290155,0.04,-0.042901553,22,False,False,False,filtered_topk,0.0,filtered_top200,22
RES,2068,416,4602,0.082901554404145,0.03958834,0.14877872,-0.10919038,-0.36746198,0.36746198,0.42665267,0.57334733,0.14669466,7.179672e-30,True,0.0,-0.08290155,0.0,-0.08290155,23,False,False,False,filtered_topk,0.0,filtered_top200,23
RES,32605,416,4602,0.082901554404145,0.097623385,0.2223562,-0.124732815,-0.36565793,0.36565793,0.4057543,0.5942457,0.1884914,5.417250999999999e-19,True,0.0,-0.08290155,0.06,-0.022901554,24,False,False,False,filtered_topk,0.0,filtered_top200,24
RES,12560,416,4602,0.082901554404145,0.020723782,0.1978912,-0.17716742,-0.36094293,0.36094293,0.41807282,0.5819272,0.16385436,0.0,True,0.0,-0.08290155,0.0,-0.08290155,25,False,False,False,filtered_topk,0.0,filtered_top200,25
RES,12544,416,4602,0.082901554404145,0.029606747,0.15499672,-0.12538998,-0.36073205,0.36073205,0.41831154,0.58168846,0.16337693,2.934809e-34,True,0.0,-0.08290155,0.02,-0.06290156,26,False,False,False,filtered_topk,0.0,filtered_top200,26
RES,2767,416,4602,0.082901554404145,0.051325873,0.012199604,0.03912627,0.3566488,0.3566488,0.52371645,0.52371645,0.0474329,9.2522576e-05,True,0.3,0.21709846,0.4,0.31709844,27,False,False,False,filtered_topk,0.0,filtered_top200,27
RES,21125,416,4602,0.082901554404145,0.008624737,0.11235095,-0.10372621,-0.35587075,0.35587075,0.4368327,0.56316733,0.12633461,0.0,True,0.0,-0.08290155,0.0,-0.08290155,28,False,False,False,filtered_topk,0.0,filtered_top200,28
RES,29484,416,4602,0.082901554404145,0.08523794,0.21049994,-0.12526199,-0.3544464,0.3544464,0.41264537,0.58735466,0.17470926,1.1950556999999999e-19,True,0.0,-0.08290155,0.0,-0.08290155,29,False,False,False,filtered_topk,0.0,filtered_top200,29
RES,6573,416,4602,0.082901554404145,0.12576999,0.26132998,-0.13555999,-0.3532102,0.3532102,0.40688124,0.5931188,0.18623751,7.953056500000001e-16,True,0.2,0.11709845,0.1,0.01709845,30,False,False,False,filtered_topk,0.0,filtered_top200,30
RES,13690,416,4602,0.082901554404145,0.106173,0.2026938,-0.096520804,-0.35173288,0.35173288,0.4126464,0.5873536,0.17470717,2.1963329000000003e-16,True,0.0,-0.08290155,0.02,-0.06290156,31,False,False,False,filtered_topk,0.0,filtered_top200,31
RES,26319,416,4602,0.082901554404145,0.33409235,0.15328848,0.18080387,0.35091776,0.35091776,0.55786884,0.55786884,0.11573768,2.0718755e-07,True,0.0,-0.08290155,0.08,-0.002901554,32,False,False,False,filtered_topk,0.0,filtered_top200,32
RES,23183,416,4602,0.082901554404145,0.013136644,0.17726116,-0.16412452,-0.35002714,0.35002714,0.43554434,0.5644556,0.12891132,0.0,True,0.1,0.01709845,0.02,-0.06290156,33,False,False,False,filtered_topk,0.0,filtered_top200,33
RES,6058,416,4602,0.082901554404145,0.34668908,0.5659776,-0.2192885,-0.34741098,0.34741098,0.4061604,0.5938396,0.18767917,8.792794e-15,True,0.0,-0.08290155,0.04,-0.042901553,34,False,False,False,filtered_topk,0.0,filtered_top200,34
RES,32490,416,4602,0.082901554404145,0.06536396,0.19110747,-0.12574351,-0.34189156,0.34189156,0.42910874,0.57089126,0.14178252,8.1532392999999995e-25,True,0.0,-0.08290155,0.0,-0.08290155,35,False,False,False,filtered_topk,0.0,filtered_top200,35
RES,24744,416,4602,0.082901554404145,0.013319749,0.13558643,-0.12226668,-0.3416912,0.3416912,0.43144545,0.5685545,0.1371091,0.0,True,0.0,-0.08290155,0.0,-0.08290155,36,False,False,False,filtered_topk,0.0,filtered_top200,36
RES,12340,416,4602,0.082901554404145,0.13791598,0.4560916,-0.3181756,-0.34014603,0.34014603,0.44683984,0.5531602,0.10632032,0.0,True,0.0,-0.08290155,0.0,-0.08290155,37,False,False,False,filtered_topk,0.0,filtered_top200,37
RES,17442,416,4602,0.082901554404145,0.07215764,0.021394825,0.05076281,0.3390087,0.3390087,0.52478987,0.52478987,0.04957974,9.434134e-05,True,0.2,0.11709845,0.36,0.27709848,38,False,False,False,filtered_topk,0.0,filtered_top200,38
RES,32727,416,4602,0.082901554404145,0.16600154,0.084584065,0.08141748,0.33631402,0.33631402,0.55905616,0.55905616,0.118112326,3.7061403e-07,True,0.2,0.11709845,0.12,0.037098445,39,False,False,False,filtered_topk,0.0,filtered_top200,39
RES,12337,416,4602,0.082901554404145,0.0371798,0.18171065,-0.14453085,-0.33630985,0.33630985,0.4296,0.5704,0.1408,1.6137536e-31,True,0.0,-0.08290155,0.0,-0.08290155,40,False,False,False,filtered_topk,0.0,filtered_top200,40
RES,30498,416,4602,0.082901554404145,0.85575044,1.0829374,-0.22718692,-0.33613822,0.33613822,0.40272364,0.59727633,0.19455272,4.3267174e-12,True,0.0,-0.08290155,0.0,-0.08290155,41,False,False,False,filtered_topk,0.0,filtered_top200,41
RES,22120,416,4602,0.082901554404145,0.021212064,0.002378806,0.018833257,0.33137894,0.33137894,0.5135636,0.5135636,0.027127147,0.008867443,True,0.5,0.41709846,0.3,0.21709846,42,False,False,False,filtered_topk,0.0,filtered_top200,42
RES,19840,416,4602,0.082901554404145,0.017826961,0.10548021,-0.08765325,-0.32940176,0.32940176,0.44019663,0.55980337,0.11960673,8.835644e-35,True,0.0,-0.08290155,0.02,-0.06290156,43,False,False,False,filtered_topk,0.0,filtered_top200,43
RES,26144,416,4602,0.082901554404145,0.003577599,0.2659119,-0.26233432,-0.32910556,0.32910556,0.44325185,0.55674815,0.1134963,0.0,True,0.0,-0.08290155,0.0,-0.08290155,44,False,False,False,filtered_topk,0.0,filtered_top200,44
RES,16286,416,4602,0.082901554404145,0.012817383,0.0017073929,0.01110999,0.32882038,0.32882038,0.5122666,0.5122666,0.024533153,0.004203704,True,0.7,0.61709845,0.3,0.21709846,45,False,False,False,filtered_topk,0.0,filtered_top200,45
RES,9963,416,4602,0.082901554404145,0.045203574,0.36100516,-0.3158016,-0.32780844,0.32780844,0.44810236,0.55189764,0.10379529,1.603836e-38,True,0.0,-0.08290155,0.0,-0.08290155,46,False,False,False,filtered_topk,0.0,filtered_top200,46
RES,29701,416,4602,0.082901554404145,0.096228965,0.040546656,0.05568231,0.32571822,0.32571822,0.54679245,0.54679245,0.093584895,4.722592e-06,True,0.1,0.01709845,0.22,0.13709845,47,False,False,False,filtered_topk,0.0,filtered_top200,47
RES,2462,416,4602,0.082901554404145,0.0040283203,0.11149831,-0.10746999,-0.32556647,0.32556647,0.4432056,0.5567944,0.11358881,0.0,True,0.0,-0.08290155,0.0,-0.08290155,48,False,False,False,filtered_topk,0.0,filtered_top200,48
RES,28670,416,4602,0.082901554404145,0.032977764,0.12455225,-0.09157449,-0.32480422,0.32480422,0.43745115,0.5625489,0.12509769,1.0844577e-28,True,0.0,-0.08290155,0.0,-0.08290155,49,False,False,False,filtered_topk,0.0,filtered_top200,49
RES,31930,416,4602,0.082901554404145,1.1307561,0.7307544,0.40000176,0.3246986,0.3246986,0.5678491,0.5678491,0.1356982,2.7287083e-08,True,0.1,0.01709845,0.1,0.01709845,50,False,False,False,filtered_topk,0.0,filtered_top200,50
RES,24943,416,4602,0.082901554404145,0.0016808143,0.14705648,-0.14537565,-0.32415357,0.32415357,0.43781576,0.5621842,0.12436849,0.0,True,0.0,-0.08290155,0.0,-0.08290155,51,False,False,False,filtered_topk,0.0,filtered_top200,51
RES,7702,416,4602,0.082901554404145,0.05509127,0.16227405,-0.10718278,-0.32354146,0.32354146,0.4340243,0.56597567,0.13195139,1.2442667e-20,True,0.0,-0.08290155,0.02,-0.06290156,52,False,False,False,filtered_topk,0.0,filtered_top200,52
RES,13966,416,4602,0.082901554404145,0.24610314,0.103614084,0.14248905,0.31970447,0.31970447,0.55093575,0.55093575,0.10187149,6.6776543e-06,True,0.0,-0.08290155,0.18,0.097098455,53,False,False,False,filtered_topk,0.0,filtered_top200,53
RES,16969,416,4602,0.082901554404145,0.051663913,0.31748426,-0.26582035,-0.3154988,0.3154988,0.44618875,0.55381125,0.107622504,3.061703e-39,True,0.0,-0.08290155,0.0,-0.08290155,54,False,False,False,filtered_topk,0.0,filtered_top200,54
RES,28961,416,4602,0.082901554404145,0.032329854,0.1193541,-0.08702424,-0.31355238,0.31355238,0.43668774,0.5633123,0.12662452,4.703149e-21,True,0.0,-0.08290155,0.02,-0.06290156,55,False,False,False,filtered_topk,0.0,filtered_top200,55
RES,18310,416,4602,0.082901554404145,0.010037935,0.11117958,-0.10114165,-0.31009954,0.31009954,0.44138208,0.55861795,0.11723584,0.0,True,0.0,-0.08290155,0.02,-0.06290156,56,False,False,False,filtered_topk,0.0,filtered_top200,56
RES,2071,416,4602,0.082901554404145,0.5080801,0.7223044,-0.21422428,-0.3087646,0.3087646,0.41129848,0.5887015,0.17740303,6.870915e-10,True,0.1,0.01709845,0.04,-0.042901553,57,False,False,False,filtered_topk,0.0,filtered_top200,57
RES,29810,416,4602,0.082901554404145,0.041593112,0.104672134,-0.06307902,-0.30763286,0.30763286,0.4380597,0.5619403,0.123880625,1.6472295e-16,True,0.0,-0.08290155,0.02,-0.06290156,58,False,False,False,filtered_topk,0.0,filtered_top200,58
RES,3156,416,4602,0.082901554404145,0.07879639,0.24979883,-0.17100245,-0.30734652,0.30734652,0.43487677,0.5651232,0.13024646,1.0688493999999999e-19,True,0.0,-0.08290155,0.02,-0.06290156,59,False,False,False,filtered_topk,0.0,filtered_top200,59
RES,14602,416,4602,0.082901554404145,0.043565016,0.013278024,0.030286992,0.30695945,0.30695945,0.52428395,0.52428395,0.04856789,0.0002530364,True,0.1,0.01709845,0.3,0.21709846,60,False,False,False,filtered_topk,0.0,filtered_top200,60
RES,20028,416,4602,0.082901554404145,0.01582219,0.073915295,-0.058093105,-0.30692723,0.30692723,0.44799292,0.5520071,0.10401416,8.519954e-27,True,0.0,-0.08290155,0.0,-0.08290155,61,False,False,False,filtered_topk,0.0,filtered_top200,61
RES,7140,416,4602,0.082901554404145,0.079092175,0.024181062,0.054911114,0.3065039,0.3065039,0.5211572,0.5211572,0.04231441,0.00052881805,True,0.4,0.31709844,0.34,0.25709844,62,False,False,False,filtered_topk,0.0,filtered_top200,62
RES,19470,416,4602,0.082901554404145,0.09810228,0.320947,-0.22284472,-0.30526546,0.30526546,0.43932614,0.56067383,0.121347725,2.554097e-23,True,0.0,-0.08290155,0.0,-0.08290155,63,False,False,False,filtered_topk,0.0,filtered_top200,63
RES,16320,416,4602,0.082901554404145,0.43961746,0.25595403,0.18366343,0.30506244,0.30506244,0.5330341,0.5330341,0.06606817,1.3420016e-05,True,0.3,0.21709846,0.26,0.17709844,64,False,False,False,filtered_topk,0.0,filtered_top200,64
RES,8226,416,4602,0.082901554404145,0.5702186,0.8019208,-0.23170215,-0.30137396,0.30137396,0.4199909,0.5800091,0.1600182,1.3974807e-10,True,0.0,-0.08290155,0.04,-0.042901553,65,False,False,False,filtered_topk,0.0,filtered_top200,65
RES,1976,416,4602,0.082901554404145,0.026193472,0.097151205,-0.070957735,-0.29821813,0.29821813,0.44795847,0.55204153,0.10408306,1.4072843e-22,True,0.0,-0.08290155,0.0,-0.08290155,66,False,False,False,filtered_topk,0.0,filtered_top200,66
RES,16256,416,4602,0.082901554404145,0.26699594,0.42848855,-0.16149262,-0.29771364,0.29771364,0.422249,0.57775104,0.15550202,4.379934e-11,True,0.0,-0.08290155,0.06,-0.022901554,67,False,False,False,filtered_topk,0.0,filtered_top200,67
RES,8658,416,4602,0.082901554404145,0.0063476562,0.1295696,-0.12322195,-0.29640993,0.29640993,0.45498455,0.54501545,0.09003091,0.0,True,0.0,-0.08290155,0.0,-0.08290155,68,False,False,False,filtered_topk,0.0,filtered_top200,68
RES,3459,416,4602,0.082901554404145,0.0194843,0.1416631,-0.12217881,-0.29580614,0.29580614,0.4437828,0.5562172,0.11243439,4.2329603e-21,True,0.1,0.01709845,0.02,-0.06290156,69,False,False,False,filtered_topk,0.0,filtered_top200,69
RES,29191,416,4602,0.082901554404145,0.02289288,0.1487367,-0.12584382,-0.29516166,0.29516166,0.447848,0.55215204,0.104304016,0.0,True,0.0,-0.08290155,0.0,-0.08290155,70,False,False,False,filtered_topk,0.0,filtered_top200,70
RES,19079,416,4602,0.082901554404145,0.06731239,0.018346727,0.048965663,0.29480442,0.29480442,0.5238021,0.5238021,0.047604203,0.0024722116,True,0.4,0.31709844,0.2,0.11709845,71,False,False,False,filtered_topk,0.0,filtered_top200,71
RES,6623,416,4602,0.082901554404145,0.00794396,0.07417504,-0.06623108,-0.29411516,0.29411516,0.452044,0.547956,0.09591198,0.0,True,0.0,-0.08290155,0.0,-0.08290155,72,False,False,False,filtered_topk,0.0,filtered_top200,72
RES,11169,416,4602,0.082901554404145,0.087336615,0.19238026,-0.10504365,-0.29369694,0.29369694,0.43421572,0.5657843,0.13156855,4.330739e-14,True,0.0,-0.08290155,0.02,-0.06290156,73,False,False,False,filtered_topk,0.0,filtered_top200,73
RES,31701,416,4602,0.082901554404145,0.08255709,0.31101924,-0.22846216,-0.2929698,0.2929698,0.44843352,0.5515665,0.10313296,1.0126589999999999e-20,True,0.0,-0.08290155,0.0,-0.08290155,74,False,False,False,filtered_topk,0.0,filtered_top200,74
RES,27859,416,4602,0.082901554404145,0.10775522,0.05336844,0.05438678,0.29276666,0.29276666,0.55473083,0.55473083,0.109461665,1.4426652e-06,True,0.0,-0.08290155,0.06,-0.022901554,75,False,False,False,filtered_topk,0.0,filtered_top200,75
RES,22285,416,4602,0.082901554404145,0.020221416,0.09638175,-0.07616034,-0.29257026,0.29257026,0.44769806,0.55230194,0.10460389,1.4794991e-25,True,0.0,-0.08290155,0.02,-0.06290156,76,False,False,False,filtered_topk,0.0,filtered_top200,76
RES,23990,416,4602,0.082901554404145,0.0948815,0.20257327,-0.10769177,-0.2908804,0.2908804,0.43459913,0.56540084,0.13080174,5.1055687e-14,True,0.0,-0.08290155,0.02,-0.06290156,77,False,False,False,filtered_topk,0.0,filtered_top200,77
RES,5860,416,4602,0.082901554404145,0.12689678,0.241539,-0.11464222,-0.29043242,0.29043242,0.43460226,0.56539774,0.13079548,2.3667065e-13,True,0.0,-0.08290155,0.02,-0.06290156,78,False,False,False,filtered_topk,0.0,filtered_top200,78
RES,8023,416,4602,0.082901554404145,0.03163499,0.005207909,0.02642708,0.28977636,0.28977636,0.50870544,0.50870544,0.017410874,0.009896442,True,0.6,0.5170985,0.22,0.13709845,79,False,False,False,filtered_topk,0.0,filtered_top200,79
RES,19892,416,4602,0.082901554404145,0.060715895,0.016624056,0.04409184,0.28930512,0.28930512,0.51286364,0.51286364,0.025727272,0.0039250874,True,0.6,0.5170985,0.26,0.17709844,80,False,False,False,filtered_topk,0.0,filtered_top200,80
RES,2706,416,4602,0.082901554404145,0.021235539,0.13052876,-0.10929322,-0.2885911,0.2885911,0.445459,0.554541,0.10908198,2.1034532999999999e-23,True,0.0,-0.08290155,0.04,-0.042901553,81,False,False,False,filtered_topk,0.0,filtered_top200,81
RES,31813,416,4602,0.082901554404145,0.09053392,0.23382667,-0.14329275,-0.28841966,0.28841966,0.4408668,0.5591332,0.1182664,4.1615615e-17,True,0.0,-0.08290155,0.0,-0.08290155,82,False,False,False,filtered_topk,0.0,filtered_top200,82
RES,6349,416,4602,0.082901554404145,0.033015326,0.007381302,0.025634024,0.28840327,0.28840327,0.5157804,0.5157804,0.03156078,0.0016888736,True,0.3,0.21709846,0.3,0.21709846,83,False,False,False,filtered_topk,0.0,filtered_top200,83
RES,31956,416,4602,0.082901554404145,0.025184045,0.0895959,-0.064411856,-0.28526288,0.28526288,0.45299911,0.5470009,0.09400177,2.1589383e-19,True,0.0,-0.08290155,0.0,-0.08290155,84,False,False,False,filtered_topk,0.0,filtered_top200,84
RES,9888,416,4602,0.082901554404145,0.099703275,0.20658945,-0.10688617,-0.28469947,0.28469947,0.43948832,0.5605117,0.12102336,2.0380605e-14,True,0.0,-0.08290155,0.02,-0.06290156,85,False,False,False,filtered_topk,0.0,filtered_top200,85
RES,14836,416,4602,0.082901554404145,0.005953275,0.00043798893,0.0055152862,0.2846358,0.2846358,0.50666827,0.50666827,0.013336539,0.026576858,False,0.5,0.41709846,0.24,0.15709844,86,False,False,False,filtered_topk,0.0,filtered_top200,86
RES,32273,416,4602,0.082901554404145,0.08890944,0.22633289,-0.13742346,-0.28437948,0.28437948,0.4292281,0.57077193,0.1415438,6.0182775e-14,True,0.1,0.01709845,0.06,-0.022901554,87,False,False,False,filtered_topk,0.0,filtered_top200,87
RES,30030,416,4602,0.082901554404145,0.016817532,0.09731588,-0.080498345,-0.28374332,0.28374332,0.4526925,0.5473075,0.09461498,2.097647e-28,True,0.0,-0.08290155,0.0,-0.08290155,88,False,False,False,filtered_topk,0.0,filtered_top200,88
RES,21203,416,4602,0.082901554404145,0.008807843,0.0821191,-0.073311254,-0.2825562,0.2825562,0.45238248,0.54761755,0.09523505,5.977921e-29,True,0.0,-0.08290155,0.02,-0.06290156,89,False,False,False,filtered_topk,0.0,filtered_top200,89
RES,28548,416,4602,0.082901554404145,0.16310471,0.37864056,-0.21553585,-0.28106523,0.28106523,0.4360544,0.5639456,0.12789118,4.8296606e-11,True,0.2,0.11709845,0.1,0.01709845,90,False,False,False,filtered_topk,0.0,filtered_top200,90
RES,846,416,4602,0.082901554404145,0.017066369,0.0032238022,0.013842567,0.27933088,0.27933088,0.51279336,0.51279336,0.025586724,0.004024679,True,0.3,0.21709846,0.28,0.19709845,91,False,False,False,filtered_topk,0.0,filtered_top200,91
RES,26485,416,4602,0.082901554404145,0.25369966,0.39331236,-0.1396127,-0.27907994,0.27907994,0.43370774,0.5662923,0.13258451,1.0287139e-12,True,0.0,-0.08290155,0.0,-0.08290155,92,False,False,False,filtered_topk,0.0,filtered_top200,92
RES,19038,416,4602,0.082901554404145,0.026789738,0.18134949,-0.15455975,-0.2786707,0.2786707,0.449672,0.550328,0.10065597,7.337065999999999e-24,True,0.1,0.01709845,0.02,-0.06290156,93,False,False,False,filtered_topk,0.0,filtered_top200,93
RES,23888,416,4602,0.082901554404145,0.23154391,0.42735708,-0.19581316,-0.2783293,0.2783293,0.4336858,0.5663142,0.13262838,9.8742556e-11,True,0.0,-0.08290155,0.08,-0.002901554,94,False,False,False,filtered_topk,0.0,filtered_top200,94
RES,2342,416,4602,0.082901554404145,0.03309514,0.11998944,-0.0868943,-0.27826515,0.27826515,0.44962814,0.5503719,0.10074371,3.259148e-21,True,0.0,-0.08290155,0.0,-0.08290155,95,False,False,False,filtered_topk,0.0,filtered_top200,95
RES,10913,416,4602,0.082901554404145,0.04007662,0.011434397,0.028642224,0.27771166,0.27771166,0.5161181,0.5161181,0.03223622,0.0019653891,True,0.3,0.21709846,0.3,0.21709846,96,False,False,False,filtered_topk,0.0,filtered_top200,96
RES,22903,416,4602,0.082901554404145,0.029747596,0.20992783,-0.18018024,-0.27721953,0.27721953,0.43063426,0.56936574,0.13873148,1.7654951999999997e-37,True,0.0,-0.08290155,0.0,-0.08290155,97,False,False,False,filtered_topk,0.0,filtered_top200,97
RES,25414,416,4602,0.082901554404145,0.16058819,0.29937604,-0.13878785,-0.27657002,0.27657002,0.43446672,0.5655333,0.13106656,1.5557167e-11,True,0.0,-0.08290155,0.04,-0.042901553,98,False,False,False,filtered_topk,0.0,filtered_top200,98
RES,24984,416,4602,0.082901554404145,0.06531231,0.16300446,-0.09769215,-0.2763381,0.2763381,0.44310635,0.55689365,0.11378729,5.2088075e-15,True,0.0,-0.08290155,0.02,-0.06290156,99,False,False,False,filtered_topk,0.0,filtered_top200,99
RES,21859,416,4602,0.082901554404145,0.001539964,0.041905608,-0.040365644,-0.27541113,0.27541113,0.46108872,0.5389113,0.077822566,0.0,True,0.0,-0.08290155,0.0,-0.08290155,100,False,False,False,filtered_topk,0.0,filtered_top200,100
RES,27508,416,4602,0.082901554404145,0.04311899,0.17304,-0.12992102,-0.2748028,0.2748028,0.44630054,0.5536995,0.10739893,2.7369906e-16,True,0.0,-0.08290155,0.06,-0.022901554,101,False,False,False,filtered_topk,0.0,filtered_top200,101
RES,9993,416,4602,0.082901554404145,0.66399676,0.8229099,-0.15891314,-0.27392828,0.27392828,0.41823944,0.5817605,0.16352111,2.630398e-08,True,0.0,-0.08290155,0.02,-0.06290156,102,False,False,False,filtered_topk,0.0,filtered_top200,102
RES,14875,416,4602,0.082901554404145,0.29402044,0.19676398,0.09725647,0.2728592,0.2728592,0.556457,0.556457,0.112913966,1.8950893e-06,True,0.1,0.01709845,0.08,-0.002901554,103,False,False,False,filtered_topk,0.0,filtered_top200,103
RES,26391,416,4602,0.082901554404145,0.017085148,0.12540065,-0.1083155,-0.27257702,0.27257702,0.45093557,0.5490644,0.098128855,1.6413748000000002e-38,True,0.0,-0.08290155,0.0,-0.08290155,104,False,False,False,filtered_topk,0.0,filtered_top200,104
RES,3848,416,4602,0.082901554404145,0.30480018,0.5009023,-0.19610211,-0.27230307,0.27230307,0.4275208,0.5724792,0.14495838,2.1981545e-09,True,0.1,0.01709845,0.06,-0.022901554,105,False,False,False,filtered_topk,0.0,filtered_top200,105
RES,9069,416,4602,0.082901554404145,0.038029596,0.117709525,-0.07967993,-0.2721069,0.2721069,0.4510693,0.5489307,0.09786141,5.445212999999999e-20,True,0.0,-0.08290155,0.0,-0.08290155,106,False,False,False,filtered_topk,0.0,filtered_top200,106
RES,7857,416,4602,0.082901554404145,0.08136925,0.16522452,-0.08385527,-0.27178144,0.27178144,0.4395267,0.5604733,0.120946586,1.3809819e-11,True,0.1,0.01709845,0.04,-0.042901553,107,False,False,False,filtered_topk,0.0,filtered_top200,107
RES,22970,416,4602,0.082901554404145,0.07035475,0.14033513,-0.069980375,-0.27164468,0.27164468,0.44131106,0.55868894,0.11737788,6.071669e-11,True,0.1,0.01709845,0.04,-0.042901553,108,False,False,False,filtered_topk,0.0,filtered_top200,108
RES,7472,416,4602,0.082901554404145,0.030569224,0.0034355817,0.027133642,0.271002,0.271002,0.50505894,0.50505894,0.010117888,0.062520206,False,0.5,0.41709846,0.16,0.077098444,109,False,False,False,filtered_topk,0.0,filtered_top200,109
RES,12593,416,4602,0.082901554404145,0.02924523,0.20890076,-0.17965554,-0.26994884,0.26994884,0.44042045,0.55957955,0.1191591,0.0,True,0.0,-0.08290155,0.0,-0.08290155,110,False,False,False,filtered_topk,0.0,filtered_top200,110
RES,5413,416,4602,0.082901554404145,0.21180138,0.3576642,-0.14586282,-0.26787877,0.26787877,0.42140618,0.57859385,0.15718764,3.305955e-09,True,0.1,0.01709845,0.1,0.01709845,111,False,False,False,filtered_topk,0.0,filtered_top200,111
RES,26673,416,4602,0.082901554404145,0.018103966,0.093624376,-0.07552041,-0.26745567,0.26745567,0.45974863,0.5402514,0.08050275,2.642709e-24,True,0.0,-0.08290155,0.0,-0.08290155,112,False,False,False,filtered_topk,0.0,filtered_top200,112
RES,18646,416,4602,0.082901554404145,0.040269118,0.13509157,-0.09482245,-0.26720467,0.26720467,0.4451182,0.5548818,0.10976362,1.0378254e-13,True,0.0,-0.08290155,0.04,-0.042901553,113,False,False,False,filtered_topk,0.0,filtered_top200,113
RES,983,416,4602,0.082901554404145,0.06547194,0.14313792,-0.07766598,-0.26698807,0.26698807,0.4421173,0.55788267,0.11576539,1.178862e-11,True,0.0,-0.08290155,0.02,-0.06290156,114,False,False,False,filtered_topk,0.0,filtered_top200,114
RES,31206,416,4602,0.082901554404145,0.0013146034,0.07438596,-0.07307136,-0.26655757,0.26655757,0.46311623,0.5368838,0.07376754,0.0,True,0.0,-0.08290155,0.0,-0.08290155,115,False,False,False,filtered_topk,0.0,filtered_top200,115
RES,15437,416,4602,0.082901554404145,0.14832951,0.2685878,-0.12025829,-0.26612145,0.26612145,0.43698078,0.5630192,0.12603843,1.10772516e-10,True,0.0,-0.08290155,0.02,-0.06290156,116,False,False,False,filtered_topk,0.0,filtered_top200,116
RES,22358,416,4602,0.082901554404145,0.017014723,0.16217643,-0.1451617,-0.26596105,0.26596105,0.46521372,0.5347863,0.06957257,4.8337255e-28,True,0.0,-0.08290155,0.02,-0.06290156,117,False,False,False,filtered_topk,0.0,filtered_top200,117
RES,18990,416,4602,0.082901554404145,0.030024601,0.18897821,-0.1589536,-0.2653299,0.2653299,0.45451757,0.5454824,0.090964854,4.6168641999999996e-36,True,0.0,-0.08290155,0.0,-0.08290155,118,False,False,False,filtered_topk,0.0,filtered_top200,118
RES,31246,416,4602,0.082901554404145,0.0,0.1114529,-0.1114529,-0.26413718,0.26413718,0.46219036,0.5378096,0.07561928,0.0,True,0.0,-0.08290155,0.0,-0.08290155,119,False,False,False,filtered_topk,0.0,filtered_top200,119
RES,6835,416,4602,0.082901554404145,0.0048546423,0.048653267,-0.043798625,-0.2634256,0.2634256,0.4643649,0.5356351,0.07127023,2.349787e-33,True,0.0,-0.08290155,0.0,-0.08290155,120,False,False,False,filtered_topk,0.0,filtered_top200,120
RES,14247,416,4602,0.082901554404145,0.0049767126,0.1187646,-0.11378789,-0.26326117,0.26326117,0.45556176,0.54443824,0.088876486,0.0,True,0.0,-0.08290155,0.0,-0.08290155,121,False,False,False,filtered_topk,0.0,filtered_top200,121
RES,677,416,4602,0.082901554404145,0.015183669,0.0028515966,0.0123320725,0.26320446,0.26320446,0.51071364,0.51071364,0.021427274,0.007143602,True,0.2,0.11709845,0.3,0.21709846,122,False,False,False,filtered_topk,0.0,filtered_top200,122
RES,31116,416,4602,0.082901554404145,0.04700646,0.2304208,-0.18341434,-0.26254275,0.26254275,0.46166644,0.53833354,0.07666713,4.409385999999999e-19,True,0.0,-0.08290155,0.06,-0.022901554,123,False,False,False,filtered_topk,0.0,filtered_top200,123
RES,11339,416,4602,0.082901554404145,0.21136944,0.10545687,0.10591257,0.26120767,0.26120767,0.5318713,0.5318713,0.06374264,0.0010658122,True,0.5,0.41709846,0.2,0.11709845,124,False,False,False,filtered_topk,0.0,filtered_top200,124
RES,3673,416,4602,0.082901554404145,0.3568068,0.51184607,-0.15503925,-0.26114658,0.26114658,0.4309824,0.5690176,0.13803518,1.0641823e-08,True,0.0,-0.08290155,0.02,-0.06290156,125,False,False,False,filtered_topk,0.0,filtered_top200,125
RES,5332,416,4602,0.082901554404145,0.024216872,0.078953445,-0.054736573,-0.26109782,0.26109782,0.4524363,0.5475637,0.095127404,1.28988755e-11,True,0.1,0.01709845,0.08,-0.002901554,126,False,False,False,filtered_topk,0.0,filtered_top200,126
RES,26511,416,4602,0.082901554404145,0.016080417,0.08202149,-0.06594107,-0.26079085,0.26079085,0.45869246,0.54130757,0.08261508,1.3594233e-23,True,0.0,-0.08290155,0.0,-0.08290155,127,False,False,False,filtered_topk,0.0,filtered_top200,127
RES,16045,416,4602,0.082901554404145,0.23874137,0.41190565,-0.17316428,-0.25865045,0.25865045,0.44139436,0.5586057,0.11721128,2.402515e-09,True,0.0,-0.08290155,0.02,-0.06290156,128,False,False,False,filtered_topk,0.0,filtered_top200,128
RES,26578,416,4602,0.082901554404145,0.019733135,0.0026466073,0.017086528,0.2585776,0.2585776,0.5062666,0.5062666,0.012533188,0.03655818,False,0.5,0.41709846,0.22,0.13709845,129,False,False,False,filtered_topk,0.0,filtered_top200,129
RES,21183,416,4602,0.082901554404145,0.04853234,0.012026446,0.036505893,0.25813383,0.25813383,0.51278,0.51278,0.025560021,0.0048987437,True,0.5,0.41709846,0.26,0.17709844,130,False,False,False,filtered_topk,0.0,filtered_top200,130
RES,2995,416,4602,0.082901554404145,0.40105262,0.27416325,0.12688938,0.25763646,0.25763646,0.5716479,0.5716479,0.14329576,3.61155e-06,True,0.0,-0.08290155,0.08,-0.002901554,131,False,False,False,filtered_topk,0.0,filtered_top200,131
RES,28931,416,4602,0.082901554404145,0.03713285,0.105604135,-0.06847128,-0.25707644,0.25707644,0.45536876,0.54463124,0.089262486,6.65606e-16,True,0.0,-0.08290155,0.0,-0.08290155,132,False,False,False,filtered_topk,0.0,filtered_top200,132
RES,7851,416,4602,0.082901554404145,0.011230469,0.094751604,-0.083521135,-0.25651085,0.25651085,0.4617581,0.53824186,0.076483786,6.165632e-27,True,0.0,-0.08290155,0.02,-0.06290156,133,False,False,False,filtered_topk,0.0,filtered_top200,133
RES,19179,416,4602,0.082901554404145,0.056171123,0.020576566,0.035594556,0.2558622,0.2558622,0.51985055,0.51985055,0.039701104,0.0020589249,True,0.4,0.31709844,0.24,0.15709844,134,False,False,False,filtered_topk,0.0,filtered_top200,134
RES,15557,416,4602,0.082901554404145,0.029465895,0.0068223565,0.022643538,0.2557438,0.2557438,0.51153606,0.51153606,0.023072124,0.006777731,True,0.5,0.41709846,0.26,0.17709844,135,False,False,False,filtered_topk,0.0,filtered_top200,135
RES,23077,416,4602,0.082901554404145,0.4929293,0.3833689,0.1095604,0.25547388,0.25547388,0.56266403,0.56266403,0.12532806,1.0032944e-05,True,0.1,0.01709845,0.08,-0.002901554,136,False,False,False,filtered_topk,0.0,filtered_top200,136
RES,9827,416,4602,0.082901554404145,0.009159968,0.07712,-0.06796003,-0.2554582,0.2554582,0.4608291,0.53917086,0.07834178,9.042782000000001e-25,True,0.0,-0.08290155,0.0,-0.08290155,137,False,False,False,filtered_topk,0.0,filtered_top200,137
RES,5042,416,4602,0.082901554404145,0.07619535,0.16914606,-0.09295071,-0.25516662,0.25516662,0.44367364,0.5563264,0.11265272,5.0879738e-11,True,0.0,-0.08290155,0.02,-0.06290156,138,False,False,False,filtered_topk,0.0,filtered_top200,138
RES,29091,416,4602,0.082901554404145,0.02357835,0.077687435,-0.054109085,-0.25511184,0.25511184,0.45903093,0.5409691,0.08193815,1.3178219000000002e-16,True,0.0,-0.08290155,0.0,-0.08290155,139,False,False,False,filtered_topk,0.0,filtered_top200,139
RES,32508,416,4602,0.082901554404145,0.007760855,0.055755734,-0.04799488,-0.25478494,0.25478494,0.4638308,0.5361692,0.0723384,2.93455e-30,True,0.0,-0.08290155,0.0,-0.08290155,140,False,False,False,filtered_topk,0.0,filtered_top200,140
RES,22547,416,4602,0.082901554404145,0.0646644,0.17369996,-0.10903556,-0.25451377,0.25451377,0.4463102,0.55368984,0.107379615,1.9508906e-12,True,0.0,-0.08290155,0.04,-0.042901553,141,False,False,False,filtered_topk,0.0,filtered_top200,141
RES,14014,416,4602,0.082901554404145,0.013948881,0.15820779,-0.1442589,-0.25437993,0.25437993,0.45770103,0.542299,0.084597945,0.0,True,0.0,-0.08290155,0.0,-0.08290155,142,False,False,False,filtered_topk,0.0,filtered_top200,142
RES,10922,416,4602,0.082901554404145,0.011770396,0.0011964057,0.01057399,0.25326365,0.25326365,0.50503886,0.50503886,0.010077715,0.054763127,False,0.4,0.31709844,0.2,0.11709845,143,False,False,False,filtered_topk,0.0,filtered_top200,143
RES,17609,416,4602,0.082901554404145,0.020733174,0.0040480024,0.016685171,0.2531229,0.2531229,0.5107188,0.5107188,0.021437645,0.008379081,True,0.2,0.11709845,0.3,0.21709846,144,False,False,False,filtered_topk,0.0,filtered_top200,144
RES,9537,416,4602,0.082901554404145,0.40695894,0.25478563,0.15217331,0.2530606,0.2530606,0.544748,0.544748,0.08949602,2.2906232e-05,True,0.1,0.01709845,0.1,0.01709845,145,False,False,False,filtered_topk,0.0,filtered_top200,145
RES,93,416,4602,0.082901554404145,0.060983513,0.023344131,0.03763938,0.25304323,0.25304323,0.52601975,0.52601975,0.052039504,0.0006966421,True,0.2,0.11709845,0.18,0.097098455,146,False,False,False,filtered_topk,0.0,filtered_top200,146
RES,26263,416,4602,0.082901554404145,0.36789176,0.63317794,-0.26528618,-0.25295544,0.25295544,0.44421896,0.555781,0.11156207,1.4833445e-08,True,0.0,-0.08290155,0.04,-0.042901553,147,False,False,False,filtered_topk,0.0,filtered_top200,147
RES,32486,416,4602,0.082901554404145,0.004732572,0.059471425,-0.054738853,-0.2528652,0.2528652,0.46296892,0.53703105,0.07406217,2.4982e-35,True,0.0,-0.08290155,0.0,-0.08290155,148,False,False,False,filtered_topk,0.0,filtered_top200,148
RES,16252,416,4602,0.082901554404145,0.03489333,0.10915813,-0.074264795,-0.25255957,0.25255957,0.45134667,0.54865336,0.09730667,1.0694817e-14,True,0.0,-0.08290155,0.02,-0.06290156,149,False,False,False,filtered_topk,0.0,filtered_top200,149
RES,8089,416,4602,0.082901554404145,0.0013615534,0.04409513,-0.042733576,-0.2525243,0.2525243,0.4657875,0.53421247,0.068425,0.0,True,0.0,-0.08290155,0.0,-0.08290155,150,False,False,False,filtered_topk,0.0,filtered_top200,150
RES,3421,416,4602,0.082901554404145,0.10922945,0.059587713,0.04964174,0.25205916,0.25205916,0.5358686,0.5358686,0.07173717,0.00013377672,True,0.1,0.01709845,0.12,0.037098445,151,False,False,False,filtered_topk,0.0,filtered_top200,151
RES,4915,416,4602,0.082901554404145,0.0032019983,0.048176233,-0.044974234,-0.25185925,0.25185925,0.46625343,0.5337466,0.06749314,7.089325e-35,True,0.0,-0.08290155,0.0,-0.08290155,152,False,False,False,filtered_topk,0.0,filtered_top200,152
RES,7934,416,4602,0.082901554404145,0.49250677,0.65296763,-0.16046086,-0.25170556,0.25170556,0.43019417,0.56980586,0.13961166,4.6779196e-08,True,0.0,-0.08290155,0.04,-0.042901553,153,False,False,False,filtered_topk,0.0,filtered_top200,153
RES,17247,416,4602,0.082901554404145,0.0075448845,0.051422954,-0.04387807,-0.25156495,0.25156495,0.46505725,0.53494275,0.06988549,9.899868999999999e-26,True,0.0,-0.08290155,0.0,-0.08290155,154,False,False,False,filtered_topk,0.0,filtered_top200,154
RES,1913,416,4602,0.082901554404145,0.08867939,0.1721984,-0.08351901,-0.25146484,0.25146484,0.44984883,0.55015117,0.10030234,2.0596448e-10,True,0.0,-0.08290155,0.0,-0.08290155,155,False,False,False,filtered_topk,0.0,filtered_top200,155
RES,28035,416,4602,0.082901554404145,0.014592097,0.18733661,-0.17274451,-0.25024483,0.25024483,0.45916647,0.54083353,0.081667066,0.0,True,0.0,-0.08290155,0.0,-0.08290155,156,False,False,False,filtered_topk,0.0,filtered_top200,156
RES,19403,416,4602,0.082901554404145,0.0045917216,0.056359667,-0.051767945,-0.24964032,0.24964032,0.46545348,0.5345465,0.06909305,2.7381607e-34,True,0.0,-0.08290155,0.0,-0.08290155,157,False,False,False,filtered_topk,0.0,filtered_top200,157
RES,5628,416,4602,0.082901554404145,0.03625019,0.10149035,-0.06524016,-0.24943908,0.24943908,0.45765036,0.54234964,0.08469927,4.0172032e-13,True,0.0,-0.08290155,0.02,-0.06290156,158,False,False,False,filtered_topk,0.0,filtered_top200,158
RES,15998,416,4602,0.082901554404145,0.05453726,0.013935008,0.040602252,0.2493886,0.2493886,0.514643,0.514643,0.029286027,0.0033967546,True,0.1,0.01709845,0.26,0.17709844,159,False,False,False,filtered_topk,0.0,filtered_top200,159
RES,19427,416,4602,0.082901554404145,0.061931904,0.1643791,-0.1024472,-0.24934568,0.24934568,0.4490995,0.55090046,0.10180098,3.1675006e-11,True,0.0,-0.08290155,0.06,-0.022901554,160,False,False,False,filtered_topk,0.0,filtered_top200,160
RES,18659,416,4602,0.082901554404145,0.10681152,0.056046452,0.05076507,0.24811706,0.24811706,0.55058104,0.55058104,0.101162076,2.1141943e-05,True,0.0,-0.08290155,0.1,0.01709845,161,False,False,False,filtered_topk,0.0,filtered_top200,161
RES,5032,416,4602,0.082901554404145,0.10023851,0.18055117,-0.08031266,-0.24777974,0.24777974,0.44673198,0.553268,0.10653603,6.955589e-10,True,0.0,-0.08290155,0.02,-0.06290156,162,False,False,False,filtered_topk,0.0,filtered_top200,162
RES,26634,416,4602,0.082901554404145,0.12479342,0.29328662,-0.16849321,-0.24777275,0.24777275,0.44717467,0.55282533,0.10565066,1.0984488e-10,True,0.0,-0.08290155,0.06,-0.022901554,163,False,False,False,filtered_topk,0.0,filtered_top200,163
RES,30208,416,4602,0.082901554404145,0.014822153,0.08697136,-0.0721492,-0.2473777,0.2473777,0.4646911,0.5353089,0.070617795,5.8096474e-24,True,0.0,-0.08290155,0.02,-0.06290156,164,False,False,False,filtered_topk,0.0,filtered_top200,164
RES,14833,416,4602,0.082901554404145,0.0010235126,0.11492668,-0.113903165,-0.24714728,0.24714728,0.46450722,0.5354928,0.070985556,0.0,True,0.0,-0.08290155,0.0,-0.08290155,165,False,False,False,filtered_topk,0.0,filtered_top200,165
RES,7374,416,4602,0.082901554404145,0.040921725,0.124092616,-0.08317089,-0.24713229,0.24713229,0.4543726,0.54562736,0.09125477,2.677467e-12,True,0.0,-0.08290155,0.04,-0.042901553,166,False,False,False,filtered_topk,0.0,filtered_top200,166
RES,21803,416,4602,0.082901554404145,0.015883226,0.0019403928,0.013942833,0.24682593,0.24682593,0.50822043,0.50822043,0.016440868,0.01829673,True,0.7,0.61709845,0.24,0.15709844,167,False,False,False,filtered_topk,0.0,filtered_top200,167
RES,1107,416,4602,0.082901554404145,0.034038838,0.12688947,-0.092850626,-0.24594781,0.24594781,0.45780995,0.5421901,0.08438009,2.852165e-20,True,0.0,-0.08290155,0.0,-0.08290155,168,False,False,False,filtered_topk,0.0,filtered_top200,168
RES,11776,416,4602,0.082901554404145,0.0136484,0.0030710152,0.010577384,0.24586281,0.24586281,0.5111675,0.5111675,0.022335052,0.0073960857,True,0.4,0.31709844,0.24,0.15709844,169,False,False,False,filtered_topk,0.0,filtered_top200,169
RES,16735,416,4602,0.082901554404145,0.002779447,0.091558784,-0.08877934,-0.24518219,0.24518219,0.46687216,0.53312784,0.06625569,0.0,True,0.0,-0.08290155,0.0,-0.08290155,170,False,False,False,filtered_topk,0.0,filtered_top200,170
RES,21610,416,4602,0.082901554404145,0.229957,0.3151763,-0.08521931,-0.24505652,0.24505652,0.4344529,0.5655471,0.13109422,7.244875e-08,True,0.0,-0.08290155,0.0,-0.08290155,171,False,False,False,filtered_topk,0.0,filtered_top200,171
RES,19013,416,4602,0.082901554404145,0.012343187,0.12817669,-0.115833506,-0.24469575,0.24469575,0.45967576,0.5403242,0.08064848,7.803962000000001e-27,True,0.0,-0.08290155,0.02,-0.06290156,172,False,False,False,filtered_topk,0.0,filtered_top200,172
RES,24397,416,4602,0.082901554404145,0.016535832,0.059516836,-0.042981006,-0.2442278,0.2442278,0.4630039,0.5369961,0.07399219,2.8631312e-15,True,0.0,-0.08290155,0.0,-0.08290155,173,False,False,False,filtered_topk,0.0,filtered_top200,173
RES,24665,416,4602,0.082901554404145,0.056847207,0.0131460335,0.043701172,0.24357294,0.24357294,0.50875115,0.50875115,0.017502308,0.014847056,True,0.5,0.41709846,0.24,0.15709844,174,False,False,False,filtered_topk,0.0,filtered_top200,174
RES,3293,416,4602,0.082901554404145,0.1274508,0.25470075,-0.12724996,-0.24263632,0.24263632,0.4467782,0.5532218,0.106443584,1.2812061e-10,True,0.0,-0.08290155,0.02,-0.06290156,175,False,False,False,filtered_topk,0.0,filtered_top200,175
RES,22036,416,4602,0.082901554404145,0.014662523,0.0031397694,0.011522753,0.24246359,0.24246359,0.5111814,0.5111814,0.022362828,0.011880039,True,0.4,0.31709844,0.24,0.15709844,176,False,False,False,filtered_topk,0.0,filtered_top200,176
RES,11733,416,4602,0.082901554404145,0.007450984,0.05444389,-0.046992905,-0.24230558,0.24230558,0.46559972,0.5344003,0.06880057,2.3587792999999997e-18,True,0.1,0.01709845,0.02,-0.06290156,177,False,False,False,filtered_topk,0.0,filtered_top200,177
RES,20632,416,4602,0.082901554404145,0.010629507,0.002116522,0.008512985,0.24213673,0.24213673,0.50962245,0.50962245,0.01924491,0.011521716,True,0.4,0.31709844,0.26,0.17709844,178,False,False,False,filtered_topk,0.0,filtered_top200,178
RES,23672,416,4602,0.082901554404145,0.23714505,0.35341886,-0.116273805,-0.24200955,0.24200955,0.43965992,0.56034005,0.12068015,4.0108258e-08,True,0.0,-0.08290155,0.04,-0.042901553,179,False,False,False,filtered_topk,0.0,filtered_top200,179
RES,28066,416,4602,0.082901554404145,0.0009436974,0.1108808,-0.1099371,-0.24197794,0.24197794,0.4674444,0.5325556,0.06511122,0.0,True,0.0,-0.08290155,0.0,-0.08290155,180,False,False,False,filtered_topk,0.0,filtered_top200,180
RES,27211,416,4602,0.082901554404145,0.005925105,0.06475785,-0.058832742,-0.24190585,0.24190585,0.46557257,0.5344274,0.06885487,2.2239578e-29,True,0.0,-0.08290155,0.0,-0.08290155,181,False,False,False,filtered_topk,0.0,filtered_top200,181
RES,25210,416,4602,0.082901554404145,0.0096013,0.063023716,-0.053422417,-0.24136965,0.24136965,0.46352887,0.5364711,0.07294226,8.8341074e-23,True,0.0,-0.08290155,0.0,-0.08290155,182,False,False,False,filtered_topk,0.0,filtered_top200,182
RES,252,416,4602,0.082901554404145,0.026939979,0.08519479,-0.05825481,-0.2409067,0.2409067,0.46077192,0.5392281,0.07845616,7.048038e-13,True,0.0,-0.08290155,0.04,-0.042901553,183,False,False,False,filtered_topk,0.0,filtered_top200,183
RES,3887,416,4602,0.082901554404145,0.0022254358,0.05477408,-0.052548643,-0.240638,0.240638,0.46634355,0.5336565,0.067312896,0.0,True,0.0,-0.08290155,0.0,-0.08290155,184,False,False,False,filtered_topk,0.0,filtered_top200,184
RES,28215,416,4602,0.082901554404145,0.0015024039,0.04100374,-0.03950134,-0.24041772,0.24041772,0.4664736,0.5335264,0.06705278,3.23397e-40,True,0.0,-0.08290155,0.0,-0.08290155,185,False,False,False,filtered_topk,0.0,filtered_top200,185
RES,11896,416,4602,0.082901554404145,0.28744742,0.40976578,-0.12231836,-0.24017903,0.24017903,0.4308453,0.56915474,0.13830942,2.3867395e-07,True,0.1,0.01709845,0.06,-0.022901554,186,False,False,False,filtered_topk,0.0,filtered_top200,186
RES,5418,416,4602,0.082901554404145,0.0049344576,0.043011617,-0.03807716,-0.24005277,0.24005277,0.46722865,0.53277135,0.0655427,9.6605355e-27,True,0.0,-0.08290155,0.0,-0.08290155,187,False,False,False,filtered_topk,0.0,filtered_top200,187
RES,28270,416,4602,0.082901554404145,0.029099684,0.0068983254,0.02220136,0.23973273,0.23973273,0.5107507,0.5107507,0.021501422,0.008821821,True,0.4,0.31709844,0.24,0.15709844,188,False,False,False,filtered_topk,0.0,filtered_top200,188
RES,2013,416,4602,0.082901554404145,0.03995455,0.0143865775,0.025567973,0.23965427,0.23965427,0.5165981,0.5165981,0.03319621,0.0047974004,True,0.4,0.31709844,0.18,0.097098455,189,False,False,False,filtered_topk,0.0,filtered_top200,189
RES,30148,416,4602,0.082901554404145,0.032912035,0.08034083,-0.047428798,-0.23960368,0.23960368,0.45769867,0.5423013,0.084602654,1.00391646e-10,True,0.0,-0.08290155,0.02,-0.06290156,190,False,False,False,filtered_topk,0.0,filtered_top200,190
RES,19930,416,4602,0.082901554404145,0.0035963792,0.050663266,-0.047066886,-0.23849688,0.23849688,0.46903834,0.53096163,0.061923325,9.695035e-36,True,0.0,-0.08290155,0.0,-0.08290155,191,False,False,False,filtered_topk,0.0,filtered_top200,191
RES,32535,416,4602,0.082901554404145,0.017911471,0.06753475,-0.04962328,-0.23829022,0.23829022,0.46342334,0.5365766,0.07315332,3.644927e-16,True,0.0,-0.08290155,0.0,-0.08290155,192,False,False,False,filtered_topk,0.0,filtered_top200,192
RES,13303,416,4602,0.082901554404145,0.0032677283,0.044818744,-0.041551016,-0.23779857,0.23779857,0.46846402,0.531536,0.063071966,5.69381e-22,True,0.0,-0.08290155,0.02,-0.06290156,193,False,False,False,filtered_topk,0.0,filtered_top200,193
RES,8199,416,4602,0.082901554404145,0.61828613,0.920407,-0.30212086,-0.23759156,0.23759156,0.43174216,0.5682578,0.13651568,2.5154074e-07,True,0.0,-0.08290155,0.04,-0.042901553,194,False,False,False,filtered_topk,0.0,filtered_top200,194
RES,6885,416,4602,0.082901554404145,0.0,0.035762303,-0.035762303,-0.237448,0.237448,0.4751195,0.5248805,0.049760997,0.0,True,0.0,-0.08290155,0.0,-0.08290155,195,False,False,False,filtered_topk,0.0,filtered_top200,195
RES,17789,416,4602,0.082901554404145,0.10261418,0.028884351,0.07372983,0.23730178,0.23730178,0.5120385,0.5120385,0.024077058,0.0066207163,True,0.5,0.41709846,0.24,0.15709844,196,False,False,False,filtered_topk,0.0,filtered_top200,196
RES,5663,416,4602,0.082901554404145,0.9796237,0.7080369,0.27158678,0.23729292,0.23729292,0.56138426,0.56138426,0.12276852,1.1421707e-05,True,0.0,-0.08290155,0.04,-0.042901553,197,False,False,False,filtered_topk,0.0,filtered_top200,197
RES,25687,416,4602,0.082901554404145,0.0010094276,0.06060332,-0.059593894,-0.23716988,0.23716988,0.46646708,0.5335329,0.067065835,0.0,True,0.0,-0.08290155,0.0,-0.08290155,198,False,False,False,filtered_topk,0.0,filtered_top200,198
RES,19039,416,4602,0.082901554404145,0.46293288,0.35389972,0.10903317,0.23630925,0.23630925,0.5789691,0.5789691,0.15793824,1.3485038e-05,True,0.1,0.01709845,0.08,-0.002901554,199,False,False,False,filtered_topk,0.0,filtered_top200,199
RES,1291,416,4602,0.082901554404145,0.09629469,0.17288382,-0.07658913,-0.23628329,0.23628329,0.44835544,0.55164456,0.10328913,1.2703594e-09,True,0.0,-0.08290155,0.02,-0.06290156,200,False,False,False,filtered_topk,0.0,filtered_top200,200
REC,31133,829,4189,0.1652052610601833,0.7724291,0.10053815,0.671891,0.86524636,0.86524636,0.60939044,0.60939044,0.21878088,9.25392e-37,True,0.7,0.53479475,0.6,0.43479478,1,False,False,False,filtered_topk,0.0,filtered_top200,1
REC,20436,829,4189,0.1652052610601833,0.21454924,0.025620487,0.18892875,0.85400176,0.85400176,0.60244334,0.60244334,0.20488667,1.1821139e-30,True,1.0,0.83479476,0.8,0.6347948,2,False,False,False,filtered_topk,0.0,filtered_top200,2
REC,26800,829,4189,0.1652052610601833,0.2985831,0.04426586,0.25431722,0.8390925,0.8390925,0.62279487,0.62279487,0.24558973,5.282967e-37,True,0.6,0.43479478,0.62,0.45479476,3,False,False,False,filtered_topk,0.0,filtered_top200,3
REC,3993,829,4189,0.1652052610601833,0.26478156,0.054442253,0.21033931,0.82198966,0.82198966,0.62348354,0.62348354,0.24696708,5.814580000000001e-40,True,0.8,0.6347948,0.58,0.41479474,4,False,False,False,filtered_topk,0.0,filtered_top200,4
REC,30224,829,4189,0.1652052610601833,0.3315035,0.0942349,0.23726861,0.8108539,0.8108539,0.6499543,0.6499543,0.29990864,0.0,True,0.6,0.43479478,0.52,0.35479474,5,False,False,False,filtered_topk,0.0,filtered_top200,5
REC,16292,829,4189,0.1652052610601833,0.4307854,0.04847424,0.38231114,0.81069833,0.81069833,0.6175114,0.6175114,0.23502278,5.2565197e-31,True,0.6,0.43479478,0.7,0.53479475,6,False,False,False,filtered_topk,0.0,filtered_top200,6
REC,29759,829,4189,0.1652052610601833,0.54976344,0.17129731,0.37846613,0.80312824,0.80312824,0.6955452,0.6955452,0.3910904,0.0,True,0.4,0.23479475,0.46,0.29479474,7,False,False,False,filtered_topk,0.0,filtered_top200,7
REC,10181,829,4189,0.1652052610601833,0.3395893,0.089289844,0.25029945,0.79068595,0.79068595,0.6328959,0.6328959,0.26579177,0.0,True,0.8,0.6347948,0.64,0.47479475,8,False,False,False,filtered_topk,0.0,filtered_top200,8
REC,15068,829,4189,0.1652052610601833,1.1414638,0.41190237,0.7295614,0.7785894,0.7785894,0.65326285,0.65326285,0.3065257,0.0,True,0.7,0.53479475,0.54,0.37479478,9,False,False,False,filtered_topk,0.0,filtered_top200,9
REC,19435,829,4189,0.1652052610601833,0.8940106,0.3431933,0.5508173,0.77741927,0.77741927,0.66014326,0.66014326,0.3202865,0.0,True,0.4,0.23479475,0.52,0.35479474,10,False,False,False,filtered_topk,0.0,filtered_top200,10
REC,21800,829,4189,0.1652052610601833,0.27495477,0.03067931,0.24427545,0.7675462,0.7675462,0.5943997,0.5943997,0.18879938,1.9495509999999998e-26,True,0.7,0.53479475,0.74,0.57479477,11,False,False,False,filtered_topk,0.0,filtered_top200,11
REC,23670,829,4189,0.1652052610601833,0.51073396,0.055316005,0.45541796,0.7631803,0.7631803,0.5766038,0.5766038,0.15320754,1.5109347e-27,True,0.5,0.33479476,0.7,0.53479475,12,False,False,False,filtered_topk,0.0,filtered_top200,12
REC,29874,829,4189,0.1652052610601833,0.267842,0.03310148,0.23474051,0.7594772,0.7594772,0.60145617,0.60145617,0.20291233,3.7860512e-29,True,0.4,0.23479475,0.64,0.47479475,13,False,False,False,filtered_topk,0.0,filtered_top200,13
REC,29190,829,4189,0.1652052610601833,0.6770983,0.08903807,0.5880602,0.7528769,0.7528769,0.59408224,0.59408224,0.18816447,1.1068779e-29,True,0.1,-0.06520525,0.46,0.29479474,14,False,False,False,filtered_topk,0.0,filtered_top200,14
REC,3805,829,4189,0.1652052610601833,0.30091554,0.080799885,0.22011566,0.72683,0.72683,0.6209495,0.6209495,0.24189901,5.5918895e-36,True,0.4,0.23479475,0.6,0.43479478,15,False,False,False,filtered_topk,0.0,filtered_top200,15
REC,19005,829,4189,0.1652052610601833,0.46081734,0.16661522,0.29420212,0.71487623,0.71487623,0.6575159,0.6575159,0.31503177,0.0,True,0.5,0.33479476,0.42,0.25479472,16,False,False,False,filtered_topk,0.0,filtered_top200,16
REC,7054,829,4189,0.1652052610601833,0.56254005,0.15336157,0.4091785,0.70666254,0.70666254,0.62547797,0.62547797,0.25095594,1.7766194e-36,True,0.5,0.33479476,0.3,0.13479476,17,False,False,False,filtered_topk,0.0,filtered_top200,17
REC,28688,829,4189,0.1652052610601833,0.43645394,0.066583425,0.3698705,0.6942208,0.6942208,0.58109325,0.58109325,0.1621865,4.0684849999999996e-26,True,0.7,0.53479475,0.54,0.37479478,18,False,False,False,filtered_topk,0.0,filtered_top200,18
REC,2089,829,4189,0.1652052610601833,0.26457658,0.028834354,0.23574223,0.6926938,0.6926938,0.5900643,0.5900643,0.18012857,5.9930255e-23,True,0.7,0.53479475,0.58,0.41479474,19,False,False,False,filtered_topk,0.0,filtered_top200,19
REC,30091,829,4189,0.1652052610601833,0.121355265,0.020287508,0.10106776,0.6875316,0.6875316,0.5798808,0.5798808,0.15976155,2.3563992e-26,True,0.5,0.33479476,0.58,0.41479474,20,False,False,False,filtered_topk,0.0,filtered_top200,20
REC,22558,829,4189,0.1652052610601833,0.49798328,0.13719758,0.3607857,0.6833253,0.6833253,0.6156733,0.6156733,0.2313466,6.4701245e-31,True,0.7,0.53479475,0.62,0.45479476,21,False,False,False,filtered_topk,0.0,filtered_top200,21
REC,111,829,4189,0.1652052610601833,0.43168774,0.12963687,0.3020509,0.6831903,0.6831903,0.63107425,0.63107425,0.2621485,5.7817555e-36,True,0.3,0.13479476,0.4,0.23479475,22,False,False,False,filtered_topk,0.0,filtered_top200,22
REC,12852,829,4189,0.1652052610601833,0.74193543,0.4083332,0.33360222,0.6767032,0.6767032,0.67354846,0.67354846,0.34709692,0.0,True,0.5,0.33479476,0.46,0.29479474,23,False,False,False,filtered_topk,0.0,filtered_top200,23
REC,14875,829,4189,0.1652052610601833,0.4004778,0.16610748,0.23437032,0.6760484,0.6760484,0.65040785,0.65040785,0.3008157,0.0,True,0.1,-0.06520525,0.22,0.054794744,24,False,False,False,filtered_topk,0.0,filtered_top200,24
REC,5663,829,4189,0.1652052610601833,1.352492,0.6074704,0.7450216,0.6693256,0.6693256,0.6522845,0.6522845,0.304569,0.0,True,0.2,0.034794748,0.24,0.07479474,25,False,False,False,filtered_topk,0.0,filtered_top200,25
REC,11405,829,4189,0.1652052610601833,0.62721467,0.28480422,0.34241045,0.66370505,0.66370505,0.65262675,0.65262675,0.3052535,0.0,True,0.5,0.33479476,0.4,0.23479475,26,False,False,False,filtered_topk,0.0,filtered_top200,26
REC,31867,829,4189,0.1652052610601833,0.3879368,0.1200307,0.2679061,0.661754,0.661754,0.6186815,0.6186815,0.23736298,9.976889e-36,True,0.6,0.43479478,0.42,0.25479472,27,False,False,False,filtered_topk,0.0,filtered_top200,27
REC,26968,829,4189,0.1652052610601833,0.29624358,0.0902699,0.20597368,0.660263,0.660263,0.62025523,0.62025523,0.24051046,8.430531e-34,True,0.4,0.23479475,0.42,0.25479472,28,False,False,False,filtered_topk,0.0,filtered_top200,28
REC,8034,829,4189,0.1652052610601833,0.25032985,0.05549365,0.1948362,0.6549882,0.6549882,0.5949098,0.5949098,0.18981957,4.3953716000000004e-27,True,0.6,0.43479478,0.56,0.39479476,29,False,False,False,filtered_topk,0.0,filtered_top200,29
REC,13169,829,4189,0.1652052610601833,0.375033,0.1081469,0.2668861,0.65278846,0.65278846,0.62020236,0.62020236,0.24040473,2.5252967e-33,True,0.6,0.43479478,0.42,0.25479472,30,False,False,False,filtered_topk,0.0,filtered_top200,30
REC,32596,829,4189,0.1652052610601833,0.2194356,0.06051237,0.15892324,0.6527156,0.6527156,0.61685383,0.61685383,0.23370767,1.407578e-30,True,0.7,0.53479475,0.5,0.33479476,31,False,False,False,filtered_topk,0.0,filtered_top200,31
REC,31930,829,4189,0.1652052610601833,1.4157306,0.6349214,0.7808092,0.6494037,0.6494037,0.64400864,0.64400864,0.28801727,0.0,True,0.3,0.13479476,0.26,0.094794735,32,False,False,False,filtered_topk,0.0,filtered_top200,32
REC,1455,829,4189,0.1652052610601833,0.29377216,0.06521638,0.22855578,0.6454006,0.6454006,0.58810395,0.58810395,0.1762079,1.2801687e-24,True,0.8,0.6347948,0.7,0.53479475,33,False,False,False,filtered_topk,0.0,filtered_top200,33
REC,4018,829,4189,0.1652052610601833,0.21682043,0.059818126,0.1570023,0.63572425,0.63572425,0.6029342,0.6029342,0.20586836,1.07962645e-29,True,0.3,0.13479476,0.46,0.29479474,34,False,False,False,filtered_topk,0.0,filtered_top200,34
REC,26319,829,4189,0.1652052610601833,0.43436888,0.1156181,0.31875077,0.63253677,0.63253677,0.60086316,0.60086316,0.20172632,9.1676745e-29,True,0.2,0.034794748,0.46,0.29479474,35,False,False,False,filtered_topk,0.0,filtered_top200,35
REC,3416,829,4189,0.1652052610601833,0.256029,0.06886479,0.18716422,0.63119286,0.63119286,0.59679997,0.59679997,0.19359994,1.3643870000000001e-27,True,0.7,0.53479475,0.54,0.37479478,36,False,False,False,filtered_topk,0.0,filtered_top200,36
REC,8583,829,4189,0.1652052610601833,0.18737277,0.036860865,0.1505119,0.6187683,0.6187683,0.58288527,0.58288527,0.16577053,5.3385557e-22,True,0.6,0.43479478,0.56,0.39479476,37,False,False,False,filtered_topk,0.0,filtered_top200,37
REC,31915,829,4189,0.1652052610601833,0.38094184,0.12503217,0.25590968,0.6161405,0.6161405,0.61162025,0.61162025,0.2232405,4.2616545e-30,True,0.5,0.33479476,0.54,0.37479478,38,False,False,False,filtered_topk,0.0,filtered_top200,38
REC,16745,829,4189,0.1652052610601833,0.33728984,0.0931532,0.24413663,0.61437964,0.61437964,0.6024809,0.6024809,0.20496178,2.6360875e-26,True,0.8,0.6347948,0.54,0.37479478,39,False,False,False,filtered_topk,0.0,filtered_top200,39
REC,2995,829,4189,0.1652052610601833,0.5308589,0.23596445,0.29489443,0.612533,0.612533,0.6556858,0.6556858,0.31137156,2.6913900000000003e-40,True,0.1,-0.06520525,0.26,0.094794735,40,False,False,False,filtered_topk,0.0,filtered_top200,40
REC,1211,829,4189,0.1652052610601833,1.1984389,0.75897205,0.43946683,0.6065269,0.6065269,0.66618085,0.66618085,0.3323617,0.0,True,0.7,0.53479475,0.56,0.39479476,41,False,False,False,filtered_topk,0.0,filtered_top200,41
REC,21741,829,4189,0.1652052610601833,0.3934475,0.14018346,0.253264,0.6036453,0.6036453,0.6172672,0.6172672,0.23453438,6.249548000000001e-29,True,0.8,0.6347948,0.54,0.37479478,42,False,False,False,filtered_topk,0.0,filtered_top200,42
REC,15396,829,4189,0.1652052610601833,0.4932206,0.16949037,0.32373023,0.6016201,0.6016201,0.6279461,0.6279461,0.25589216,4.0785745e-33,True,0.5,0.33479476,0.3,0.13479476,43,False,False,False,filtered_topk,0.0,filtered_top200,43
REC,16256,829,4189,0.1652052610601833,0.6812,0.36243966,0.31876037,0.6000407,0.6000407,0.64761704,0.64761704,0.29523408,0.0,True,0.2,0.034794748,0.36,0.19479476,44,False,False,False,filtered_topk,0.0,filtered_top200,44
REC,14094,829,4189,0.1652052610601833,0.17534775,0.032521,0.14282675,0.5971362,0.5971362,0.56257343,0.56257343,0.12514687,1.2983585999999998e-18,True,0.9,0.73479474,0.66,0.4947948,45,False,False,False,filtered_topk,0.0,filtered_top200,45
REC,15075,829,4189,0.1652052610601833,0.13643603,0.029155135,0.107280895,0.591317,0.591317,0.5697094,0.5697094,0.13941884,5.8075264e-21,True,0.9,0.73479474,0.56,0.39479476,46,False,False,False,filtered_topk,0.0,filtered_top200,46
REC,13430,829,4189,0.1652052610601833,0.2954402,0.73174626,-0.43630606,-0.591244,0.591244,0.36958376,0.6304163,0.2608325,0.0,True,0.0,-0.16520526,0.0,-0.16520526,47,False,False,False,filtered_topk,0.0,filtered_top200,47
REC,26869,829,4189,0.1652052610601833,1.0177972,0.5677262,0.45007104,0.58676565,0.58676565,0.655252,0.655252,0.31050396,0.0,True,0.2,0.034794748,0.26,0.094794735,48,False,False,False,filtered_topk,0.0,filtered_top200,48
REC,5569,829,4189,0.1652052610601833,0.7267628,0.13189073,0.59487206,0.58363646,0.58363646,0.56745464,0.56745464,0.13490927,3.4195608e-20,True,0.4,0.23479475,0.56,0.39479476,49,False,False,False,filtered_topk,0.0,filtered_top200,49
REC,9993,829,4189,0.1652052610601833,1.085782,0.7551064,0.33067566,0.5814879,0.5814879,0.66586363,0.66586363,0.33172727,0.0,True,0.0,-0.16520526,0.36,0.19479476,50,False,False,False,filtered_topk,0.0,filtered_top200,50
REC,3673,829,4189,0.1652052610601833,0.78026754,0.44332907,0.33693847,0.5790101,0.5790101,0.64662933,0.64662933,0.29325867,9.70399e-40,True,0.3,0.13479476,0.54,0.37479478,51,False,False,False,filtered_topk,0.0,filtered_top200,51
REC,31575,829,4189,0.1652052610601833,0.49204615,0.15981029,0.33223587,0.5778471,0.5778471,0.60100925,0.60100925,0.2020185,4.9584067e-30,True,0.1,-0.06520525,0.18,0.014794752,52,False,False,False,filtered_topk,0.0,filtered_top200,52
REC,28676,829,4189,0.1652052610601833,0.09939498,0.015072493,0.08432248,0.5775209,0.5775209,0.56385255,0.56385255,0.1277051,4.0684514e-18,True,0.8,0.6347948,0.56,0.39479476,53,False,False,False,filtered_topk,0.0,filtered_top200,53
REC,23242,829,4189,0.1652052610601833,0.9191538,0.57129395,0.34785986,0.5770266,0.5770266,0.6568506,0.6568506,0.31370115,0.0,True,0.1,-0.06520525,0.12,-0.045205258,54,False,False,False,filtered_topk,0.0,filtered_top200,54
REC,11435,829,4189,0.1652052610601833,13.539001,24.448835,-10.909834,-0.5709557,0.5709557,0.3617892,0.6382108,0.2764216,0.0,True,0.3,0.13479476,0.26,0.094794735,55,False,False,False,filtered_topk,0.0,filtered_top200,55
REC,31585,829,4189,0.1652052610601833,25.968033,15.060357,10.907676,0.5706047,0.5706047,0.63776386,0.63776386,0.27552772,0.0,True,0.4,0.23479475,0.24,0.07479474,56,False,False,False,filtered_topk,0.0,filtered_top200,56
REC,6756,829,4189,0.1652052610601833,0.3257313,0.12156186,0.20416945,0.5691363,0.5691363,0.60247356,0.60247356,0.20494711,1.948425e-27,True,0.5,0.33479476,0.56,0.39479476,57,False,False,False,filtered_topk,0.0,filtered_top200,57
REC,30798,829,4189,0.1652052610601833,0.39706394,0.1235397,0.27352422,0.5639576,0.5639576,0.6098455,0.6098455,0.21969104,3.1701019e-28,True,0.2,0.034794748,0.42,0.25479472,58,False,False,False,filtered_topk,0.0,filtered_top200,58
REC,29798,829,4189,0.1652052610601833,0.11790137,0.02493463,0.092966735,0.56268746,0.56268746,0.5710359,0.5710359,0.14207184,1.9536959999999998e-20,True,0.6,0.43479478,0.46,0.29479474,59,False,False,False,filtered_topk,0.0,filtered_top200,59
REC,8226,829,4189,0.1652052610601833,1.136608,0.71267664,0.42393136,0.5613273,0.5613273,0.65334433,0.65334433,0.30668867,0.0,True,0.3,0.13479476,0.32,0.15479474,60,False,False,False,filtered_topk,0.0,filtered_top200,60
REC,25414,829,4189,0.1652052610601833,0.516836,0.24255817,0.2742778,0.55649257,0.55649257,0.6234281,0.6234281,0.24685621,2.3544649e-31,True,0.5,0.33479476,0.54,0.37479478,61,False,False,False,filtered_topk,0.0,filtered_top200,61
REC,11636,829,4189,0.1652052610601833,1.0836015,0.6475568,0.4360447,0.553446,0.553446,0.6462615,0.6462615,0.29252303,0.0,True,0.3,0.13479476,0.34,0.17479475,62,False,False,False,filtered_topk,0.0,filtered_top200,62
REC,1516,829,4189,0.1652052610601833,0.7224843,0.3257611,0.39672318,0.5525417,0.5525417,0.64797574,0.64797574,0.2959515,1.416022e-34,True,0.1,-0.06520525,0.18,0.014794752,63,False,False,False,filtered_topk,0.0,filtered_top200,63
REC,20300,829,4189,0.1652052610601833,0.11287602,0.024363007,0.08851302,0.5420704,0.5420704,0.5651976,0.5651976,0.13039517,4.508612e-19,True,0.4,0.23479475,0.52,0.35479474,64,False,False,False,filtered_topk,0.0,filtered_top200,64
REC,9046,829,4189,0.1652052610601833,0.170108,0.04015446,0.12995355,0.54050064,0.54050064,0.5627144,0.5627144,0.1254288,1.7753734e-18,True,0.7,0.53479475,0.66,0.4947948,65,False,False,False,filtered_topk,0.0,filtered_top200,65
REC,11660,829,4189,0.1652052610601833,0.03456254,0.36871588,-0.33415335,-0.5401221,0.5401221,0.37806883,0.6219312,0.24386233,0.0,True,0.0,-0.16520526,0.02,-0.14520526,66,False,False,False,filtered_topk,0.0,filtered_top200,66
REC,9959,829,4189,0.1652052610601833,0.010705669,0.22153398,-0.21082832,-0.53856564,0.53856564,0.38041702,0.619583,0.23916596,0.0,True,0.0,-0.16520526,0.0,-0.16520526,67,False,False,False,filtered_topk,0.0,filtered_top200,67
REC,13312,829,4189,0.1652052610601833,0.48564252,0.2850439,0.20059863,0.53784394,0.53784394,0.6371733,0.6371733,0.2743466,5.0554687e-36,True,0.3,0.13479476,0.28,0.114794746,68,False,False,False,filtered_topk,0.0,filtered_top200,68
REC,31338,829,4189,0.1652052610601833,0.54741216,0.24346922,0.30394292,0.5362158,0.5362158,0.6081647,0.6081647,0.21632946,5.4242033e-27,True,0.4,0.23479475,0.24,0.07479474,69,False,False,False,filtered_topk,0.0,filtered_top200,69
REC,18426,829,4189,0.1652052610601833,0.14627469,0.035419215,0.110855475,0.5360102,0.5360102,0.5687207,0.5687207,0.1374414,1.5598751999999998e-19,True,0.6,0.43479478,0.5,0.33479476,70,False,False,False,filtered_topk,0.0,filtered_top200,70
REC,9537,829,4189,0.1652052610601833,0.5314526,0.21514541,0.3163072,0.5350121,0.5350121,0.60089165,0.60089165,0.2017833,4.0022600000000004e-28,True,0.1,-0.06520525,0.14,-0.025205255,71,False,False,False,filtered_topk,0.0,filtered_top200,71
REC,18205,829,4189,0.1652052610601833,0.45602053,0.25255132,0.20346922,0.5307206,0.5307206,0.6316071,0.6316071,0.26321423,7.258518999999999e-36,True,0.2,0.034794748,0.34,0.17479475,72,False,False,False,filtered_topk,0.0,filtered_top200,72
REC,4625,829,4189,0.1652052610601833,0.3473806,0.12544388,0.22193673,0.52762234,0.52762234,0.5989193,0.5989193,0.19783854,5.2438894e-23,True,0.7,0.53479475,0.44,0.27479476,73,False,False,False,filtered_topk,0.0,filtered_top200,73
REC,15504,829,4189,0.1652052610601833,0.27342337,0.11282852,0.16059485,0.5255508,0.5255508,0.6012444,0.6012444,0.20248878,9.18743e-28,True,0.3,0.13479476,0.18,0.014794752,74,False,False,False,filtered_topk,0.0,filtered_top200,74
REC,21235,829,4189,0.1652052610601833,0.6578992,0.30096403,0.35693517,0.52350765,0.52350765,0.612699,0.612699,0.22539794,2.3682198e-27,True,0.2,0.034794748,0.4,0.23479475,75,False,False,False,filtered_topk,0.0,filtered_top200,75
REC,17861,829,4189,0.1652052610601833,1.1512223,0.8243768,0.32684553,0.5224495,0.5224495,0.67287666,0.67287666,0.3457533,0.0,True,0.3,0.13479476,0.42,0.25479472,76,False,False,False,filtered_topk,0.0,filtered_top200,76
REC,2167,829,4189,0.1652052610601833,0.27787855,0.12842508,0.14945348,0.5224287,0.5224287,0.61740226,0.61740226,0.23480451,4.9498355999999996e-29,True,0.3,0.13479476,0.38,0.21479474,77,False,False,False,filtered_topk,0.0,filtered_top200,77
REC,1745,829,4189,0.1652052610601833,0.50032276,0.19678912,0.30353364,0.5224107,0.5224107,0.5910278,0.5910278,0.18205559,1.979137e-23,True,0.4,0.23479475,0.48,0.31479472,78,False,False,False,filtered_topk,0.0,filtered_top200,78
REC,8199,829,4189,0.1652052610601833,1.4399762,0.7875817,0.65239453,0.5214733,0.5214733,0.6232209,0.6232209,0.24644184,4.0541502e-30,True,0.2,0.034794748,0.36,0.19479476,79,False,False,False,filtered_topk,0.0,filtered_top200,79
REC,2970,829,4189,0.1652052610601833,0.20688988,0.058447346,0.14844254,0.5207646,0.5207646,0.5695146,0.5695146,0.13902915,2.2931469999999996e-19,True,0.6,0.43479478,0.56,0.39479476,80,False,False,False,filtered_topk,0.0,filtered_top200,80
REC,5860,829,4189,0.1652052610601833,0.40102676,0.19859165,0.2024351,0.5206919,0.5206919,0.61612755,0.61612755,0.2322551,6.7364576e-29,True,0.4,0.23479475,0.32,0.15479474,81,False,False,False,filtered_topk,0.0,filtered_top200,81
REC,4864,829,4189,0.1652052610601833,0.47901982,0.20061937,0.27840045,0.5204053,0.5204053,0.5936566,0.5936566,0.1873132,5.829787e-24,True,0.3,0.13479476,0.36,0.19479476,82,False,False,False,filtered_topk,0.0,filtered_top200,82
REC,664,829,4189,0.1652052610601833,0.10744779,0.3990879,-0.2916401,-0.51889795,0.51889795,0.37406734,0.6259327,0.25186533,0.0,True,0.0,-0.16520526,0.0,-0.16520526,83,False,False,False,filtered_topk,0.0,filtered_top200,83
REC,12370,829,4189,0.1652052610601833,0.09617197,0.018098928,0.07807304,0.51591176,0.51591176,0.5490012,0.5490012,0.098002434,5.668895e-16,True,0.5,0.33479476,0.68,0.51479477,84,False,False,False,filtered_topk,0.0,filtered_top200,84
REC,23990,829,4189,0.1652052610601833,0.35069785,0.1625649,0.18813294,0.51573235,0.51573235,0.610932,0.610932,0.22186399,5.073313e-27,True,0.3,0.13479476,0.42,0.25479472,85,False,False,False,filtered_topk,0.0,filtered_top200,85
REC,25233,829,4189,0.1652052610601833,0.20135093,0.0696341,0.13171682,0.51531166,0.51531166,0.5825515,0.5825515,0.16510296,3.423355e-20,True,0.9,0.73479474,0.6,0.43479478,86,False,False,False,filtered_topk,0.0,filtered_top200,86
REC,27541,829,4189,0.1652052610601833,0.45526895,0.15068483,0.30458412,0.5129423,0.5129423,0.5816365,0.5816365,0.16327298,8.573409e-22,True,0.5,0.33479476,0.42,0.25479472,87,False,False,False,filtered_topk,0.0,filtered_top200,87
REC,15992,829,4189,0.1652052610601833,0.12998766,0.019532183,0.110455476,0.5125951,0.5125951,0.55130976,0.55130976,0.10261953,7.263831e-14,True,0.7,0.53479475,0.62,0.45479476,88,False,False,False,filtered_topk,0.0,filtered_top200,88
REC,26397,829,4189,0.1652052610601833,0.13718052,0.03615123,0.10102929,0.5109863,0.5109863,0.566163,0.566163,0.132326,3.9715967999999997e-19,True,0.5,0.33479476,0.46,0.29479474,89,False,False,False,filtered_topk,0.0,filtered_top200,89
REC,32544,829,4189,0.1652052610601833,0.08964349,0.012257736,0.07738575,0.50811785,0.50811785,0.54404175,0.54404175,0.088083506,4.3528644e-13,True,0.7,0.53479475,0.74,0.57479477,90,False,False,False,filtered_topk,0.0,filtered_top200,90
REC,85,829,4189,0.1652052610601833,0.32222557,0.13076612,0.19145945,0.5058025,0.5058025,0.5945765,0.5945765,0.18915296,1.1640173e-24,True,0.2,0.034794748,0.28,0.114794746,91,False,False,False,filtered_topk,0.0,filtered_top200,91
REC,19796,829,4189,0.1652052610601833,0.46795604,0.18541819,0.28253785,0.50559634,0.50559634,0.585323,0.585323,0.17064595,2.3307954000000004e-22,True,0.4,0.23479475,0.46,0.29479474,92,False,False,False,filtered_topk,0.0,filtered_top200,92
REC,4839,829,4189,0.1652052610601833,0.114687786,0.02675301,0.08793478,0.50552565,0.50552565,0.5573577,0.5573577,0.11471546,6.76664e-17,True,0.5,0.33479476,0.52,0.35479474,93,False,False,False,filtered_topk,0.0,filtered_top200,93
REC,10111,829,4189,0.1652052610601833,0.807821,0.4682292,0.33959177,0.50475866,0.50475866,0.6262042,0.6262042,0.2524084,3.314061e-34,True,0.3,0.13479476,0.34,0.17479475,94,False,False,False,filtered_topk,0.0,filtered_top200,94
REC,8085,829,4189,0.1652052610601833,0.18415448,0.06555581,0.11859867,0.5043234,0.5043234,0.5855929,0.5855929,0.17118585,2.7790054e-21,True,0.6,0.43479478,0.36,0.19479476,95,False,False,False,filtered_topk,0.0,filtered_top200,95
REC,17315,829,4189,0.1652052610601833,0.17294697,0.071220756,0.10172622,0.5013431,0.5013431,0.6013298,0.6013298,0.2026596,1.4990702e-26,True,0.2,0.034794748,0.22,0.054794744,96,False,False,False,filtered_topk,0.0,filtered_top200,96
REC,5233,829,4189,0.1652052610601833,0.107040204,0.027879005,0.0791612,0.4994836,0.4994836,0.5664959,0.5664959,0.13299179,4.0624861e-19,True,0.3,0.13479476,0.42,0.25479472,97,False,False,False,filtered_topk,0.0,filtered_top200,97
REC,9403,829,4189,0.1652052610601833,0.1348952,0.028805913,0.106089294,0.4994023,0.4994023,0.5579358,0.5579358,0.11587155,1.3221286e-16,True,0.4,0.23479475,0.56,0.39479476,98,False,False,False,filtered_topk,0.0,filtered_top200,98
REC,8150,829,4189,0.1652052610601833,0.07050334,0.0117425285,0.05876081,0.4927222,0.4927222,0.5450698,0.5450698,0.09013963,5.5978862e-14,True,0.7,0.53479475,0.62,0.45479476,99,False,False,False,filtered_topk,0.0,filtered_top200,99
REC,5036,829,4189,0.1652052610601833,0.08251894,0.014587591,0.067931354,0.48974144,0.48974144,0.54463655,0.54463655,0.089273095,2.5001241e-14,True,0.7,0.53479475,0.54,0.37479478,100,False,False,False,filtered_topk,0.0,filtered_top200,100
REC,26947,829,4189,0.1652052610601833,0.19263136,0.04950885,0.14312251,0.48903564,0.48903564,0.5648486,0.5648486,0.1296972,9.717854000000001e-17,True,0.4,0.23479475,0.54,0.37479478,101,False,False,False,filtered_topk,0.0,filtered_top200,101
REC,8965,829,4189,0.1652052610601833,0.13062848,0.034527745,0.09610073,0.4862611,0.4862611,0.56242067,0.56242067,0.12484133,3.7026434e-17,True,0.6,0.43479478,0.54,0.37479478,102,False,False,False,filtered_topk,0.0,filtered_top200,102
REC,1290,829,4189,0.1652052610601833,0.5101096,0.24911971,0.2609899,0.4839311,0.4839311,0.60346514,0.60346514,0.20693028,6.5019068000000004e-24,True,0.4,0.23479475,0.28,0.114794746,103,False,False,False,filtered_topk,0.0,filtered_top200,103
REC,4662,829,4189,0.1652052610601833,0.58764327,0.27376246,0.3138808,0.48329902,0.48329902,0.6050943,0.6050943,0.21018863,1.4170058e-24,True,0.1,-0.06520525,0.2,0.034794748,104,False,False,False,filtered_topk,0.0,filtered_top200,104
REC,16164,829,4189,0.1652052610601833,0.06555574,0.009503592,0.056052145,0.48057225,0.48057225,0.540722,0.540722,0.081444025,1.7582117e-12,True,0.9,0.73479474,0.56,0.39479476,105,False,False,False,filtered_topk,0.0,filtered_top200,105
REC,5032,829,4189,0.1652052610601833,0.3015069,0.14863846,0.15286845,0.4778777,0.4778777,0.6051336,0.6051336,0.21026719,1.0286978e-24,True,0.3,0.13479476,0.3,0.13479476,106,False,False,False,filtered_topk,0.0,filtered_top200,106
REC,22970,829,4189,0.1652052610601833,0.23598415,0.11445667,0.12152748,0.4777558,0.4777558,0.6007992,0.6007992,0.2015984,1.7886653e-25,True,0.1,-0.06520525,0.24,0.07479474,107,False,False,False,filtered_topk,0.0,filtered_top200,107
REC,11169,829,4189,0.1652052610601833,0.32436952,0.15582804,0.16854148,0.47699937,0.47699937,0.60291356,0.60291356,0.20582712,1.5500481000000001e-24,True,0.2,0.034794748,0.3,0.13479476,108,False,False,False,filtered_topk,0.0,filtered_top200,108
REC,1928,829,4189,0.1652052610601833,0.09792012,0.017957654,0.07996246,0.4767538,0.4767538,0.54554635,0.54554635,0.091092706,2.4022415e-13,True,0.8,0.6347948,0.6,0.43479478,109,False,False,False,filtered_topk,0.0,filtered_top200,109
REC,28026,829,4189,0.1652052610601833,0.11427312,0.030470429,0.08380269,0.4765179,0.4765179,0.5522814,0.5522814,0.10456276,1.0767933e-14,True,1.0,0.83479476,0.66,0.4947948,110,False,False,False,filtered_topk,0.0,filtered_top200,110
REC,1072,829,4189,0.1652052610601833,0.52489114,0.28354302,0.24134812,0.47533426,0.47533426,0.61480105,0.61480105,0.2296021,3.1679229e-27,True,0.1,-0.06520525,0.26,0.094794735,111,False,False,False,filtered_topk,0.0,filtered_top200,111
REC,1572,829,4189,0.1652052610601833,0.4905972,0.16275933,0.32783785,0.47422054,0.47422054,0.5685263,0.5685263,0.13705266,1.2291824999999999e-19,True,0.0,-0.16520526,0.34,0.17479475,112,False,False,False,filtered_topk,0.0,filtered_top200,112
REC,26739,829,4189,0.1652052610601833,0.3274559,0.11887906,0.20857686,0.47418472,0.47418472,0.5908606,0.5908606,0.18172121,1.3308544e-20,True,0.3,0.13479476,0.28,0.114794746,113,False,False,False,filtered_topk,0.0,filtered_top200,113
REC,23145,829,4189,0.1652052610601833,0.32087323,0.15447825,0.16639498,0.47311735,0.47311735,0.6033661,0.6033661,0.20673215,5.934964999999999e-26,True,0.1,-0.06520525,0.14,-0.025205255,114,False,False,False,filtered_topk,0.0,filtered_top200,114
REC,29809,829,4189,0.1652052610601833,0.067805715,0.009198198,0.05860752,0.4730557,0.4730557,0.5397937,0.5397937,0.07958746,5.5069525e-12,True,0.7,0.53479475,0.64,0.47479475,115,False,False,False,filtered_topk,0.0,filtered_top200,115
REC,24112,829,4189,0.1652052610601833,0.24527857,0.07566972,0.16960885,0.4716905,0.4716905,0.5793999,0.5793999,0.15879977,7.1305874e-19,True,0.3,0.13479476,0.36,0.19479476,116,False,False,False,filtered_topk,0.0,filtered_top200,116
REC,22698,829,4189,0.1652052610601833,0.23321821,0.05167785,0.18154036,0.4703609,0.4703609,0.5881001,0.5881001,0.17620015,6.797476500000001e-16,True,0.5,0.33479476,0.44,0.27479476,117,False,False,False,filtered_topk,0.0,filtered_top200,117
REC,8729,829,4189,0.1652052610601833,0.23095408,0.08684762,0.14410646,0.46973744,0.46973744,0.5776234,0.5776234,0.15524685,1.7298589999999998e-19,True,0.6,0.43479478,0.42,0.25479472,118,False,False,False,filtered_topk,0.0,filtered_top200,118
REC,4082,829,4189,0.1652052610601833,0.10656194,0.025295977,0.081265956,0.4685435,0.4685435,0.55894136,0.55894136,0.11788273,5.330387e-15,True,0.7,0.53479475,0.46,0.29479474,119,False,False,False,filtered_topk,0.0,filtered_top200,119
REC,20904,829,4189,0.1652052610601833,0.30721313,0.11834194,0.18887119,0.46723157,0.46723157,0.58884907,0.58884907,0.17769814,2.8956015e-21,True,0.1,-0.06520525,0.26,0.094794735,120,False,False,False,filtered_topk,0.0,filtered_top200,120
REC,6027,829,4189,0.1652052610601833,0.045640454,0.006033753,0.0396067,0.46695575,0.46695575,0.5371327,0.5371327,0.07426536,6.533398e-12,True,0.5,0.33479476,0.68,0.51479477,121,False,False,False,filtered_topk,0.0,filtered_top200,121
REC,31363,829,4189,0.1652052610601833,1.169877,0.9887587,0.18111837,0.4662813,0.4662813,0.6346267,0.6346267,0.26925337,0.0,True,0.3,0.13479476,0.2,0.034794748,122,False,False,False,filtered_topk,0.0,filtered_top200,122
REC,4215,829,4189,0.1652052610601833,0.34420943,0.16143051,0.18277892,0.4639892,0.4639892,0.6006764,0.6006764,0.20135283,3.9781506000000005e-22,True,0.3,0.13479476,0.42,0.25479472,123,False,False,False,filtered_topk,0.0,filtered_top200,123
REC,4457,829,4189,0.1652052610601833,0.1526783,0.034059163,0.11861913,0.46382168,0.46382168,0.5619056,0.5619056,0.123811245,5.686265e-16,True,0.4,0.23479475,0.4,0.23479475,124,False,False,False,filtered_topk,0.0,filtered_top200,124
REC,2562,829,4189,0.1652052610601833,0.294658,0.067791015,0.22686699,0.46201319,0.46201319,0.5478764,0.5478764,0.095752835,2.5445293e-14,True,0.6,0.43479478,0.6,0.43479478,125,False,False,False,filtered_topk,0.0,filtered_top200,125
REC,17027,829,4189,0.1652052610601833,0.45253363,0.17864357,0.27389008,0.4593219,0.4593219,0.57745713,0.57745713,0.15491426,3.1066143e-19,True,0.5,0.33479476,0.38,0.21479474,126,False,False,False,filtered_topk,0.0,filtered_top200,126
REC,5941,829,4189,0.1652052610601833,0.2612122,0.11880213,0.14241007,0.45883742,0.45883742,0.6034591,0.6034591,0.20691824,5.0923474e-23,True,0.2,0.034794748,0.32,0.15479474,127,False,False,False,filtered_topk,0.0,filtered_top200,127
REC,18291,829,4189,0.1652052610601833,0.20386243,0.08200887,0.12185356,0.4587213,0.4587213,0.5945585,0.5945585,0.18911695,4.1072324e-21,True,0.2,0.034794748,0.32,0.15479474,128,False,False,False,filtered_topk,0.0,filtered_top200,128
REC,503,829,4189,0.1652052610601833,0.2411485,0.09256106,0.14858744,0.45858735,0.45858735,0.58263814,0.58263814,0.16527629,1.0660262999999999e-18,True,0.5,0.33479476,0.48,0.31479472,129,False,False,False,filtered_topk,0.0,filtered_top200,129
REC,9034,829,4189,0.1652052610601833,0.29493365,0.10622688,0.18870677,0.45821282,0.45821282,0.581167,0.581167,0.16233397,9.710414e-19,True,0.3,0.13479476,0.34,0.17479475,130,False,False,False,filtered_topk,0.0,filtered_top200,130
REC,4951,829,4189,0.1652052610601833,0.097757556,0.018920928,0.07883663,0.45765856,0.45765856,0.54802185,0.54802185,0.096043706,2.6474448e-14,True,0.2,0.034794748,0.58,0.41479474,131,False,False,False,filtered_topk,0.0,filtered_top200,131
REC,19901,829,4189,0.1652052610601833,0.10510121,0.02521718,0.07988404,0.45431155,0.45431155,0.5500456,0.5500456,0.10009122,5.0861924e-13,True,0.7,0.53479475,0.56,0.39479476,132,False,False,False,filtered_topk,0.0,filtered_top200,132
REC,30609,829,4189,0.1652052610601833,0.0743342,0.012320214,0.062013984,0.45250076,0.45250076,0.53735715,0.53735715,0.0747143,2.9860794e-11,True,0.9,0.73479474,0.56,0.39479476,133,False,False,False,filtered_topk,0.0,filtered_top200,133
REC,26681,829,4189,0.1652052610601833,1.6574751,1.2721553,0.38531983,0.4514732,0.4514732,0.6697465,0.6697465,0.33949304,2.0531577e-34,True,0.2,0.034794748,0.18,0.014794752,134,False,False,False,filtered_topk,0.0,filtered_top200,134
REC,18152,829,4189,0.1652052610601833,0.034458872,0.0015903818,0.03286849,0.4507261,0.4507261,0.5214107,0.5214107,0.042821407,2.298499e-08,True,1.0,0.83479476,0.76,0.59479475,135,False,False,False,filtered_topk,0.0,filtered_top200,135
REC,16118,829,4189,0.1652052610601833,0.14001715,0.039794046,0.10022311,0.45060855,0.45060855,0.55830395,0.55830395,0.116607904,6.369434e-15,True,0.5,0.33479476,0.5,0.33479476,136,False,False,False,filtered_topk,0.0,filtered_top200,136
REC,13410,829,4189,0.1652052610601833,0.082754545,0.019802142,0.0629524,0.4504287,0.4504287,0.54938173,0.54938173,0.098763466,1.4409792e-14,True,0.4,0.23479475,0.48,0.31479472,137,False,False,False,filtered_topk,0.0,filtered_top200,137
REC,11189,829,4189,0.1652052610601833,0.31698817,0.11528473,0.20170343,0.45018837,0.45018837,0.59686434,0.59686434,0.19372869,1.1120826e-20,True,0.1,-0.06520525,0.24,0.07479474,138,False,False,False,filtered_topk,0.0,filtered_top200,138
REC,13219,829,4189,0.1652052610601833,0.22644234,0.09230742,0.13413492,0.44968382,0.44968382,0.56803244,0.56803244,0.13606489,2.1849270000000002e-17,True,0.6,0.43479478,0.5,0.33479476,139,False,False,False,filtered_topk,0.0,filtered_top200,139
REC,13310,829,4189,0.1652052610601833,0.43944606,0.23501469,0.20443137,0.44717214,0.44717214,0.59509254,0.59509254,0.19018507,6.943276e-22,True,0.7,0.53479475,0.4,0.23479475,140,False,False,False,filtered_topk,0.0,filtered_top200,140
REC,20564,829,4189,0.1652052610601833,0.6612871,0.5140817,0.14720541,0.44541758,0.44541758,0.6293217,0.6293217,0.2586434,2.365378e-39,True,0.3,0.13479476,0.22,0.054794744,141,False,False,False,filtered_topk,0.0,filtered_top200,141
REC,2149,829,4189,0.1652052610601833,0.24924372,0.0921806,0.15706313,0.4439661,0.4439661,0.57520616,0.57520616,0.15041232,5.339370700000001e-16,True,0.7,0.53479475,0.48,0.31479472,142,False,False,False,filtered_topk,0.0,filtered_top200,142
REC,4927,829,4189,0.1652052610601833,0.11308335,0.028612886,0.084470466,0.4424282,0.4424282,0.54720473,0.54720473,0.094409466,1.7087999e-13,True,0.5,0.33479476,0.56,0.39479476,143,False,False,False,filtered_topk,0.0,filtered_top200,143
REC,2833,829,4189,0.1652052610601833,0.041267715,0.0043235444,0.03694417,0.43949863,0.43949863,0.5267688,0.5267688,0.053537607,2.1663535e-09,True,0.9,0.73479474,0.68,0.51479477,144,False,False,False,filtered_topk,0.0,filtered_top200,144
REC,2807,829,4189,0.1652052610601833,0.17266661,0.06663658,0.10603003,0.43771306,0.43771306,0.5731632,0.5731632,0.14632642,2.1485272e-17,True,0.4,0.23479475,0.32,0.15479474,145,False,False,False,filtered_topk,0.0,filtered_top200,145
REC,12191,829,4189,0.1652052610601833,0.142842,0.043747388,0.09909461,0.43741375,0.43741375,0.5582237,0.5582237,0.11644745,3.4655536e-14,True,0.5,0.33479476,0.5,0.33479476,146,False,False,False,filtered_topk,0.0,filtered_top200,146
REC,14655,829,4189,0.1652052610601833,0.079229966,0.015426843,0.06380312,0.4364971,0.4364971,0.5386049,0.5386049,0.07720983,1.9364019e-11,True,0.8,0.6347948,0.5,0.33479476,147,False,False,False,filtered_topk,0.0,filtered_top200,147
REC,17986,829,4189,0.1652052610601833,0.24011894,0.12950352,0.11061542,0.4362649,0.4362649,0.59821707,0.59821707,0.19643414,4.559209600000001e-22,True,0.3,0.13479476,0.24,0.07479474,148,False,False,False,filtered_topk,0.0,filtered_top200,148
REC,25136,829,4189,0.1652052610601833,0.06841827,0.012778072,0.0556402,0.4341704,0.4341704,0.5425723,0.5425723,0.08514464,4.7869356e-12,True,0.6,0.43479478,0.56,0.39479476,149,False,False,False,filtered_topk,0.0,filtered_top200,149
REC,24070,829,4189,0.1652052610601833,0.039632652,0.0050592883,0.034573365,0.43372077,0.43372077,0.5319129,0.5319129,0.063825846,2.6809155e-10,True,0.6,0.43479478,0.6,0.43479478,150,False,False,False,filtered_topk,0.0,filtered_top200,150
REC,28269,829,4189,0.1652052610601833,0.20833883,0.08207368,0.12626514,0.43357855,0.43357855,0.5787759,0.5787759,0.15755177,7.883904e-18,True,0.4,0.23479475,0.32,0.15479474,151,False,False,False,filtered_topk,0.0,filtered_top200,151
REC,10451,829,4189,0.1652052610601833,0.089287736,0.014022029,0.075265706,0.43300316,0.43300316,0.53853595,0.53853595,0.077071905,1.1700487e-11,True,0.7,0.53479475,0.68,0.51479477,152,False,False,False,filtered_topk,0.0,filtered_top200,152
REC,27061,829,4189,0.1652052610601833,0.038030572,0.19645807,-0.1584275,-0.43221125,0.43221125,0.4082474,0.5917526,0.18350518,0.0,True,0.0,-0.16520526,0.0,-0.16520526,153,False,False,False,filtered_topk,0.0,filtered_top200,153
REC,5767,829,4189,0.1652052610601833,0.09790834,0.028220767,0.069687575,0.43104875,0.43104875,0.5541177,0.5541177,0.10823536,1.672078e-15,True,0.3,0.13479476,0.44,0.27479476,154,False,False,False,filtered_topk,0.0,filtered_top200,154
REC,9252,829,4189,0.1652052610601833,0.2085226,0.092971824,0.11555078,0.4306139,0.4306139,0.58758765,0.58758765,0.17517531,1.0631019e-19,True,0.4,0.23479475,0.3,0.13479476,155,False,False,False,filtered_topk,0.0,filtered_top200,155
REC,28862,829,4189,0.1652052610601833,0.1512647,0.053209484,0.09805521,0.4299545,0.4299545,0.56362545,0.56362545,0.12725091,2.0520732000000002e-16,True,0.2,0.034794748,0.34,0.17479475,156,False,False,False,filtered_topk,0.0,filtered_top200,156
REC,12974,829,4189,0.1652052610601833,0.15665051,0.052873783,0.10377673,0.4297226,0.4297226,0.5577512,0.5577512,0.11550236,3.3123893e-15,True,0.5,0.33479476,0.48,0.31479472,157,False,False,False,filtered_topk,0.0,filtered_top200,157
REC,26157,829,4189,0.1652052610601833,0.21598406,0.04157932,0.17440474,0.4280787,0.4280787,0.55772513,0.55772513,0.11545026,9.611538e-13,True,0.2,0.034794748,0.54,0.37479478,158,False,False,False,filtered_topk,0.0,filtered_top200,158
REC,29590,829,4189,0.1652052610601833,0.013377375,0.17955649,-0.16617912,-0.4271413,0.4271413,0.40896228,0.59103775,0.18207544,0.0,True,0.0,-0.16520526,0.0,-0.16520526,159,False,False,False,filtered_topk,0.0,filtered_top200,159
REC,31944,829,4189,0.1652052610601833,0.44593447,0.20257436,0.24336012,0.4263023,0.4263023,0.58978325,0.58978325,0.1795665,3.7968533e-18,True,0.6,0.43479478,0.44,0.27479476,160,False,False,False,filtered_topk,0.0,filtered_top200,160
REC,13966,829,4189,0.1652052610601833,0.27248803,0.08434432,0.1881437,0.42574072,0.42574072,0.5660989,0.5660989,0.13219786,4.719342e-15,True,0.2,0.034794748,0.4,0.23479475,161,False,False,False,filtered_topk,0.0,filtered_top200,161
REC,31956,829,4189,0.1652052610601833,0.16356303,0.06856126,0.095001765,0.42462555,0.42462555,0.5694032,0.5694032,0.13880634,7.677227e-18,True,0.3,0.13479476,0.36,0.19479476,162,False,False,False,filtered_topk,0.0,filtered_top200,162
REC,3293,829,4189,0.1652052610601833,0.42805713,0.20775674,0.22030039,0.42429575,0.42429575,0.58987665,0.58987665,0.1797533,1.997497e-18,True,0.4,0.23479475,0.4,0.23479475,163,False,False,False,filtered_topk,0.0,filtered_top200,163
REC,28404,829,4189,0.1652052610601833,0.215044,0.07955779,0.13548622,0.42398143,0.42398143,0.5703543,0.5703543,0.14070857,1.8070429000000002e-16,True,0.2,0.034794748,0.36,0.19479476,164,False,False,False,filtered_topk,0.0,filtered_top200,164
REC,2327,829,4189,0.1652052610601833,0.17526057,0.087363765,0.08789681,0.42201993,0.42201993,0.59790605,0.59790605,0.1958121,5.8104682000000004e-24,True,0.0,-0.16520526,0.02,-0.14520526,165,False,False,False,filtered_topk,0.0,filtered_top200,165
REC,22426,829,4189,0.1652052610601833,0.12267934,0.038979974,0.08369936,0.4215868,0.4215868,0.5553408,0.5553408,0.11068165,4.4707927e-14,True,0.6,0.43479478,0.4,0.23479475,166,False,False,False,filtered_topk,0.0,filtered_top200,166
REC,15685,829,4189,0.1652052610601833,0.076749094,0.015963499,0.060785595,0.42119372,0.42119372,0.54303044,0.54303044,0.08606088,2.7841234e-12,True,0.5,0.33479476,0.52,0.35479474,167,False,False,False,filtered_topk,0.0,filtered_top200,167
REC,10900,829,4189,0.1652052610601833,0.100544706,0.024009123,0.07653558,0.42042002,0.42042002,0.5403766,0.5403766,0.08075321,4.0956804e-12,True,0.6,0.43479478,0.6,0.43479478,168,False,False,False,filtered_topk,0.0,filtered_top200,168
REC,27946,829,4189,0.1652052610601833,0.07507869,0.019727075,0.055351615,0.4200099,0.4200099,0.5500803,0.5500803,0.1001606,3.4270636e-13,True,0.6,0.43479478,0.42,0.25479472,169,False,False,False,filtered_topk,0.0,filtered_top200,169
REC,4689,829,4189,0.1652052610601833,0.12642774,0.038950134,0.08747761,0.41703972,0.41703972,0.5679774,0.5679774,0.13595486,1.513738e-15,True,0.2,0.034794748,0.38,0.21479474,170,False,False,False,filtered_topk,0.0,filtered_top200,170
REC,16732,829,4189,0.1652052610601833,0.16905016,0.06504527,0.10400489,0.41640198,0.41640198,0.5682971,0.5682971,0.13659418,3.5009163000000004e-16,True,0.3,0.13479476,0.38,0.21479474,171,False,False,False,filtered_topk,0.0,filtered_top200,171
REC,17418,829,4189,0.1652052610601833,0.13540882,0.054897778,0.08051104,0.41630012,0.41630012,0.56476367,0.56476367,0.12952733,1.6569223e-16,True,0.5,0.33479476,0.34,0.17479475,172,False,False,False,filtered_topk,0.0,filtered_top200,172
REC,22983,829,4189,0.1652052610601833,0.10523315,0.026856985,0.07837616,0.4155698,0.4155698,0.54210174,0.54210174,0.08420348,1.91264e-12,True,0.6,0.43479478,0.4,0.23479475,173,False,False,False,filtered_topk,0.0,filtered_top200,173
REC,21735,829,4189,0.1652052610601833,0.09549344,0.024528528,0.07096492,0.41406405,0.41406405,0.544912,0.544912,0.08982396,7.4683705e-13,True,0.4,0.23479475,0.56,0.39479476,174,False,False,False,filtered_topk,0.0,filtered_top200,174
REC,21260,829,4189,0.1652052610601833,0.059785888,0.009622486,0.050163403,0.41373318,0.41373318,0.531211,0.531211,0.062422037,5.8007914e-09,True,0.9,0.73479474,0.6,0.43479478,175,False,False,False,filtered_topk,0.0,filtered_top200,175
REC,19978,829,4189,0.1652052610601833,0.22561303,0.14048466,0.08512837,0.41365567,0.41365567,0.602639,0.602639,0.20527804,5.6838646e-23,True,0.2,0.034794748,0.38,0.21479474,176,False,False,False,filtered_topk,0.0,filtered_top200,176
REC,15839,829,4189,0.1652052610601833,0.23639409,0.07028919,0.16610491,0.4130494,0.4130494,0.5517709,0.5517709,0.10354185,2.578055e-13,True,0.5,0.33479476,0.3,0.13479476,177,False,False,False,filtered_topk,0.0,filtered_top200,177
REC,5095,829,4189,0.1652052610601833,0.10341903,0.038852222,0.064566806,0.41296437,0.41296437,0.5582225,0.5582225,0.116444945,1.6953911e-15,True,0.3,0.13479476,0.48,0.31479472,178,False,False,False,filtered_topk,0.0,filtered_top200,178
REC,26721,829,4189,0.1652052610601833,0.22049579,0.090344034,0.13015175,0.41229147,0.41229147,0.5707357,0.5707357,0.14147139,1.4237621e-15,True,0.4,0.23479475,0.44,0.27479476,179,False,False,False,filtered_topk,0.0,filtered_top200,179
REC,27011,829,4189,0.1652052610601833,0.12520497,0.032038897,0.09316607,0.41165587,0.41165587,0.55472225,0.55472225,0.1094445,6.9930844e-14,True,0.3,0.13479476,0.46,0.29479474,180,False,False,False,filtered_topk,0.0,filtered_top200,180
REC,32358,829,4189,0.1652052610601833,0.12299269,0.0147284,0.10826429,0.4106348,0.4106348,0.5319072,0.5319072,0.0638144,1.550725e-08,True,0.9,0.73479474,0.66,0.4947948,181,False,False,False,filtered_topk,0.0,filtered_top200,181
REC,29845,829,4189,0.1652052610601833,0.91717243,0.7445178,0.17265463,0.41028172,0.41028172,0.62036896,0.62036896,0.24073792,7.1916887e-28,True,0.1,-0.06520525,0.26,0.094794735,182,False,False,False,filtered_topk,0.0,filtered_top200,182
REC,6100,829,4189,0.1652052610601833,0.18195161,0.078697555,0.10325406,0.40919536,0.40919536,0.56726116,0.56726116,0.13452232,1.2320669e-15,True,0.4,0.23479475,0.48,0.31479472,183,False,False,False,filtered_topk,0.0,filtered_top200,183
REC,20813,829,4189,0.1652052610601833,0.1564314,0.042819083,0.113612324,0.4091492,0.4091492,0.5507795,0.5507795,0.10155904,3.4871335e-12,True,0.4,0.23479475,0.6,0.43479478,184,False,False,False,filtered_topk,0.0,filtered_top200,184
REC,21871,829,4189,0.1652052610601833,0.099190004,0.026869107,0.07232089,0.40908456,0.40908456,0.5480077,0.5480077,0.09601545,9.646011e-13,True,0.5,0.33479476,0.44,0.27479476,185,False,False,False,filtered_topk,0.0,filtered_top200,185
REC,30271,829,4189,0.1652052610601833,0.078134425,0.013421498,0.06471293,0.4089364,0.4089364,0.5342433,0.5342433,0.06848657,3.020867e-09,True,0.8,0.6347948,0.62,0.45479476,186,False,False,False,filtered_topk,0.0,filtered_top200,186
REC,29597,829,4189,0.1652052610601833,0.101171404,0.024729481,0.07644192,0.4088927,0.4088927,0.54801595,0.54801595,0.096031904,2.2760823e-12,True,0.5,0.33479476,0.42,0.25479472,187,False,False,False,filtered_topk,0.0,filtered_top200,187
REC,19778,829,4189,0.1652052610601833,0.12290787,0.042027857,0.080880016,0.4082543,0.4082543,0.5594974,0.5594974,0.11899483,2.1233491e-14,True,0.2,0.034794748,0.46,0.29479474,188,False,False,False,filtered_topk,0.0,filtered_top200,188
REC,12910,829,4189,0.1652052610601833,1.026406,0.63718593,0.38922012,0.40626276,0.40626276,0.59771514,0.59771514,0.19543028,1.7391286e-23,True,0.0,-0.16520526,0.04,-0.12520525,189,False,False,False,filtered_topk,0.0,filtered_top200,189
REC,25871,829,4189,0.1652052610601833,0.1119289,0.025808852,0.086120054,0.40618986,0.40618986,0.54205984,0.54205984,0.08411968,4.7545332e-11,True,0.4,0.23479475,0.54,0.37479478,190,False,False,False,filtered_topk,0.0,filtered_top200,190
REC,12117,829,4189,0.1652052610601833,0.13512138,0.039676085,0.09544529,0.40598017,0.40598017,0.55593646,0.55593646,0.11187291,1.0030365e-12,True,0.7,0.53479475,0.34,0.17479475,191,False,False,False,filtered_topk,0.0,filtered_top200,191
REC,29530,829,4189,0.1652052610601833,0.4363126,0.28087747,0.15543512,0.40562662,0.40562662,0.60568565,0.60568565,0.2113713,1.9921951000000002e-22,True,0.4,0.23479475,0.3,0.13479476,192,False,False,False,filtered_topk,0.0,filtered_top200,192
REC,31708,829,4189,0.1652052610601833,0.07180856,0.015118651,0.05668991,0.4045099,0.4045099,0.53800637,0.53800637,0.07601273,1.3123153e-10,True,0.8,0.6347948,0.48,0.31479472,193,False,False,False,filtered_topk,0.0,filtered_top200,193
REC,12466,829,4189,0.1652052610601833,0.47790542,0.19508171,0.2828237,0.40383437,0.40383437,0.5749788,0.5749788,0.14995766,2.7411675e-16,True,0.3,0.13479476,0.38,0.21479474,194,False,False,False,filtered_topk,0.0,filtered_top200,194
REC,3222,829,4189,0.1652052610601833,0.27651915,0.13591354,0.14060561,0.40382606,0.40382606,0.5809594,0.5809594,0.16191876,3.8981002e-17,True,0.5,0.33479476,0.46,0.29479474,195,False,False,False,filtered_topk,0.0,filtered_top200,195
REC,21610,829,4189,0.1652052610601833,0.4242781,0.28512222,0.1391559,0.40371045,0.40371045,0.60711336,0.60711336,0.21422672,4.3596437e-25,True,0.2,0.034794748,0.24,0.07479474,196,False,False,False,filtered_topk,0.0,filtered_top200,196
REC,15610,829,4189,0.1652052610601833,0.09174976,0.025892777,0.06585698,0.40170336,0.40170336,0.55497336,0.55497336,0.10994673,2.6669153e-14,True,0.0,-0.16520526,0.4,0.23479475,197,False,False,False,filtered_topk,0.0,filtered_top200,197
REC,29846,829,4189,0.1652052610601833,0.4301917,0.2275696,0.2026221,0.40043518,0.40043518,0.5781942,0.5781942,0.1563884,2.2038361e-17,True,0.0,-0.16520526,0.42,0.25479472,198,False,False,False,filtered_topk,0.0,filtered_top200,198
REC,32410,829,4189,0.1652052610601833,0.118678845,0.03717185,0.081507,0.40011594,0.40011594,0.5512882,0.5512882,0.102576375,1.0229354e-12,True,0.5,0.33479476,0.42,0.25479472,199,False,False,False,filtered_topk,0.0,filtered_top200,199
REC,14854,829,4189,0.1652052610601833,0.54153156,0.31004426,0.2314873,0.3988619,0.3988619,0.61043125,0.61043125,0.22086251,2.6127959999999998e-20,True,0.4,0.23479475,0.18,0.014794752,200,False,False,False,filtered_topk,0.0,filtered_top200,200
QUO,9959,1134,3884,0.2259864487843762,0.60460585,0.06469048,0.5399154,1.6401216,1.6401216,0.80176735,0.80176735,0.6035347,0.0,True,0.5,0.27401355,0.66,0.43401358,1,False,False,False,filtered_topk,0.0,filtered_top200,1
QUO,664,1134,3884,0.2259864487843762,0.9289297,0.18214399,0.7467857,1.55704,1.55704,0.84580696,0.84580696,0.6916139,0.0,True,0.5,0.27401355,0.5,0.27401355,2,False,False,False,filtered_topk,0.0,filtered_top200,2
QUO,13430,1134,3884,0.2259864487843762,1.4037164,0.44242808,0.96128833,1.5028424,1.5028424,0.8454664,0.8454664,0.69093275,0.0,True,0.3,0.07401356,0.44,0.21401355,3,False,False,False,filtered_topk,0.0,filtered_top200,3
QUO,23183,1134,3884,0.2259864487843762,0.5657466,0.04625748,0.5194891,1.2429547,1.2429547,0.69438714,0.69438714,0.38877428,0.0,True,0.6,0.37401357,0.78,0.5540135,4,False,False,False,filtered_topk,0.0,filtered_top200,4
QUO,24744,1134,3884,0.2259864487843762,0.42343888,0.038447496,0.38499138,1.1981512,1.1981512,0.7034457,0.7034457,0.40689135,0.0,True,0.6,0.37401357,0.8,0.5740136,5,False,False,False,filtered_topk,0.0,filtered_top200,5
QUO,11660,1134,3884,0.2259864487843762,0.8215698,0.16517584,0.65639395,1.1554012,1.1554012,0.7301983,0.7301983,0.46039665,0.0,True,0.8,0.5740136,0.7,0.47401354,6,False,False,False,filtered_topk,0.0,filtered_top200,6
QUO,26485,1134,3884,0.2259864487843762,0.78322035,0.2645187,0.5187017,1.1465749,1.1465749,0.76695395,0.76695395,0.5339079,0.0,True,1.0,0.7740135,0.86,0.63401353,7,False,False,False,filtered_topk,0.0,filtered_top200,7
QUO,18310,1134,3884,0.2259864487843762,0.36306942,0.026803171,0.33626625,1.1376389,1.1376389,0.69003445,0.69003445,0.3800689,0.0,True,0.9,0.6740135,0.64,0.41401353,8,False,False,False,filtered_topk,0.0,filtered_top200,8
QUO,24761,1134,3884,0.2259864487843762,0.79177344,0.121080175,0.6706933,1.1246191,1.1246191,0.68448746,0.68448746,0.36897492,0.0,True,1.0,0.7740135,0.98,0.75401354,9,False,False,False,filtered_topk,0.0,filtered_top200,9
QUO,27061,1134,3884,0.2259864487843762,0.4525859,0.08786246,0.36472344,1.0776169,1.0776169,0.70389897,0.70389897,0.40779793,0.0,True,0.9,0.6740135,0.84,0.61401355,10,False,False,False,filtered_topk,0.0,filtered_top200,10
QUO,10916,1134,3884,0.2259864487843762,0.7617859,0.13408826,0.62769765,1.0747439,1.0747439,0.7577828,0.7577828,0.51556563,0.0,True,0.6,0.37401357,0.48,0.25401354,11,False,False,False,filtered_topk,0.0,filtered_top200,11
QUO,21125,1134,3884,0.2259864487843762,0.32574645,0.038936783,0.28680965,1.0735371,1.0735371,0.6681705,0.6681705,0.33634102,0.0,True,1.0,0.7740135,0.94,0.7140136,12,False,False,False,filtered_topk,0.0,filtered_top200,12
QUO,3459,1134,3884,0.2259864487843762,0.43904492,0.041751314,0.3972936,1.0465713,1.0465713,0.6741786,0.6741786,0.3483572,0.0,True,0.7,0.47401354,0.68,0.45401356,13,False,False,False,filtered_topk,0.0,filtered_top200,13
QUO,18730,1134,3884,0.2259864487843762,1.210879,0.24257621,0.9683027,1.0299712,1.0299712,0.6894761,0.6894761,0.37895215,0.0,True,0.1,-0.12598646,0.34,0.11401355,14,False,False,False,filtered_topk,0.0,filtered_top200,14
QUO,21203,1134,3884,0.2259864487843762,0.26259026,0.021575393,0.24101487,1.0045639,1.0045639,0.6503567,0.6503567,0.30071342,0.0,True,0.8,0.5740136,0.88,0.6540135,15,False,False,False,filtered_topk,0.0,filtered_top200,15
QUO,32508,1134,3884,0.2259864487843762,0.18447214,0.013034243,0.1714379,0.98138785,0.98138785,0.63441056,0.63441056,0.26882112,0.0,True,0.5,0.27401355,0.86,0.63401353,16,False,False,False,filtered_topk,0.0,filtered_top200,16
QUO,19840,1134,3884,0.2259864487843762,0.28226274,0.044477344,0.2377854,0.95887923,0.95887923,0.6596893,0.6596893,0.3193786,0.0,True,0.6,0.37401357,0.76,0.5340135,17,False,False,False,filtered_topk,0.0,filtered_top200,17
QUO,14833,1134,3884,0.2259864487843762,0.4159364,0.01484204,0.40109438,0.93190765,0.93190765,0.6195135,0.6195135,0.23902702,0.0,True,1.0,0.7740135,0.96,0.73401356,18,False,False,False,filtered_topk,0.0,filtered_top200,18
QUO,12544,1134,3884,0.2259864487843762,0.37788662,0.076490186,0.30139643,0.9251966,0.9251966,0.6990037,0.6990037,0.3980074,0.0,True,0.4,0.17401356,0.52,0.29401353,19,False,False,False,filtered_topk,0.0,filtered_top200,19
QUO,26144,1134,3884,0.2259864487843762,0.76998425,0.0906418,0.67934245,0.90792394,0.90792394,0.6233975,0.6233975,0.24679506,0.0,True,1.0,0.7740135,0.96,0.73401356,20,False,False,False,filtered_topk,0.0,filtered_top200,20
QUO,29590,1134,3884,0.2259864487843762,0.4013224,0.079338916,0.3219835,0.86979294,0.86979294,0.6806871,0.6806871,0.36137426,0.0,True,0.2,-0.025986448,0.58,0.35401353,21,False,False,False,filtered_topk,0.0,filtered_top200,21
QUO,19038,1134,3884,0.2259864487843762,0.51406455,0.06765335,0.4464112,0.8519321,0.8519321,0.62979233,0.62979233,0.25958467,0.0,True,0.5,0.27401355,0.68,0.45401356,22,False,False,False,filtered_topk,0.0,filtered_top200,22
QUO,3887,1134,3884,0.2259864487843762,0.18523513,0.011055472,0.17417966,0.84404707,0.84404707,0.60589683,0.60589683,0.21179366,0.0,True,1.0,0.7740135,0.9,0.6740135,23,False,False,False,filtered_topk,0.0,filtered_top200,23
QUO,6129,1134,3884,0.2259864487843762,0.51793635,0.032968286,0.48496807,0.83534914,0.83534914,0.63322973,0.63322973,0.26645947,0.0,True,1.0,0.7740135,0.94,0.7140136,24,False,False,False,filtered_topk,0.0,filtered_top200,24
QUO,12337,1134,3884,0.2259864487843762,0.43104124,0.0934342,0.33760703,0.8277984,0.8277984,0.6525386,0.6525386,0.3050772,0.0,True,0.8,0.5740136,0.84,0.61401355,25,False,False,False,filtered_topk,0.0,filtered_top200,25
QUO,12340,1134,3884,0.2259864487843762,0.99846715,0.2636573,0.7348099,0.82766515,0.82766515,0.705194,0.705194,0.410388,0.0,True,0.2,-0.025986448,0.3,0.07401356,26,False,False,False,filtered_topk,0.0,filtered_top200,26
QUO,18990,1134,3884,0.2259864487843762,0.5381755,0.06999922,0.4681763,0.8244792,0.8244792,0.63014925,0.63014925,0.2602985,0.0,True,0.8,0.5740136,0.82,0.5940136,27,False,False,False,filtered_topk,0.0,filtered_top200,27
QUO,8191,1134,3884,0.2259864487843762,0.14883192,0.013477267,0.13535465,0.8111238,0.8111238,0.5922761,0.5922761,0.1845522,0.0,True,0.9,0.6740135,0.9,0.6740135,28,False,False,False,filtered_topk,0.0,filtered_top200,28
QUO,25210,1134,3884,0.2259864487843762,0.18855406,0.020651128,0.16790293,0.79797375,0.79797375,0.61821276,0.61821276,0.23642552,0.0,True,0.6,0.37401357,0.72,0.49401358,29,False,False,False,filtered_topk,0.0,filtered_top200,29
QUO,14247,1134,3884,0.2259864487843762,0.35912353,0.036400337,0.32272318,0.7836807,0.7836807,0.5992004,0.5992004,0.19840086,1.629489e-39,True,1.0,0.7740135,0.96,0.73401356,30,False,False,False,filtered_topk,0.0,filtered_top200,30
QUO,13311,1134,3884,0.2259864487843762,0.29988047,0.037651967,0.26222852,0.75815296,0.75815296,0.5953406,0.5953406,0.19068122,5.637092e-38,True,1.0,0.7740135,0.98,0.75401354,31,False,False,False,filtered_topk,0.0,filtered_top200,31
QUO,19470,1134,3884,0.2259864487843762,0.71188134,0.18293902,0.52894235,0.75740546,0.75740546,0.6344855,0.6344855,0.26897097,0.0,True,0.5,0.27401355,0.58,0.35401353,32,False,False,False,filtered_topk,0.0,filtered_top200,32
QUO,3156,1134,3884,0.2259864487843762,0.5372282,0.14756352,0.3896647,0.729612,0.729612,0.640484,0.640484,0.28096795,0.0,True,0.7,0.47401354,0.5,0.27401355,33,False,False,False,filtered_topk,0.0,filtered_top200,33
QUO,21190,1134,3884,0.2259864487843762,0.3312562,0.016147979,0.31510824,0.7292648,0.7292648,0.5743004,0.5743004,0.14860082,1.05746274e-32,True,1.0,0.7740135,0.94,0.7140136,34,False,False,False,filtered_topk,0.0,filtered_top200,34
QUO,24074,1134,3884,0.2259864487843762,0.17423631,0.024902847,0.14933346,0.7109617,0.7109617,0.5926995,0.5926995,0.18539906,2.4998600000000002e-40,True,0.6,0.37401357,0.74,0.5140135,35,False,False,False,filtered_topk,0.0,filtered_top200,35
QUO,7350,1134,3884,0.2259864487843762,0.34215513,0.025178416,0.31697673,0.702732,0.702732,0.5946932,0.5946932,0.18938637,7.058615e-34,True,0.8,0.5740136,0.82,0.5940136,36,False,False,False,filtered_topk,0.0,filtered_top200,36
QUO,28066,1134,3884,0.2259864487843762,0.33868462,0.03259466,0.30608997,0.70047057,0.70047057,0.5714983,0.5714983,0.14299655,2.0396707e-34,True,0.5,0.27401355,0.86,0.63401353,37,False,False,False,filtered_topk,0.0,filtered_top200,37
QUO,23594,1134,3884,0.2259864487843762,0.11995529,0.010236306,0.10971898,0.6926106,0.6926106,0.5678145,0.5678145,0.13562906,1.714937e-34,True,0.6,0.37401357,0.62,0.39401355,38,False,False,False,filtered_topk,0.0,filtered_top200,38
QUO,28770,1134,3884,0.2259864487843762,0.17815118,0.021920359,0.15623082,0.6911766,0.6911766,0.59335613,0.59335613,0.18671227,5.107587599999999e-37,True,0.7,0.47401354,0.8,0.5740136,39,False,False,False,filtered_topk,0.0,filtered_top200,39
QUO,5260,1134,3884,0.2259864487843762,0.06356785,0.0050452375,0.058522608,0.67789704,0.67789704,0.5662991,0.5662991,0.13259816,1.198603e-33,True,0.2,-0.025986448,0.58,0.35401353,40,False,False,False,filtered_topk,0.0,filtered_top200,40
QUO,6885,1134,3884,0.2259864487843762,0.10877218,0.010615465,0.09815671,0.675831,0.675831,0.56781155,0.56781155,0.1356231,6.1537148e-34,True,0.2,-0.025986448,0.74,0.5140135,41,False,False,False,filtered_topk,0.0,filtered_top200,41
QUO,17345,1134,3884,0.2259864487843762,0.15670642,0.01924512,0.1374613,0.67489207,0.67489207,0.5934593,0.5934593,0.18691862,4.1937433e-36,True,0.5,0.27401355,0.68,0.45401356,42,False,False,False,filtered_topk,0.0,filtered_top200,42
QUO,5332,1134,3884,0.2259864487843762,0.17782049,0.044224907,0.13359559,0.65937144,0.65937144,0.61097443,0.61097443,0.22194886,0.0,True,0.0,-0.22598645,0.22,-0.005986452,43,False,False,False,filtered_topk,0.0,filtered_top200,43
QUO,580,1134,3884,0.2259864487843762,0.20810254,0.023277087,0.18482545,0.6475028,0.6475028,0.5760851,0.5760851,0.15217018,2.6916252e-29,True,1.0,0.7740135,0.86,0.63401353,44,False,False,False,filtered_topk,0.0,filtered_top200,44
QUO,17247,1134,3884,0.2259864487843762,0.13131924,0.023396265,0.10792297,0.6389356,0.6389356,0.5853867,0.5853867,0.17077339,1.681164e-35,True,0.8,0.5740136,0.7,0.47401354,45,False,False,False,filtered_topk,0.0,filtered_top200,45
QUO,11733,1134,3884,0.2259864487843762,0.14337729,0.023445044,0.11993225,0.6386605,0.6386605,0.57935315,0.57935315,0.1587063,1.5269282e-34,True,0.5,0.27401355,0.72,0.49401358,46,False,False,False,filtered_topk,0.0,filtered_top200,46
QUO,11071,1134,3884,0.2259864487843762,0.11639351,0.0042492035,0.11214431,0.62702876,0.62702876,0.5587238,0.5587238,0.117447615,1.4016973e-24,True,1.0,0.7740135,0.92,0.6940136,47,False,False,False,filtered_topk,0.0,filtered_top200,47
QUO,4111,1134,3884,0.2259864487843762,0.059651263,0.0061761797,0.053475082,0.62651795,0.62651795,0.56713533,0.56713533,0.13427067,1.9724220000000001e-32,True,0.1,-0.12598646,0.64,0.41401353,48,False,False,False,filtered_topk,0.0,filtered_top200,48
QUO,32486,1134,3884,0.2259864487843762,0.15637228,0.025316704,0.13105558,0.62420243,0.62420243,0.585912,0.585912,0.17182398,2.0416261e-33,True,0.6,0.37401357,0.68,0.45401356,49,False,False,False,filtered_topk,0.0,filtered_top200,49
QUO,7851,1134,3884,0.2259864487843762,0.23838976,0.043868374,0.19452138,0.61534667,0.61534667,0.5834698,0.5834698,0.16693962,7.0391636e-33,True,0.6,0.37401357,0.7,0.47401354,50,False,False,False,filtered_topk,0.0,filtered_top200,50
QUO,8658,1134,3884,0.2259864487843762,0.31013867,0.06365156,0.24648711,0.6098685,0.6098685,0.58891463,0.58891463,0.17782927,9.578423e-35,True,0.7,0.47401354,0.64,0.41401353,51,False,False,False,filtered_topk,0.0,filtered_top200,51
QUO,21907,1134,3884,0.2259864487843762,0.046981785,0.0043940283,0.042587757,0.6045854,0.6045854,0.56459755,0.56459755,0.1291951,4.1709267e-31,True,0.1,-0.12598646,0.72,0.49401358,52,False,False,False,filtered_topk,0.0,filtered_top200,52
QUO,21859,1134,3884,0.2259864487843762,0.104931384,0.019180754,0.08575063,0.6015725,0.6015725,0.58918935,0.58918935,0.1783787,2.6006845e-35,True,0.2,-0.025986448,0.46,0.23401356,53,False,False,False,filtered_topk,0.0,filtered_top200,53
QUO,1824,1134,3884,0.2259864487843762,0.5956652,0.09491664,0.5007486,0.59993196,0.59993196,0.56821704,0.56821704,0.13643408,1.1107647e-31,True,0.6,0.37401357,0.5,0.27401355,54,False,False,False,filtered_topk,0.0,filtered_top200,54
QUO,3780,1134,3884,0.2259864487843762,0.1914872,0.021579416,0.16990778,0.5942888,0.5942888,0.56722534,0.56722534,0.13445067,8.762341e-26,True,1.0,0.7740135,0.86,0.63401353,55,False,False,False,filtered_topk,0.0,filtered_top200,55
QUO,26391,1134,3884,0.2259864487843762,0.29384887,0.064618066,0.2292308,0.59266645,0.59266645,0.5698229,0.5698229,0.13964581,9.927996e-28,True,0.9,0.6740135,0.92,0.6940136,56,False,False,False,filtered_topk,0.0,filtered_top200,56
QUO,28393,1134,3884,0.2259864487843762,0.061337426,0.007860775,0.05347665,0.5921306,0.5921306,0.56168526,0.56168526,0.12337053,3.0068984e-27,True,0.9,0.6740135,0.82,0.5940136,57,False,False,False,filtered_topk,0.0,filtered_top200,57
QUO,30561,1134,3884,0.2259864487843762,0.14204764,0.018402822,0.12364482,0.58850276,0.58850276,0.5694744,0.5694744,0.1389488,1.0293491600000001e-26,True,0.7,0.47401354,0.84,0.61401355,58,False,False,False,filtered_topk,0.0,filtered_top200,58
QUO,8890,1134,3884,0.2259864487843762,0.36162955,0.044205293,0.31742424,0.58436954,0.58436954,0.5671242,0.5671242,0.13424838,3.6419406000000003e-26,True,1.0,0.7740135,0.78,0.5540135,59,False,False,False,filtered_topk,0.0,filtered_top200,59
QUO,29782,1134,3884,0.2259864487843762,0.18765673,0.06308886,0.124567874,0.5794821,0.5794821,0.59722084,0.59722084,0.19444168,5.0057327e-37,True,0.9,0.6740135,0.62,0.39401355,60,False,False,False,filtered_topk,0.0,filtered_top200,60
QUO,15679,1134,3884,0.2259864487843762,0.23642802,0.02096542,0.2154626,0.57501346,0.57501346,0.5556584,0.5556584,0.1113168,9.921157e-23,True,0.8,0.5740136,0.96,0.73401356,61,False,False,False,filtered_topk,0.0,filtered_top200,61
QUO,4915,1134,3884,0.2259864487843762,0.12117126,0.02204708,0.09912418,0.56924653,0.56924653,0.57983255,0.57983255,0.15966511,7.882264e-32,True,0.2,-0.025986448,0.64,0.41401353,62,False,False,False,filtered_topk,0.0,filtered_top200,62
QUO,13490,1134,3884,0.2259864487843762,0.1592882,0.018135801,0.1411524,0.56838286,0.56838286,0.5694325,0.5694325,0.138865,6.1733604e-26,True,0.6,0.37401357,0.78,0.5540135,63,False,False,False,filtered_topk,0.0,filtered_top200,63
QUO,3284,1134,3884,0.2259864487843762,0.20443225,0.031011643,0.17342061,0.56804985,0.56804985,0.5852449,0.5852449,0.17048979,5.4054946e-28,True,0.6,0.37401357,0.7,0.47401354,64,False,False,False,filtered_topk,0.0,filtered_top200,64
QUO,6222,1134,3884,0.2259864487843762,0.14938305,0.04321063,0.10617243,0.56654,0.56654,0.59440416,0.59440416,0.18880832,2.0793832e-36,True,0.3,0.07401356,0.36,0.13401356,65,False,False,False,filtered_topk,0.0,filtered_top200,65
QUO,24943,1134,3884,0.2259864487843762,0.32632172,0.07914632,0.2471754,0.56402653,0.56402653,0.60806274,0.60806274,0.21612549,1.34441e-32,True,0.7,0.47401354,0.52,0.29401353,66,False,False,False,filtered_topk,0.0,filtered_top200,66
QUO,20440,1134,3884,0.2259864487843762,0.09611476,0.013343505,0.08277126,0.56182754,0.56182754,0.5658389,0.5658389,0.13167775,1.6462476e-26,True,0.6,0.37401357,0.74,0.5140135,67,False,False,False,filtered_topk,0.0,filtered_top200,67
QUO,2995,1134,3884,0.2259864487843762,0.076066814,0.3455915,-0.26952466,-0.56069,0.56069,0.35544014,0.64455986,0.28911972,0.0,True,0.2,-0.025986448,0.06,-0.16598645,68,False,False,False,filtered_topk,0.0,filtered_top200,68
QUO,9963,1134,3884,0.2259864487843762,0.7414779,0.21609537,0.5253825,0.5577351,0.5577351,0.58370966,0.58370966,0.16741931,1.5426121e-34,True,0.1,-0.12598646,0.46,0.23401356,69,False,False,False,filtered_topk,0.0,filtered_top200,69
QUO,31246,1134,3884,0.2259864487843762,0.27875435,0.05066911,0.22808525,0.55340064,0.55340064,0.56819695,0.56819695,0.1363939,7.366959999999999e-27,True,0.9,0.6740135,0.7,0.47401354,70,False,False,False,filtered_topk,0.0,filtered_top200,70
QUO,420,1134,3884,0.2259864487843762,0.08405671,0.013953479,0.070103236,0.55141044,0.55141044,0.56304693,0.56304693,0.12609386,1.9703704e-28,True,0.3,0.07401356,0.28,0.05401355,71,False,False,False,filtered_topk,0.0,filtered_top200,71
QUO,10234,1134,3884,0.2259864487843762,0.22543609,0.032258242,0.19317785,0.54765195,0.54765195,0.56010014,0.56010014,0.12020028,1.9078514e-22,True,0.8,0.5740136,0.86,0.63401353,72,False,False,False,filtered_topk,0.0,filtered_top200,72
QUO,22317,1134,3884,0.2259864487843762,0.14461909,0.01739961,0.12721948,0.5415944,0.5415944,0.54951847,0.54951847,0.09903693,3.3623016e-21,True,1.0,0.7740135,0.98,0.75401354,73,False,False,False,filtered_topk,0.0,filtered_top200,73
QUO,10919,1134,3884,0.2259864487843762,0.22783358,0.02915758,0.198676,0.5405424,0.5405424,0.55181557,0.55181557,0.10363114,6.580681e-23,True,0.6,0.37401357,0.8,0.5740136,74,False,False,False,filtered_topk,0.0,filtered_top200,74
QUO,27211,1134,3884,0.2259864487843762,0.15924686,0.030868828,0.12837803,0.53994936,0.53994936,0.5714195,0.5714195,0.14283895,4.3109608000000005e-27,True,0.6,0.37401357,0.6,0.37401357,75,False,False,False,filtered_topk,0.0,filtered_top200,75
QUO,6786,1134,3884,0.2259864487843762,0.10400304,0.011506039,0.092497006,0.5389924,0.5389924,0.55532604,0.55532604,0.11065209,4.6750220000000007e-23,True,0.7,0.47401354,0.7,0.47401354,76,False,False,False,filtered_topk,0.0,filtered_top200,76
QUO,6579,1134,3884,0.2259864487843762,0.19068114,0.04337255,0.14730859,0.538446,0.538446,0.57390654,0.57390654,0.14781308,1.11711625e-26,True,0.6,0.37401357,0.68,0.45401356,77,False,False,False,filtered_topk,0.0,filtered_top200,77
QUO,26571,1134,3884,0.2259864487843762,0.0479239,0.0015101015,0.046413798,0.53394324,0.53394324,0.5389434,0.5389434,0.07788682,7.500546999999999e-19,True,0.7,0.47401354,0.88,0.6540135,78,False,False,False,filtered_topk,0.0,filtered_top200,78
QUO,28215,1134,3884,0.2259864487843762,0.103250384,0.01859894,0.08465144,0.5263882,0.5263882,0.56919867,0.56919867,0.13839734,4.388321e-26,True,0.6,0.37401357,0.64,0.41401353,79,False,False,False,filtered_topk,0.0,filtered_top200,79
QUO,9853,1134,3884,0.2259864487843762,0.08922371,0.012934676,0.076289035,0.5257476,0.5257476,0.551076,0.551076,0.10215199,1.1831362000000001e-22,True,0.7,0.47401354,0.78,0.5540135,80,False,False,False,filtered_topk,0.0,filtered_top200,80
QUO,3864,1134,3884,0.2259864487843762,0.12417845,0.019277304,0.10490114,0.52559406,0.52559406,0.56273204,0.56273204,0.12546408,4.3219360000000003e-23,True,0.8,0.5740136,0.74,0.5140135,81,False,False,False,filtered_topk,0.0,filtered_top200,81
QUO,15733,1134,3884,0.2259864487843762,0.23143326,0.031965073,0.19946818,0.5193635,0.5193635,0.5552819,0.5552819,0.110563755,9.444387e-22,True,0.8,0.5740136,0.78,0.5540135,82,False,False,False,filtered_topk,0.0,filtered_top200,82
QUO,29363,1134,3884,0.2259864487843762,0.22254257,0.025773808,0.19676876,0.518319,0.518319,0.56522214,0.56522214,0.13044429,2.2263987000000002e-22,True,0.5,0.27401355,0.64,0.41401353,83,False,False,False,filtered_topk,0.0,filtered_top200,83
QUO,25113,1134,3884,0.2259864487843762,0.037241995,0.19419412,-0.15695213,-0.515208,0.515208,0.38940665,0.6105933,0.2211867,0.0,True,0.1,-0.12598646,0.02,-0.20598646,84,False,False,False,filtered_topk,0.0,filtered_top200,84
QUO,22285,1134,3884,0.2259864487843762,0.19146481,0.0604634,0.13100141,0.513033,0.513033,0.5787795,0.5787795,0.15755904,1.8904006e-27,True,0.9,0.6740135,0.66,0.43401358,85,False,False,False,filtered_topk,0.0,filtered_top200,85
QUO,2867,1134,3884,0.2259864487843762,0.2535635,0.06328246,0.19028103,0.5123971,0.5123971,0.57428133,0.57428133,0.14856267,3.0889836000000003e-26,True,0.1,-0.12598646,0.56,0.33401355,86,False,False,False,filtered_topk,0.0,filtered_top200,86
QUO,31206,1134,3884,0.2259864487843762,0.17463934,0.037288897,0.13735044,0.51097405,0.51097405,0.5678974,0.5678974,0.13579476,2.1819592e-25,True,0.8,0.5740136,0.58,0.35401353,87,False,False,False,filtered_topk,0.0,filtered_top200,87
QUO,28035,1134,3884,0.2259864487843762,0.43880036,0.09541549,0.34338486,0.50731325,0.50731325,0.5539312,0.5539312,0.10786235,1.0951086000000001e-21,True,0.9,0.6740135,0.84,0.61401355,88,False,False,False,filtered_topk,0.0,filtered_top200,88
QUO,19013,1134,3884,0.2259864487843762,0.30043334,0.065476954,0.23495638,0.50619835,0.50619835,0.5801164,0.5801164,0.16023278,2.8572543999999997e-25,True,0.4,0.17401356,0.58,0.35401353,89,False,False,False,filtered_topk,0.0,filtered_top200,89
QUO,19930,1134,3884,0.2259864487843762,0.1225319,0.024638843,0.09789306,0.5059293,0.5059293,0.55861324,0.55861324,0.11722648,6.646365e-23,True,0.8,0.5740136,0.72,0.49401358,90,False,False,False,filtered_topk,0.0,filtered_top200,90
QUO,4411,1134,3884,0.2259864487843762,0.18099475,0.011603091,0.16939166,0.5017074,0.5017074,0.5477806,0.5477806,0.09556115,6.8580506e-17,True,0.8,0.5740136,0.92,0.6940136,91,False,False,False,filtered_topk,0.0,filtered_top200,91
QUO,6401,1134,3884,0.2259864487843762,0.11393402,0.030220637,0.08371338,0.4972164,0.4972164,0.56469107,0.56469107,0.12938213,1.0176374e-23,True,0.7,0.47401354,0.62,0.39401355,92,False,False,False,filtered_topk,0.0,filtered_top200,92
QUO,13827,1134,3884,0.2259864487843762,1.9801277,1.6496716,0.33045614,0.49206084,0.49206084,0.63927567,0.63927567,0.27855134,0.0,True,0.2,-0.025986448,0.34,0.11401355,93,False,False,False,filtered_topk,0.0,filtered_top200,93
QUO,23302,1134,3884,0.2259864487843762,0.07911879,0.01011411,0.06900468,0.49054867,0.49054867,0.54748076,0.54748076,0.094961524,1.9028763999999998e-19,True,0.8,0.5740136,0.68,0.45401356,94,False,False,False,filtered_topk,0.0,filtered_top200,94
QUO,12593,1134,3884,0.2259864487843762,0.4417352,0.12167858,0.32005662,0.4895237,0.4895237,0.58031625,0.58031625,0.16063249,7.4848756e-24,True,0.1,-0.12598646,0.58,0.35401353,95,False,False,False,filtered_topk,0.0,filtered_top200,95
QUO,26067,1134,3884,0.2259864487843762,0.17938437,0.03079189,0.14859247,0.4875175,0.4875175,0.5703186,0.5703186,0.14063716,1.4559296e-25,True,0.1,-0.12598646,0.5,0.27401355,96,False,False,False,filtered_topk,0.0,filtered_top200,96
QUO,5855,1134,3884,0.2259864487843762,0.031837314,0.0036905212,0.028146792,0.48707587,0.48707587,0.5415505,0.5415505,0.083101034,5.780343e-19,True,0.9,0.6740135,0.8,0.5740136,97,False,False,False,filtered_topk,0.0,filtered_top200,97
QUO,29759,1134,3884,0.2259864487843762,0.052493248,0.2867639,-0.23427066,-0.48615113,0.48615113,0.372394,0.62760603,0.255212,0.0,True,0.0,-0.22598645,0.04,-0.18598646,98,False,False,False,filtered_topk,0.0,filtered_top200,98
QUO,30700,1134,3884,0.2259864487843762,0.2697052,0.050790805,0.2189144,0.4836678,0.4836678,0.56645554,0.56645554,0.13291109,7.876652000000001e-22,True,0.5,0.27401355,0.62,0.39401355,99,False,False,False,filtered_topk,0.0,filtered_top200,99
QUO,16480,1134,3884,0.2259864487843762,0.13592131,0.04023367,0.09568764,0.48304045,0.48304045,0.56828165,0.56828165,0.1365633,2.0551598e-24,True,0.8,0.5740136,0.66,0.43401358,100,False,False,False,filtered_topk,0.0,filtered_top200,100
QUO,22553,1134,3884,0.2259864487843762,0.12592317,0.023496838,0.102426335,0.48182604,0.48182604,0.5651984,0.5651984,0.13039684,4.2190108e-20,True,0.8,0.5740136,0.72,0.49401358,101,False,False,False,filtered_topk,0.0,filtered_top200,101
QUO,24824,1134,3884,0.2259864487843762,0.32722938,0.06933343,0.25789595,0.4740281,0.4740281,0.56701076,0.56701076,0.13402152,8.7183305e-26,True,0.1,-0.12598646,0.16,-0.065986454,102,False,False,False,filtered_topk,0.0,filtered_top200,102
QUO,8728,1134,3884,0.2259864487843762,0.16658571,0.019416094,0.14716962,0.4701364,0.4701364,0.5508114,0.5508114,0.10162282,6.3196756e-18,True,0.8,0.5740136,0.76,0.5340135,103,False,False,False,filtered_topk,0.0,filtered_top200,103
QUO,16398,1134,3884,0.2259864487843762,0.19156298,0.03467149,0.1568915,0.4700365,0.4700365,0.55438083,0.55438083,0.10876167,2.3056864999999996e-18,True,0.8,0.5740136,0.8,0.5740136,104,False,False,False,filtered_topk,0.0,filtered_top200,104
QUO,1779,1134,3884,0.2259864487843762,0.22547916,0.036650762,0.1888284,0.4688901,0.4688901,0.55357134,0.55357134,0.10714269,2.9157848e-19,True,0.8,0.5740136,0.64,0.41401353,105,False,False,False,filtered_topk,0.0,filtered_top200,105
QUO,16969,1134,3884,0.2259864487843762,0.59386367,0.20831959,0.38554406,0.4643954,0.4643954,0.59896725,0.59896725,0.19793451,1.5340923e-29,True,0.1,-0.12598646,0.28,0.05401355,106,False,False,False,filtered_topk,0.0,filtered_top200,106
QUO,3808,1134,3884,0.2259864487843762,0.19283234,0.02535291,0.16747943,0.46246588,0.46246588,0.5430403,0.5430403,0.08608055,8.951625e-18,True,0.4,0.17401356,0.76,0.5340135,107,False,False,False,filtered_topk,0.0,filtered_top200,107
QUO,8427,1134,3884,0.2259864487843762,0.12837577,0.029593565,0.098782204,0.4575239,0.4575239,0.5560791,0.5560791,0.11215818,3.3303998e-20,True,0.7,0.47401354,0.62,0.39401355,108,False,False,False,filtered_topk,0.0,filtered_top200,108
QUO,32535,1134,3884,0.2259864487843762,0.13549417,0.042377885,0.09311628,0.45417058,0.45417058,0.5751476,0.5751476,0.15029526,5.198879e-25,True,0.3,0.07401356,0.52,0.29401353,109,False,False,False,filtered_topk,0.0,filtered_top200,109
QUO,31116,1134,3884,0.2259864487843762,0.45696235,0.14463334,0.312329,0.45387012,0.45387012,0.5650111,0.5650111,0.13002217,4.557126e-25,True,0.0,-0.22598645,0.22,-0.005986452,110,False,False,False,filtered_topk,0.0,filtered_top200,110
QUO,5926,1134,3884,0.2259864487843762,0.2872971,0.13320272,0.15409438,0.45168418,0.45168418,0.58922625,0.58922625,0.17845249,1.8693539999999998e-26,True,0.6,0.37401357,0.56,0.33401355,111,False,False,False,filtered_topk,0.0,filtered_top200,111
QUO,25687,1134,3884,0.2259864487843762,0.14207175,0.030434353,0.1116374,0.45116234,0.45116234,0.5511316,0.5511316,0.10226321,1.1444126e-17,True,1.0,0.7740135,0.76,0.5340135,112,False,False,False,filtered_topk,0.0,filtered_top200,112
QUO,20564,1134,3884,0.2259864487843762,0.4237351,0.57187945,-0.14814433,-0.45001426,0.45001426,0.36410773,0.6358923,0.27178454,9.944247e-38,True,0.1,-0.12598646,0.06,-0.16598645,113,False,False,False,filtered_topk,0.0,filtered_top200,113
QUO,9266,1134,3884,0.2259864487843762,0.14773135,0.027976856,0.11975449,0.44423354,0.44423354,0.5627585,0.5627585,0.12551701,9.50333e-22,True,0.1,-0.12598646,0.5,0.27401355,114,False,False,False,filtered_topk,0.0,filtered_top200,114
QUO,5418,1134,3884,0.2259864487843762,0.093579486,0.024169168,0.06941032,0.44408977,0.44408977,0.56287247,0.56287247,0.12574494,1.092506e-21,True,0.5,0.27401355,0.5,0.27401355,115,False,False,False,filtered_topk,0.0,filtered_top200,115
QUO,26869,1134,3884,0.2259864487843762,0.37682566,0.71952593,-0.34270027,-0.44399634,0.44399634,0.3825853,0.6174147,0.23482943,0.0,True,0.1,-0.12598646,0.1,-0.12598646,116,False,False,False,filtered_topk,0.0,filtered_top200,116
QUO,20114,1134,3884,0.2259864487843762,0.07985594,0.00826709,0.07158885,0.44047323,0.44047323,0.5350825,0.5350825,0.07016504,1.9317488e-15,True,0.6,0.37401357,0.76,0.5340135,117,False,False,False,filtered_topk,0.0,filtered_top200,117
QUO,16735,1134,3884,0.2259864487843762,0.20483872,0.048975967,0.15586275,0.4365668,0.4365668,0.55183035,0.55183035,0.1036607,1.1097461999999999e-18,True,0.8,0.5740136,0.66,0.43401358,118,False,False,False,filtered_topk,0.0,filtered_top200,118
QUO,31151,1134,3884,0.2259864487843762,0.16311005,0.033523448,0.1295866,0.43467146,0.43467146,0.5450799,0.5450799,0.090159774,9.479266499999999e-18,True,0.6,0.37401357,0.68,0.45401356,119,False,False,False,filtered_topk,0.0,filtered_top200,119
QUO,25837,1134,3884,0.2259864487843762,0.05106199,0.0017032014,0.04935879,0.43262288,0.43262288,0.5287064,0.5287064,0.057412744,1.2177127e-12,True,1.0,0.7740135,0.86,0.63401353,120,False,False,False,filtered_topk,0.0,filtered_top200,120
QUO,27390,1134,3884,0.2259864487843762,0.14407311,0.040708374,0.103364736,0.43200502,0.43200502,0.57776284,0.57776284,0.15552568,2.2164654e-21,True,0.5,0.27401355,0.5,0.27401355,121,False,False,False,filtered_topk,0.0,filtered_top200,121
QUO,2220,1134,3884,0.2259864487843762,0.15263999,0.05696447,0.09567551,0.42902216,0.42902216,0.5757098,0.5757098,0.15141964,5.593942e-24,True,0.3,0.07401356,0.5,0.27401355,122,False,False,False,filtered_topk,0.0,filtered_top200,122
QUO,15976,1134,3884,0.2259864487843762,0.04597422,0.0037870712,0.04218715,0.42832038,0.42832038,0.5285918,0.5285918,0.057183623,8.844367e-14,True,1.0,0.7740135,0.8,0.5740136,123,False,False,False,filtered_topk,0.0,filtered_top200,123
QUO,15843,1134,3884,0.2259864487843762,0.044288058,0.0058241743,0.038463883,0.42797992,0.42797992,0.5359344,0.5359344,0.07186878,1.9969359000000002e-16,True,0.1,-0.12598646,0.72,0.49401358,124,False,False,False,filtered_topk,0.0,filtered_top200,124
QUO,7702,1134,3884,0.2259864487843762,0.26173252,0.12175552,0.13997701,0.42753586,0.42753586,0.58288264,0.58288264,0.16576529,1.6437180000000001e-25,True,0.4,0.17401356,0.42,0.19401354,125,False,False,False,filtered_topk,0.0,filtered_top200,125
QUO,15539,1134,3884,0.2259864487843762,1.0168289,1.1904659,-0.17363703,-0.42355758,0.42355758,0.37054518,0.62945485,0.25890964,6.245603999999999e-36,True,0.0,-0.22598645,0.02,-0.20598646,126,False,False,False,filtered_topk,0.0,filtered_top200,126
QUO,21683,1134,3884,0.2259864487843762,0.26314655,0.034933984,0.22821257,0.421084,0.421084,0.5395635,0.5395635,0.079126954,1.3936217e-15,True,0.8,0.5740136,0.62,0.39401355,127,False,False,False,filtered_topk,0.0,filtered_top200,127
QUO,26451,1134,3884,0.2259864487843762,0.119924285,0.009327128,0.110597156,0.42101932,0.42101932,0.53753424,0.53753424,0.075068474,9.667954e-13,True,1.0,0.7740135,0.78,0.5540135,128,False,False,False,filtered_topk,0.0,filtered_top200,128
QUO,11552,1134,3884,0.2259864487843762,0.11010699,0.011673995,0.098432995,0.41868848,0.41868848,0.5353375,0.5353375,0.070675015,4.9689473e-14,True,0.7,0.47401354,0.8,0.5740136,129,False,False,False,filtered_topk,0.0,filtered_top200,129
QUO,8359,1134,3884,0.2259864487843762,0.08995053,0.28217828,-0.19222775,-0.41770163,0.41770163,0.3977052,0.6022948,0.2045896,0.0,True,0.1,-0.12598646,0.06,-0.16598645,130,False,False,False,filtered_topk,0.0,filtered_top200,130
QUO,27712,1134,3884,0.2259864487843762,0.06509039,0.010002977,0.05508741,0.41721645,0.41721645,0.5325019,0.5325019,0.06500375,5.720647e-14,True,1.0,0.7740135,0.88,0.6540135,131,False,False,False,filtered_topk,0.0,filtered_top200,131
QUO,19093,1134,3884,0.2259864487843762,0.023651069,0.0013235388,0.022327531,0.416187,0.416187,0.52448213,0.52448213,0.048964262,1.0295086e-12,True,0.9,0.6740135,0.86,0.63401353,132,False,False,False,filtered_topk,0.0,filtered_top200,132
QUO,25960,1134,3884,0.2259864487843762,0.16075906,0.039368745,0.12139031,0.40932214,0.40932214,0.5502013,0.5502013,0.10040259,3.5713739000000005e-16,True,0.7,0.47401354,0.7,0.47401354,133,False,False,False,filtered_topk,0.0,filtered_top200,133
QUO,13459,1134,3884,0.2259864487843762,0.08790268,0.01701039,0.07089229,0.4059903,0.4059903,0.54121983,0.54121983,0.08243966,1.9616438e-15,True,0.6,0.37401357,0.74,0.5140135,134,False,False,False,filtered_topk,0.0,filtered_top200,134
QUO,31049,1134,3884,0.2259864487843762,0.13027206,0.023170982,0.10710108,0.40546548,0.40546548,0.54390746,0.54390746,0.08781493,2.6719436e-15,True,0.6,0.37401357,0.72,0.49401358,135,False,False,False,filtered_topk,0.0,filtered_top200,135
QUO,26206,1134,3884,0.2259864487843762,0.07159908,0.00943474,0.06216434,0.4035493,0.4035493,0.5299574,0.5299574,0.059914827,2.0033935e-13,True,0.8,0.5740136,0.88,0.6540135,136,False,False,False,filtered_topk,0.0,filtered_top200,136
QUO,1516,1134,3884,0.2259864487843762,0.16568494,0.45717457,-0.29148963,-0.4033072,0.4033072,0.392327,0.607673,0.21534598,0.0,True,0.0,-0.22598645,0.06,-0.16598645,137,False,False,False,filtered_topk,0.0,filtered_top200,137
QUO,32696,1134,3884,0.2259864487843762,0.8213597,0.9862286,-0.16486889,-0.40057662,0.40057662,0.38397,0.61603,0.23206002,1.4500566000000002e-27,True,0.4,0.17401356,0.1,-0.12598646,138,False,False,False,filtered_topk,0.0,filtered_top200,138
QUO,27508,1134,3884,0.2259864487843762,0.30718145,0.119959794,0.18722165,0.40036985,0.40036985,0.57442,0.57442,0.14883995,7.855775e-21,True,0.7,0.47401354,0.44,0.21401355,139,False,False,False,filtered_topk,0.0,filtered_top200,139
QUO,28961,1134,3884,0.2259864487843762,0.19710545,0.08733244,0.10977301,0.39951715,0.39951715,0.5836153,0.5836153,0.1672306,1.2257289e-23,True,0.3,0.07401356,0.24,0.014013544,140,False,False,False,filtered_topk,0.0,filtered_top200,140
QUO,3794,1134,3884,0.2259864487843762,0.1862203,0.033944346,0.15227595,0.39872232,0.39872232,0.52966654,0.52966654,0.059333086,7.813019e-14,True,0.7,0.47401354,0.74,0.5140135,141,False,False,False,filtered_topk,0.0,filtered_top200,141
QUO,16889,1134,3884,0.2259864487843762,0.0616595,0.008648763,0.053010736,0.39578298,0.39578298,0.53769696,0.53769696,0.075393915,3.852289e-13,True,0.8,0.5740136,0.6,0.37401357,142,False,False,False,filtered_topk,0.0,filtered_top200,142
QUO,25149,1134,3884,0.2259864487843762,1.4939718,1.2422258,0.25174606,0.3956184,0.3956184,0.61658376,0.61658376,0.23316753,8.085486e-37,True,0.0,-0.22598645,0.22,-0.005986452,143,False,False,False,filtered_topk,0.0,filtered_top200,143
QUO,8931,1134,3884,0.2259864487843762,0.6026992,0.28466746,0.31803176,0.3925163,0.3925163,0.5719629,0.5719629,0.14392579,1.4247021e-22,True,0.3,0.07401356,0.32,0.09401354,144,False,False,False,filtered_topk,0.0,filtered_top200,144
QUO,5308,1134,3884,0.2259864487843762,0.13336709,0.027937632,0.105429456,0.39019686,0.39019686,0.53663564,0.53663564,0.073271275,7.14246e-15,True,0.6,0.37401357,0.6,0.37401357,145,False,False,False,filtered_topk,0.0,filtered_top200,145
QUO,7552,1134,3884,0.2259864487843762,0.07576368,0.008804651,0.06695903,0.38978967,0.38978967,0.5317976,0.5317976,0.063595176,1.0419212e-12,True,0.9,0.6740135,0.78,0.5540135,146,False,False,False,filtered_topk,0.0,filtered_top200,146
QUO,28548,1134,3884,0.2259864487843762,0.5882316,0.29436168,0.29386994,0.38703328,0.38703328,0.58777755,0.58777755,0.17555511,1.739657e-25,True,0.0,-0.22598645,0.0,-0.22598645,147,False,False,False,filtered_topk,0.0,filtered_top200,147
QUO,29745,1134,3884,0.2259864487843762,0.07611676,0.010854829,0.06526193,0.3856125,0.3856125,0.53060466,0.53060466,0.06120932,3.907045e-13,True,0.6,0.37401357,0.76,0.5340135,148,False,False,False,filtered_topk,0.0,filtered_top200,148
QUO,26263,1134,3884,0.2259864487843762,0.3033415,0.70106554,-0.39772403,-0.3831431,0.3831431,0.41639218,0.5836078,0.16721565,3.48469e-40,True,0.2,-0.025986448,0.1,-0.12598646,149,False,False,False,filtered_topk,0.0,filtered_top200,149
QUO,10395,1134,3884,0.2259864487843762,0.034310583,0.004339719,0.029970864,0.38304546,0.38304546,0.5297324,0.5297324,0.059464812,1.5078234e-13,True,0.5,0.27401355,0.68,0.45401356,150,False,False,False,filtered_topk,0.0,filtered_top200,150
QUO,24114,1134,3884,0.2259864487843762,0.027300691,0.002386594,0.024914097,0.38144147,0.38144147,0.5226097,0.5226097,0.04521942,1.5388893e-11,True,0.8,0.5740136,0.84,0.61401355,151,False,False,False,filtered_topk,0.0,filtered_top200,151
QUO,28869,1134,3884,0.2259864487843762,0.03022349,0.0017560022,0.028467488,0.3790272,0.3790272,0.5201998,0.5201998,0.04039955,8.549168e-11,True,0.9,0.6740135,0.84,0.61401355,152,False,False,False,filtered_topk,0.0,filtered_top200,152
QUO,17503,1134,3884,0.2259864487843762,0.35572883,0.10122457,0.25450426,0.376049,0.376049,0.5441319,0.5441319,0.08826375,2.3683782e-15,True,0.5,0.27401355,0.7,0.47401354,153,False,False,False,filtered_topk,0.0,filtered_top200,153
QUO,627,1134,3884,0.2259864487843762,0.08546902,0.021820791,0.06364823,0.375969,0.375969,0.548365,0.548365,0.096729994,1.1666579e-15,True,0.5,0.27401355,0.5,0.27401355,154,False,False,False,filtered_topk,0.0,filtered_top200,154
QUO,26634,1134,3884,0.2259864487843762,0.47481433,0.22223988,0.25257444,0.3750846,0.3750846,0.5745253,0.5745253,0.1490506,4.2504866e-20,True,0.2,-0.025986448,0.42,0.19401354,155,False,False,False,filtered_topk,0.0,filtered_top200,155
QUO,26739,1134,3884,0.2259864487843762,0.025833264,0.19056395,-0.16473068,-0.373299,0.373299,0.42981198,0.57018805,0.14037603,0.0,True,0.1,-0.12598646,0.02,-0.20598646,156,False,False,False,filtered_topk,0.0,filtered_top200,156
QUO,1072,1134,3884,0.2259864487843762,0.17693521,0.36618227,-0.18924706,-0.37144515,0.37144515,0.40577883,0.5942212,0.18844235,1.9265825999999998e-35,True,0.2,-0.025986448,0.18,-0.045986444,157,False,False,False,filtered_topk,0.0,filtered_top200,157
QUO,30208,1134,3884,0.2259864487843762,0.16366464,0.056851827,0.10681281,0.3697263,0.3697263,0.5496377,0.5496377,0.09927535,3.145335e-16,True,0.6,0.37401357,0.58,0.35401353,158,False,False,False,filtered_topk,0.0,filtered_top200,158
QUO,22201,1134,3884,0.2259864487843762,0.04760527,0.007972411,0.039632857,0.3692207,0.3692207,0.5297853,0.5297853,0.05957055,4.4553567e-13,True,0.6,0.37401357,0.6,0.37401357,159,False,False,False,filtered_topk,0.0,filtered_top200,159
QUO,14600,1134,3884,0.2259864487843762,0.07238447,0.0050095343,0.06737494,0.36919668,0.36919668,0.5283464,0.5283464,0.05669284,1.4350232e-10,True,0.9,0.6740135,0.74,0.5140135,160,False,False,False,filtered_topk,0.0,filtered_top200,160
QUO,5828,1134,3884,0.2259864487843762,0.021157132,0.13970375,-0.11854662,-0.3682888,0.3682888,0.43348303,0.566517,0.13303393,0.0,True,0.0,-0.22598645,0.02,-0.20598646,161,False,False,False,filtered_topk,0.0,filtered_top200,161
QUO,24062,1134,3884,0.2259864487843762,0.015690448,0.000129739,0.015560709,0.36671984,0.36671984,0.5153053,0.5153053,0.030610561,3.6473982e-09,True,1.0,0.7740135,0.76,0.5340135,162,False,False,False,filtered_topk,0.0,filtered_top200,162
QUO,4282,1134,3884,0.2259864487843762,0.21610105,0.0854985,0.13060255,0.3657656,0.3657656,0.5822835,0.5822835,0.164567,5.638721e-20,True,0.1,-0.12598646,0.26,0.03401354,163,False,False,False,filtered_topk,0.0,filtered_top200,163
QUO,9075,1134,3884,0.2259864487843762,0.1495949,0.03937327,0.11022163,0.3655886,0.3655886,0.52987313,0.52987313,0.059746265,1.0636185e-12,True,0.4,0.17401356,0.82,0.5940136,164,False,False,False,filtered_topk,0.0,filtered_top200,164
QUO,18205,1134,3884,0.2259864487843762,0.1768887,0.31807074,-0.14118204,-0.36549687,0.36549687,0.40787762,0.5921224,0.18424475,7.337053e-32,True,0.1,-0.12598646,0.1,-0.12598646,165,False,False,False,filtered_topk,0.0,filtered_top200,165
QUO,374,1134,3884,0.2259864487843762,0.10245122,0.027184341,0.07526688,0.36217067,0.36217067,0.5410951,0.5410951,0.082190156,1.0130995e-14,True,0.7,0.47401354,0.56,0.33401355,166,False,False,False,filtered_topk,0.0,filtered_top200,166
QUO,16045,1134,3884,0.2259864487843762,0.21169533,0.45181352,-0.24011819,-0.36182705,0.36182705,0.41784468,0.58215535,0.16431063,1.1861305999999999e-35,True,0.0,-0.22598645,0.06,-0.16598645,167,False,False,False,filtered_topk,0.0,filtered_top200,167
QUO,12910,1134,3884,0.2259864487843762,0.43383142,0.7796338,-0.3458024,-0.36094567,0.36094567,0.40832376,0.59167624,0.18335247,1.8766726e-32,True,0.1,-0.12598646,0.22,-0.005986452,168,False,False,False,filtered_topk,0.0,filtered_top200,168
QUO,15702,1134,3884,0.2259864487843762,0.059938893,0.009282372,0.05065652,0.3577354,0.3577354,0.5275307,0.5275307,0.05506146,1.8264041e-11,True,0.7,0.47401354,0.7,0.47401354,169,False,False,False,filtered_topk,0.0,filtered_top200,169
QUO,27724,1134,3884,0.2259864487843762,0.17051436,0.02663622,0.14387813,0.3569996,0.3569996,0.5331397,0.5331397,0.06627941,7.317024e-12,True,0.6,0.37401357,0.68,0.45401356,170,False,False,False,filtered_topk,0.0,filtered_top200,170
QUO,7741,1134,3884,0.2259864487843762,0.03665468,0.13650654,-0.09985186,-0.35699657,0.35699657,0.43278432,0.5672157,0.13443136,0.0,True,0.0,-0.22598645,0.04,-0.18598646,171,False,False,False,filtered_topk,0.0,filtered_top200,171
QUO,20904,1134,3884,0.2259864487843762,0.037433174,0.18227725,-0.14484407,-0.3569581,0.3569581,0.43556264,0.5644374,0.12887472,0.0,True,0.0,-0.22598645,0.1,-0.12598646,172,False,False,False,filtered_topk,0.0,filtered_top200,172
QUO,13703,1134,3884,0.2259864487843762,0.32545882,0.2252274,0.100231424,0.35584664,0.35584664,0.58490425,0.58490425,0.1698085,4.952071e-21,True,0.7,0.47401354,0.82,0.5940136,173,False,False,False,filtered_topk,0.0,filtered_top200,173
QUO,20808,1134,3884,0.2259864487843762,0.10756999,0.39043492,-0.28286493,-0.35580102,0.35580102,0.41515502,0.58484495,0.16968995,0.0,True,0.0,-0.22598645,0.04,-0.18598646,174,False,False,False,filtered_topk,0.0,filtered_top200,174
QUO,6324,1134,3884,0.2259864487843762,0.16456714,0.06679094,0.097776204,0.35502622,0.35502622,0.5548767,0.5548767,0.10975337,3.27632e-16,True,0.4,0.17401356,0.58,0.35401353,175,False,False,False,filtered_topk,0.0,filtered_top200,175
QUO,1318,1134,3884,0.2259864487843762,0.10115086,0.014778176,0.08637269,0.35496753,0.35496753,0.5264882,0.5264882,0.05297637,2.4632501e-11,True,0.7,0.47401354,0.74,0.5140135,176,False,False,False,filtered_topk,0.0,filtered_top200,176
QUO,1561,1134,3884,0.2259864487843762,0.0686625,0.016271181,0.05239132,0.3521926,0.3521926,0.5373684,0.5373684,0.07473683,1.8734259e-13,True,0.7,0.47401354,0.52,0.29401353,177,False,False,False,filtered_topk,0.0,filtered_top200,177
QUO,22547,1134,3884,0.2259864487843762,0.28020284,0.13092625,0.14927658,0.35131437,0.35131437,0.5600415,0.5600415,0.120082974,3.5616915e-17,True,0.3,0.07401356,0.34,0.11401355,178,False,False,False,filtered_topk,0.0,filtered_top200,178
QUO,30798,1134,3884,0.2259864487843762,0.03567812,0.20757334,-0.17189522,-0.35059518,0.35059518,0.4407609,0.5592391,0.11847818,0.0,True,0.0,-0.22598645,0.02,-0.20598646,179,False,False,False,filtered_topk,0.0,filtered_top200,179
QUO,27178,1134,3884,0.2259864487843762,0.12787113,0.03558419,0.09228694,0.34969932,0.34969932,0.55288154,0.55288154,0.10576308,1.12510006e-14,True,0.4,0.17401356,0.6,0.37401357,180,False,False,False,filtered_topk,0.0,filtered_top200,180
QUO,12327,1134,3884,0.2259864487843762,0.05553661,0.016816286,0.038720325,0.3473748,0.3473748,0.54019904,0.54019904,0.08039808,2.5056873e-14,True,0.6,0.37401357,0.44,0.21401355,181,False,False,False,filtered_topk,0.0,filtered_top200,181
QUO,25028,1134,3884,0.2259864487843762,0.10235994,0.29707715,-0.1947172,-0.34669733,0.34669733,0.42112386,0.57887614,0.15775228,2.061887e-39,True,0.0,-0.22598645,0.08,-0.14598645,182,False,False,False,filtered_topk,0.0,filtered_top200,182
QUO,24886,1134,3884,0.2259864487843762,0.03244702,0.0036155945,0.028831426,0.3465642,0.3465642,0.5232924,0.5232924,0.046584845,1.03610204e-10,True,0.7,0.47401354,0.68,0.45401356,183,False,False,False,filtered_topk,0.0,filtered_top200,183
QUO,920,1134,3884,0.2259864487843762,0.9155713,0.76684594,0.14872533,0.3440734,0.3440734,0.5909574,0.5909574,0.1819148,1.4169167e-29,True,0.2,-0.025986448,0.22,-0.005986452,184,False,False,False,filtered_topk,0.0,filtered_top200,184
QUO,19485,1134,3884,0.2259864487843762,0.100393035,0.008984677,0.09140836,0.34392396,0.34392396,0.5249569,0.5249569,0.049913764,1.7404138e-09,True,0.9,0.6740135,0.82,0.5940136,185,False,False,False,filtered_topk,0.0,filtered_top200,185
QUO,4737,1134,3884,0.2259864487843762,0.025562858,0.12634566,-0.100782804,-0.34307963,0.34307963,0.43372485,0.5662751,0.1325503,0.0,True,0.0,-0.22598645,0.04,-0.18598646,186,False,False,False,filtered_topk,0.0,filtered_top200,186
QUO,4561,1134,3884,0.2259864487843762,0.14343068,0.0570404,0.08639028,0.34290323,0.34290323,0.5514446,0.5514446,0.10288918,9.692217e-15,True,0.4,0.17401356,0.64,0.41401353,187,False,False,False,filtered_topk,0.0,filtered_top200,187
QUO,5434,1134,3884,0.2259864487843762,0.056960978,0.012267878,0.044693097,0.34203616,0.34203616,0.5360181,0.5360181,0.07203615,8.511919e-11,True,1.0,0.7740135,0.46,0.23401356,188,False,False,False,filtered_topk,0.0,filtered_top200,188
QUO,6372,1134,3884,0.2259864487843762,0.17787388,0.057664458,0.120209426,0.3412872,0.3412872,0.5596693,0.5596693,0.11933863,6.563797e-16,True,0.2,-0.025986448,0.26,0.03401354,189,False,False,False,filtered_topk,0.0,filtered_top200,189
QUO,30172,1134,3884,0.2259864487843762,0.04826148,0.20766184,-0.15940036,-0.34111968,0.34111968,0.42762467,0.5723753,0.14475065,0.0,True,0.0,-0.22598645,0.04,-0.18598646,190,False,False,False,filtered_topk,0.0,filtered_top200,190
QUO,15068,1134,3884,0.2259864487843762,0.2775022,0.60686016,-0.32935795,-0.34108278,0.34108278,0.43299457,0.5670054,0.13401085,2.4502124e-35,True,0.0,-0.22598645,0.02,-0.20598646,191,False,False,False,filtered_topk,0.0,filtered_top200,191
QUO,10876,1134,3884,0.2259864487843762,0.08205364,0.027403088,0.054650553,0.33932185,0.33932185,0.541328,0.541328,0.082656026,8.793526e-14,True,0.5,0.27401355,0.58,0.35401353,192,False,False,False,filtered_topk,0.0,filtered_top200,192
QUO,8007,1134,3884,0.2259864487843762,0.09028295,0.031342026,0.05894092,0.33826888,0.33826888,0.5431983,0.5431983,0.086396575,1.7115741e-13,True,0.6,0.37401357,0.58,0.35401353,193,False,False,False,filtered_topk,0.0,filtered_top200,193
QUO,24097,1134,3884,0.2259864487843762,0.06485443,0.01251579,0.052338637,0.33808425,0.33808425,0.5289725,0.5289725,0.057945013,1.2017869e-11,True,0.7,0.47401354,0.6,0.37401357,194,False,False,False,filtered_topk,0.0,filtered_top200,194
QUO,32764,1134,3884,0.2259864487843762,0.03393856,0.15027799,-0.11633943,-0.3375382,0.3375382,0.43966484,0.56033516,0.12067032,0.0,True,0.0,-0.22598645,0.02,-0.20598646,195,False,False,False,filtered_topk,0.0,filtered_top200,195
QUO,8651,1134,3884,0.2259864487843762,0.13468812,0.02814431,0.10654382,0.33642194,0.33642194,0.53388566,0.53388566,0.067771316,7.7923494e-11,True,0.8,0.5740136,0.68,0.45401356,196,False,False,False,filtered_topk,0.0,filtered_top200,196
QUO,19403,1134,3884,0.2259864487843762,0.10565993,0.036420953,0.069238976,0.3363788,0.3363788,0.5394724,0.5394724,0.0789448,2.797984e-13,True,0.6,0.37401357,0.6,0.37401357,197,False,False,False,filtered_topk,0.0,filtered_top200,197
QUO,31666,1134,3884,0.2259864487843762,0.10541191,0.034632266,0.070779644,0.33281285,0.33281285,0.53797144,0.53797144,0.075942874,5.754492e-13,True,0.6,0.37401357,0.62,0.39401355,198,False,False,False,filtered_topk,0.0,filtered_top200,198
QUO,15618,1134,3884,0.2259864487843762,0.09751847,0.01540726,0.08211121,0.33194867,0.33194867,0.5264278,0.5264278,0.05285561,4.689989e-10,True,0.7,0.47401354,0.68,0.45401356,199,False,False,False,filtered_topk,0.0,filtered_top200,199
QUO,23224,1134,3884,0.2259864487843762,0.20579979,0.07394419,0.1318556,0.331101,0.331101,0.6022416,0.6022416,0.20448315,1.6192754000000002e-16,True,0.2,-0.025986448,0.34,0.11401355,200,False,False,False,filtered_topk,0.0,filtered_top200,200
QUC,21935,687,4331,0.1369071343164607,0.73521936,0.11715503,0.61806434,1.432533,1.432533,0.7541753,0.7541753,0.5083506,0.0,True,0.5,0.36309287,0.56,0.42309287,1,False,False,False,filtered_topk,0.0,filtered_top200,1
QUC,13430,687,4331,0.1369071343164607,1.4714878,0.53089195,0.9405958,1.3774931,1.3774931,0.8285691,0.8285691,0.6571382,0.0,True,0.4,0.26309288,0.48,0.34309286,2,False,False,False,filtered_topk,0.0,filtered_top200,2
QUC,14014,687,4331,0.1369071343164607,0.7134052,0.056283914,0.6571213,1.25963,1.25963,0.6717268,0.6717268,0.34345365,0.0,True,0.9,0.7630929,0.8,0.66309285,3,False,False,False,filtered_topk,0.0,filtered_top200,3
QUC,20869,687,4331,0.1369071343164607,0.43250206,0.0551078,0.37739426,1.2299426,1.2299426,0.68772334,0.68772334,0.37544668,0.0,True,0.7,0.5630928,0.66,0.52309287,4,False,False,False,filtered_topk,0.0,filtered_top200,4
QUC,18646,687,4331,0.1369071343164607,0.46129572,0.07423995,0.38705578,1.1728493,1.1728493,0.7025345,0.7025345,0.405069,0.0,True,0.2,0.06309287,0.46,0.32309288,5,False,False,False,filtered_topk,0.0,filtered_top200,5
QUC,4998,687,4331,0.1369071343164607,0.2271709,0.028883792,0.1982871,0.9925143,0.9925143,0.63324237,0.63324237,0.26648474,4.7453776999999995e-37,True,0.5,0.36309287,0.66,0.52309287,6,False,False,False,filtered_topk,0.0,filtered_top200,6
QUC,22358,687,4331,0.1369071343164607,0.5586563,0.08534223,0.47331405,0.9058372,0.9058372,0.61264545,0.61264545,0.2252909,5.5087126e-35,True,0.6,0.4630929,0.46,0.32309288,7,False,False,False,filtered_topk,0.0,filtered_top200,7
QUC,12555,687,4331,0.1369071343164607,0.33566743,0.035204954,0.30046248,0.8328413,0.8328413,0.5849248,0.5849248,0.16984963,1.4879646e-24,True,0.6,0.4630929,0.66,0.52309287,8,False,False,False,filtered_topk,0.0,filtered_top200,8
QUC,8969,687,4331,0.1369071343164607,0.21927026,0.028992474,0.19027779,0.77205443,0.77205443,0.5823184,0.5823184,0.16463685,9.231324e-20,True,0.8,0.66309285,0.7,0.5630928,9,False,False,False,filtered_topk,0.0,filtered_top200,9
QUC,12340,687,4331,0.1369071343164607,1.0293708,0.33459452,0.6947763,0.76462346,0.76462346,0.6419024,0.6419024,0.28380477,3.3401618e-31,True,0.8,0.66309285,0.66,0.52309287,10,False,False,False,filtered_topk,0.0,filtered_top200,10
QUC,20463,687,4331,0.1369071343164607,0.47034207,0.07500974,0.39533234,0.7602986,0.7602986,0.6062171,0.6062171,0.21243417,8.908937e-19,True,0.9,0.7630929,0.74,0.6030929,11,False,False,False,filtered_topk,0.0,filtered_top200,11
QUC,11660,687,4331,0.1369071343164607,0.7113753,0.25040135,0.46097395,0.7547531,0.7547531,0.67892975,0.67892975,0.3578595,0.0,True,0.2,0.06309287,0.22,0.08309287,12,False,False,False,filtered_topk,0.0,filtered_top200,12
QUC,9827,687,4331,0.1369071343164607,0.2386878,0.044963814,0.19372398,0.7502001,0.7502001,0.60339224,0.60339224,0.20678449,1.3190319e-25,True,0.7,0.5630928,0.44,0.30309287,13,False,False,False,filtered_topk,0.0,filtered_top200,13
QUC,16969,687,4331,0.1369071343164607,0.8104815,0.21375062,0.5967309,0.7273253,0.7273253,0.5892834,0.5892834,0.17856681,2.0338408e-25,True,0.8,0.66309285,0.68,0.54309285,14,False,False,False,filtered_topk,0.0,filtered_top200,14
QUC,736,687,4331,0.1369071343164607,0.28178734,0.0648626,0.21692473,0.7116975,0.7116975,0.62528914,0.62528914,0.25057828,1.1589473999999998e-25,True,0.2,0.06309287,0.54,0.4030929,15,False,False,False,filtered_topk,0.0,filtered_top200,15
QUC,8089,687,4331,0.1369071343164607,0.14049706,0.024698846,0.11579821,0.7022344,0.7022344,0.5888962,0.5888962,0.17779243,2.1886207e-21,True,0.5,0.36309287,0.46,0.32309288,16,False,False,False,filtered_topk,0.0,filtered_top200,16
QUC,24943,687,4331,0.1369071343164607,0.3922995,0.09419149,0.298108,0.67992157,0.67992157,0.61200726,0.61200726,0.22401452,1.9659102e-24,True,0.3,0.16309288,0.48,0.34309286,17,False,False,False,filtered_topk,0.0,filtered_top200,17
QUC,27857,687,4331,0.1369071343164607,0.43091282,0.05346719,0.37744564,0.66822684,0.66822684,0.55544555,0.55544555,0.110891104,1.7098912e-14,True,0.8,0.66309285,0.74,0.6030929,18,False,False,False,filtered_topk,0.0,filtered_top200,18
QUC,7037,687,4331,0.1369071343164607,0.2283621,0.0148295,0.2135326,0.6571498,0.6571498,0.54166704,0.54166704,0.08333409,4.2441772e-13,True,0.9,0.7630929,0.8,0.66309285,19,False,False,False,filtered_topk,0.0,filtered_top200,19
QUC,17507,687,4331,0.1369071343164607,0.120064594,0.014728484,0.10533611,0.6493369,0.6493369,0.5614883,0.5614883,0.12297654,4.447053e-16,True,0.9,0.7630929,0.6,0.4630929,20,False,False,False,filtered_topk,0.0,filtered_top200,20
QUC,28816,687,4331,0.1369071343164607,0.14201237,0.007269088,0.13474329,0.64500296,0.64500296,0.54996157,0.54996157,0.099923134,7.586542e-12,True,0.8,0.66309285,0.8,0.66309285,21,False,False,False,filtered_topk,0.0,filtered_top200,21
QUC,2504,687,4331,0.1369071343164607,0.3068709,0.02788626,0.27898464,0.6345339,0.6345339,0.5979782,0.5979782,0.19595635,4.856745e-12,True,0.8,0.66309285,0.8,0.66309285,22,False,False,False,filtered_topk,0.0,filtered_top200,22
QUC,14003,687,4331,0.1369071343164607,0.18100949,0.028716033,0.15229346,0.6333053,0.6333053,0.575253,0.575253,0.15050602,3.1680937e-18,True,0.5,0.36309287,0.46,0.32309288,23,False,False,False,filtered_topk,0.0,filtered_top200,23
QUC,12902,687,4331,0.1369071343164607,0.3510735,0.024641573,0.32643193,0.6321645,0.6321645,0.54107857,0.54107857,0.082157135,4.1456367e-13,True,0.7,0.5630928,0.7,0.5630928,24,False,False,False,filtered_topk,0.0,filtered_top200,24
QUC,12887,687,4331,0.1369071343164607,0.08839383,0.012608502,0.075785324,0.6053388,0.6053388,0.55416036,0.55416036,0.10832071,8.139183e-15,True,0.7,0.5630928,0.72,0.5830929,25,False,False,False,filtered_topk,0.0,filtered_top200,25
QUC,5178,687,4331,0.1369071343164607,0.08871509,0.005746183,0.082968906,0.60092497,0.60092497,0.5372784,0.5372784,0.07455683,9.955325e-12,True,0.7,0.5630928,0.74,0.6030929,26,False,False,False,filtered_topk,0.0,filtered_top200,26
QUC,6639,687,4331,0.1369071343164607,0.08402134,0.00517391,0.07884743,0.598682,0.598682,0.53566563,0.53566563,0.07133126,4.6185906e-11,True,0.9,0.7630929,0.82,0.68309283,27,False,False,False,filtered_topk,0.0,filtered_top200,27
QUC,21296,687,4331,0.1369071343164607,0.05965418,0.003181551,0.05647263,0.5837988,0.5837988,0.5338069,0.5338069,0.06761384,8.191412e-11,True,0.6,0.4630929,0.76,0.6230929,28,False,False,False,filtered_topk,0.0,filtered_top200,28
QUC,664,687,4331,0.1369071343164607,0.63278973,0.30619416,0.32659557,0.5819055,0.5819055,0.6445197,0.6445197,0.28903937,6.464254e-28,True,0.5,0.36309287,0.5,0.36309287,29,False,False,False,filtered_topk,0.0,filtered_top200,29
QUC,2550,687,4331,0.1369071343164607,0.05188148,0.0027923689,0.04908911,0.57781047,0.57781047,0.5320621,0.5320621,0.06412423,2.9545622e-10,True,0.8,0.66309285,0.74,0.6030929,30,False,False,False,filtered_topk,0.0,filtered_top200,30
QUC,12676,687,4331,0.1369071343164607,0.056802675,0.006183167,0.05061951,0.5753313,0.5753313,0.5425269,0.5425269,0.0850538,1.828931e-12,True,0.7,0.5630928,0.6,0.4630929,31,False,False,False,filtered_topk,0.0,filtered_top200,31
QUC,18714,687,4331,0.1369071343164607,0.053993814,0.002580867,0.051412947,0.5718856,0.5718856,0.5310375,0.5310375,0.06207502,6.5601663e-10,True,0.9,0.7630929,0.74,0.6030929,32,False,False,False,filtered_topk,0.0,filtered_top200,32
QUC,31422,687,4331,0.1369071343164607,0.1136679,0.018643303,0.09502459,0.5709073,0.5709073,0.55840886,0.55840886,0.11681771,2.9410358e-13,True,0.7,0.5630928,0.56,0.42309287,33,False,False,False,filtered_topk,0.0,filtered_top200,33
QUC,32565,687,4331,0.1369071343164607,0.059250478,0.0038025284,0.05544795,0.56664693,0.56664693,0.53326213,0.53326213,0.06652427,1.9565478e-10,True,0.7,0.5630928,0.68,0.54309285,34,False,False,False,filtered_topk,0.0,filtered_top200,34
QUC,2416,687,4331,0.1369071343164607,0.05777213,0.0037159433,0.054056186,0.5656618,0.5656618,0.53540385,0.53540385,0.070807695,1.5931165e-10,True,0.7,0.5630928,0.72,0.5830929,35,False,False,False,filtered_topk,0.0,filtered_top200,35
QUC,29947,687,4331,0.1369071343164607,0.19923866,0.018098988,0.18113968,0.56146175,0.56146175,0.54317796,0.54317796,0.086355925,5.4691884e-10,True,0.9,0.7630929,0.72,0.5830929,36,False,False,False,filtered_topk,0.0,filtered_top200,36
QUC,19364,687,4331,0.1369071343164607,0.29286924,0.035738446,0.2571308,0.5594415,0.5594415,0.5443976,0.5443976,0.088795185,4.506353e-11,True,0.8,0.66309285,0.64,0.5030929,37,False,False,False,filtered_topk,0.0,filtered_top200,37
QUC,29247,687,4331,0.1369071343164607,0.10341896,0.010660337,0.092758626,0.5581188,0.5581188,0.5400111,0.5400111,0.080022216,1.2890985e-11,True,0.6,0.4630929,0.66,0.52309287,38,False,False,False,filtered_topk,0.0,filtered_top200,38
QUC,32273,687,4331,0.1369071343164607,0.4404908,0.17916258,0.26132822,0.5486313,0.5486313,0.6335797,0.6335797,0.26715934,2.2419265e-24,True,0.2,0.06309287,0.28,0.14309287,39,False,False,False,filtered_topk,0.0,filtered_top200,39
QUC,10916,687,4331,0.1369071343164607,0.5714241,0.2290685,0.3423556,0.54390377,0.54390377,0.5911035,0.5911035,0.18220699,1.171523e-19,True,0.4,0.26309288,0.5,0.36309287,40,False,False,False,filtered_topk,0.0,filtered_top200,40
QUC,29931,687,4331,0.1369071343164607,0.09625751,0.014470983,0.08178653,0.5385658,0.5385658,0.5484853,0.5484853,0.09697056,6.2382005e-12,True,0.7,0.5630928,0.6,0.4630929,41,False,False,False,filtered_topk,0.0,filtered_top200,41
QUC,24249,687,4331,0.1369071343164607,0.06710847,0.005131519,0.061976947,0.53491265,0.53491265,0.53485936,0.53485936,0.06971872,4.496756e-10,True,0.6,0.4630929,0.7,0.5630928,42,False,False,False,filtered_topk,0.0,filtered_top200,42
QUC,29590,687,4331,0.1369071343164607,0.32818186,0.12417248,0.20400938,0.5263056,0.5263056,0.6044669,0.6044669,0.20893383,6.425732399999999e-19,True,0.8,0.66309285,0.36,0.22309288,43,False,False,False,filtered_topk,0.0,filtered_top200,43
QUC,17727,687,4331,0.1369071343164607,0.20211005,0.047519427,0.15459062,0.5233449,0.5233449,0.5566598,0.5566598,0.113319635,4.382812e-11,True,0.9,0.7630929,0.64,0.5030929,44,False,False,False,filtered_topk,0.0,filtered_top200,44
QUC,2836,687,4331,0.1369071343164607,0.28842,0.0626646,0.2257554,0.52232987,0.52232987,0.55329424,0.55329424,0.10658848,2.4836632e-13,True,0.7,0.5630928,0.64,0.5030929,45,False,False,False,filtered_topk,0.0,filtered_top200,45
QUC,1622,687,4331,0.1369071343164607,0.33597732,0.11322939,0.22274792,0.51304305,0.51304305,0.5916864,0.5916864,0.18337286,1.9950336e-21,True,0.0,-0.13690713,0.0,-0.13690713,46,False,False,False,filtered_topk,0.0,filtered_top200,46
QUC,14904,687,4331,0.1369071343164607,0.1269247,0.030397227,0.096527465,0.5106837,0.5106837,0.5604148,0.5604148,0.12082958,5.793469e-14,True,0.5,0.36309287,0.46,0.32309288,47,False,False,False,filtered_topk,0.0,filtered_top200,47
QUC,18437,687,4331,0.1369071343164607,0.21645288,0.03937141,0.17708147,0.5106026,0.5106026,0.5496754,0.5496754,0.09935081,1.3386884e-12,True,0.2,0.06309287,0.54,0.4030929,48,False,False,False,filtered_topk,0.0,filtered_top200,48
QUC,20549,687,4331,0.1369071343164607,0.12389693,0.032927137,0.090969786,0.5105798,0.5105798,0.56455207,0.56455207,0.12910414,8.187842400000001e-16,True,0.5,0.36309287,0.36,0.22309288,49,False,False,False,filtered_topk,0.0,filtered_top200,49
QUC,13243,687,4331,0.1369071343164607,0.30930164,0.05656802,0.25273362,0.50834024,0.50834024,0.56668943,0.56668943,0.13337886,4.1752812e-14,True,0.2,0.06309287,0.34,0.20309287,50,False,False,False,filtered_topk,0.0,filtered_top200,50
QUC,19218,687,4331,0.1369071343164607,0.059364196,0.0038386055,0.05552559,0.5055328,0.5055328,0.52788234,0.52788234,0.055764675,8.4731395e-09,True,0.5,0.36309287,0.72,0.5830929,51,False,False,False,filtered_topk,0.0,filtered_top200,51
QUC,28259,687,4331,0.1369071343164607,0.054471433,0.007524334,0.0469471,0.50422007,0.50422007,0.537822,0.537822,0.075644016,6.309243e-11,True,0.7,0.5630928,0.64,0.5030929,52,False,False,False,filtered_topk,0.0,filtered_top200,52
QUC,8861,687,4331,0.1369071343164607,0.22756606,0.034362555,0.19320351,0.50062704,0.50062704,0.5689384,0.5689384,0.13787675,4.9446374e-13,True,0.3,0.16309288,0.44,0.30309287,53,False,False,False,filtered_topk,0.0,filtered_top200,53
QUC,9771,687,4331,0.1369071343164607,0.078099415,0.010964738,0.06713468,0.4972416,0.4972416,0.53392655,0.53392655,0.06785309,3.0411432e-10,True,0.8,0.66309285,0.66,0.52309287,54,False,False,False,filtered_topk,0.0,filtered_top200,54
QUC,1619,687,4331,0.1369071343164607,0.35086313,0.09425373,0.2566094,0.49708906,0.49708906,0.5634121,0.5634121,0.12682414,7.725329e-13,True,0.5,0.36309287,0.6,0.4630929,55,False,False,False,filtered_topk,0.0,filtered_top200,55
QUC,8025,687,4331,0.1369071343164607,0.07579376,0.006835261,0.0689585,0.49256507,0.49256507,0.53389364,0.53389364,0.06778729,1.0046015e-09,True,0.4,0.26309288,0.66,0.52309287,56,False,False,False,filtered_topk,0.0,filtered_top200,56
QUC,26485,687,4331,0.1369071343164607,0.59182245,0.34841385,0.24340859,0.49202204,0.49202204,0.63269776,0.63269776,0.26539552,4.291696e-28,True,0.0,-0.13690713,0.06,-0.07690713,57,False,False,False,filtered_topk,0.0,filtered_top200,57
QUC,20375,687,4331,0.1369071343164607,0.040262237,0.002667903,0.037594333,0.4901638,0.4901638,0.5249896,0.5249896,0.04997921,3.2004294e-08,True,0.8,0.66309285,0.7,0.5630928,58,False,False,False,filtered_topk,0.0,filtered_top200,58
QUC,8658,687,4331,0.1369071343164607,0.29097867,0.09213059,0.19884808,0.48327374,0.48327374,0.57257634,0.57257634,0.14515269,7.524885e-16,True,0.3,0.16309288,0.32,0.18309286,59,False,False,False,filtered_topk,0.0,filtered_top200,59
QUC,32535,687,4331,0.1369071343164607,0.14923638,0.04980852,0.099427864,0.48295128,0.48295128,0.56974447,0.56974447,0.13948894,3.79591e-15,True,0.7,0.5630928,0.32,0.18309286,60,False,False,False,filtered_topk,0.0,filtered_top200,60
QUC,12161,687,4331,0.1369071343164607,0.12123874,0.014729385,0.10650935,0.48058626,0.48058626,0.5341618,0.5341618,0.06832361,6.6481887e-09,True,0.7,0.5630928,0.62,0.48309287,61,False,False,False,filtered_topk,0.0,filtered_top200,61
QUC,2386,687,4331,0.1369071343164607,0.10342181,0.023482146,0.07993966,0.47539,0.47539,0.5464205,0.5464205,0.09284103,6.059618e-12,True,0.3,0.16309288,0.56,0.42309287,62,False,False,False,filtered_topk,0.0,filtered_top200,62
QUC,6866,687,4331,0.1369071343164607,0.054579467,0.0049308403,0.049648628,0.4667008,0.4667008,0.52955204,0.52955204,0.059104085,6.424272e-09,True,0.5,0.36309287,0.68,0.54309285,63,False,False,False,filtered_topk,0.0,filtered_top200,63
QUC,726,687,4331,0.1369071343164607,0.06362582,0.007061645,0.056564175,0.4643727,0.4643727,0.53238374,0.53238374,0.06476748,2.529667e-09,True,0.5,0.36309287,0.66,0.52309287,64,False,False,False,filtered_topk,0.0,filtered_top200,64
QUC,27081,687,4331,0.1369071343164607,0.101101935,0.014370418,0.086731516,0.4604528,0.4604528,0.53411126,0.53411126,0.06822252,5.092869e-10,True,0.2,0.06309287,0.56,0.42309287,65,False,False,False,filtered_topk,0.0,filtered_top200,65
QUC,28548,687,4331,0.1369071343164607,0.66030693,0.31325898,0.34704795,0.45672402,0.45672402,0.59821683,0.59821683,0.19643366,1.0913105e-20,True,0.1,-0.03690713,0.06,-0.07690713,66,False,False,False,filtered_topk,0.0,filtered_top200,66
QUC,16735,687,4331,0.1369071343164607,0.2245781,0.061931334,0.16264677,0.4535698,0.4535698,0.5658016,0.5658016,0.13160324,7.692795e-14,True,0.1,-0.03690713,0.3,0.16309288,67,False,False,False,filtered_topk,0.0,filtered_top200,67
QUC,20283,687,4331,0.1369071343164607,0.076353826,0.015312031,0.061041795,0.45036212,0.45036212,0.53613365,0.53613365,0.072267294,3.0306196e-10,True,0.4,0.26309288,0.6,0.4630929,68,False,False,False,filtered_topk,0.0,filtered_top200,68
QUC,15385,687,4331,0.1369071343164607,0.13568106,0.029347833,0.106333226,0.44977888,0.44977888,0.54280084,0.54280084,0.08560169,5.1022808e-11,True,0.3,0.16309288,0.46,0.32309288,69,False,False,False,filtered_topk,0.0,filtered_top200,69
QUC,18675,687,4331,0.1369071343164607,0.17251183,0.025334254,0.14717758,0.4475506,0.4475506,0.53113616,0.53113616,0.06227231,1.3142932e-09,True,0.3,0.16309288,0.5,0.36309287,70,False,False,False,filtered_topk,0.0,filtered_top200,70
QUC,27061,687,4331,0.1369071343164607,0.3105611,0.14803389,0.1625272,0.44282928,0.44282928,0.61340433,0.61340433,0.22680867,1.7233188e-20,True,0.1,-0.03690713,0.14,0.00309287,71,False,False,False,filtered_topk,0.0,filtered_top200,71
QUC,52,687,4331,0.1369071343164607,0.03988412,0.006534468,0.03334965,0.44261655,0.44261655,0.53519315,0.53519315,0.07038629,1.6638555e-09,True,0.5,0.36309287,0.5,0.36309287,72,False,False,False,filtered_topk,0.0,filtered_top200,72
QUC,21859,687,4331,0.1369071343164607,0.09315013,0.029899813,0.06325032,0.43509796,0.43509796,0.5490933,0.5490933,0.09818661,2.8170466e-11,True,0.8,0.66309285,0.54,0.4030929,73,False,False,False,filtered_topk,0.0,filtered_top200,73
QUC,18413,687,4331,0.1369071343164607,0.14972536,0.024798058,0.124927305,0.43379128,0.43379128,0.5257952,0.5257952,0.051590443,3.653477e-08,True,0.6,0.4630929,0.64,0.5030929,74,False,False,False,filtered_topk,0.0,filtered_top200,74
QUC,124,687,4331,0.1369071343164607,0.03335949,0.0032879785,0.030071512,0.43212527,0.43212527,0.52478963,0.52478963,0.049579263,1.4434005e-07,True,0.7,0.5630928,0.62,0.48309287,75,False,False,False,filtered_topk,0.0,filtered_top200,75
QUC,2703,687,4331,0.1369071343164607,0.020468011,0.0032857235,0.017182289,0.42814532,0.42814532,0.5316573,0.5316573,0.06331456,1.5253496e-09,True,0.1,-0.03690713,0.5,0.36309287,76,False,False,False,filtered_topk,0.0,filtered_top200,76
QUC,8866,687,4331,0.1369071343164607,0.067028865,0.010875898,0.056152966,0.42488632,0.42488632,0.53494626,0.53494626,0.069892526,1.3241819e-09,True,0.3,0.16309288,0.54,0.4030929,77,False,False,False,filtered_topk,0.0,filtered_top200,77
QUC,24984,687,4331,0.1369071343164607,0.28349027,0.13450903,0.14898124,0.42465183,0.42465183,0.55249184,0.55249184,0.10498369,7.657994e-13,True,0.6,0.4630929,0.54,0.4030929,78,False,False,False,filtered_topk,0.0,filtered_top200,78
QUC,8283,687,4331,0.1369071343164607,0.18861444,0.0461494,0.14246504,0.42021653,0.42021653,0.5478741,0.5478741,0.095748186,1.3583039e-09,True,0.6,0.4630929,0.42,0.28309286,79,False,False,False,filtered_topk,0.0,filtered_top200,79
QUC,3443,687,4331,0.1369071343164607,0.10611695,0.016700098,0.089416854,0.41725358,0.41725358,0.53484696,0.53484696,0.06969392,7.758125e-08,True,0.8,0.66309285,0.46,0.32309288,80,False,False,False,filtered_topk,0.0,filtered_top200,80
QUC,4830,687,4331,0.1369071343164607,0.41799718,0.25879514,0.15920204,0.41682324,0.41682324,0.60113925,0.60113925,0.2022785,1.3098914e-18,True,0.5,0.36309287,0.34,0.20309287,81,False,False,False,filtered_topk,0.0,filtered_top200,81
QUC,18885,687,4331,0.1369071343164607,0.13310532,0.038624614,0.09448071,0.4149324,0.4149324,0.54378724,0.54378724,0.08757448,1.6488653e-10,True,0.5,0.36309287,0.4,0.26309288,82,False,False,False,filtered_topk,0.0,filtered_top200,82
QUC,15848,687,4331,0.1369071343164607,0.08921545,0.022195546,0.0670199,0.41405132,0.41405132,0.5310893,0.5310893,0.06217861,1.4631201e-08,True,0.6,0.4630929,0.62,0.48309287,83,False,False,False,filtered_topk,0.0,filtered_top200,83
QUC,6743,687,4331,0.1369071343164607,0.26960233,0.13303031,0.13657202,0.4111234,0.4111234,0.5640607,0.5640607,0.12812138,1.3882086e-12,True,0.7,0.5630928,0.6,0.4630929,84,False,False,False,filtered_topk,0.0,filtered_top200,84
QUC,2995,687,4331,0.1369071343164607,0.111379296,0.3121726,-0.2007933,-0.41070652,0.41070652,0.39201844,0.60798156,0.21596313,1.6202682000000001e-38,True,0.0,-0.13690713,0.08,-0.056907132,85,False,False,False,filtered_topk,0.0,filtered_top200,85
QUC,18524,687,4331,0.1369071343164607,0.06427402,0.008567413,0.055706605,0.40636882,0.40636882,0.52103484,0.52103484,0.042069674,7.479299e-07,True,0.8,0.66309285,0.58,0.44309285,86,False,False,False,filtered_topk,0.0,filtered_top200,86
QUC,17694,687,4331,0.1369071343164607,0.042809542,0.0050769523,0.03773259,0.40591976,0.40591976,0.5191304,0.5191304,0.038260818,1.5314768e-06,True,0.6,0.4630929,0.54,0.4030929,87,False,False,False,filtered_topk,0.0,filtered_top200,87
QUC,5272,687,4331,0.1369071343164607,0.028608875,0.003116161,0.025492715,0.40587303,0.40587303,0.52219284,0.52219284,0.04438567,2.3357667e-07,True,0.1,-0.03690713,0.62,0.48309287,88,False,False,False,filtered_topk,0.0,filtered_top200,88
QUC,26869,687,4331,0.1369071343164607,0.37493178,0.68445647,-0.3095247,-0.39794382,0.39794382,0.39413798,0.605862,0.21172404,1.0664161000000001e-26,True,0.2,0.06309287,0.1,-0.03690713,89,False,False,False,filtered_topk,0.0,filtered_top200,89
QUC,11153,687,4331,0.1369071343164607,0.16483295,0.050569296,0.114263654,0.39681002,0.39681002,0.5475182,0.5475182,0.09503639,2.2145004e-09,True,0.8,0.66309285,0.5,0.36309287,90,False,False,False,filtered_topk,0.0,filtered_top200,90
QUC,9963,687,4331,0.1369071343164607,0.66175115,0.28296638,0.37878478,0.39519173,0.39519173,0.56555545,0.56555545,0.1311109,5.190551e-14,True,0.1,-0.03690713,0.2,0.06309287,91,False,False,False,filtered_topk,0.0,filtered_top200,91
QUC,2640,687,4331,0.1369071343164607,0.0550514,0.0031756884,0.051875714,0.39472067,0.39472067,0.51453656,0.51453656,0.02907312,1.5563779e-05,True,0.8,0.66309285,0.5,0.36309287,92,False,False,False,filtered_topk,0.0,filtered_top200,92
QUC,10673,687,4331,0.1369071343164607,0.02768775,0.00083112664,0.026856624,0.39436877,0.39436877,0.5140956,0.5140956,0.028191209,3.5671263e-05,True,0.9,0.7630929,0.52,0.38309285,93,False,False,False,filtered_topk,0.0,filtered_top200,93
QUC,14183,687,4331,0.1369071343164607,0.049581513,0.0065574674,0.043024044,0.39287305,0.39287305,0.52364993,0.52364993,0.047299862,3.669855e-07,True,0.6,0.4630929,0.6,0.4630929,94,False,False,False,filtered_topk,0.0,filtered_top200,94
QUC,1072,687,4331,0.1369071343164607,0.15022573,0.35088697,-0.20066124,-0.39271045,0.39271045,0.40455997,0.59544003,0.19088006,1.3173110000000001e-33,True,0.3,0.16309288,0.06,-0.07690713,95,False,False,False,filtered_topk,0.0,filtered_top200,95
QUC,15988,687,4331,0.1369071343164607,0.04574918,0.006760401,0.03898878,0.3886945,0.3886945,0.5256683,0.5256683,0.051336646,2.6704353e-07,True,0.6,0.4630929,0.54,0.4030929,96,False,False,False,filtered_topk,0.0,filtered_top200,96
QUC,29194,687,4331,0.1369071343164607,0.051597185,0.007300656,0.04429653,0.3860613,0.3860613,0.5213439,0.5213439,0.042687774,1.5133421e-06,True,0.7,0.5630928,0.56,0.42309287,97,False,False,False,filtered_topk,0.0,filtered_top200,97
QUC,15068,687,4331,0.1369071343164607,0.21102847,0.58341163,-0.37238318,-0.3851007,0.3851007,0.41966382,0.5803362,0.16067237,1.8888830000000002e-39,True,0.0,-0.13690713,0.0,-0.13690713,98,False,False,False,filtered_topk,0.0,filtered_top200,98
QUC,2150,687,4331,0.1369071343164607,0.02128821,0.001076,0.02021221,0.38486362,0.38486362,0.5137546,0.5137546,0.027509212,2.611668e-05,True,0.9,0.7630929,0.54,0.4030929,99,False,False,False,filtered_topk,0.0,filtered_top200,99
QUC,24064,687,4331,0.1369071343164607,0.03422091,0.0020618073,0.032159105,0.38409868,0.38409868,0.51671004,0.51671004,0.033420086,3.7888865e-05,True,0.8,0.66309285,0.54,0.4030929,100,False,False,False,filtered_topk,0.0,filtered_top200,100
QUC,31547,687,4331,0.1369071343164607,0.19672261,0.038864978,0.15785763,0.38356304,0.38356304,0.52474916,0.52474916,0.04949832,2.3481745e-07,True,0.6,0.4630929,0.6,0.4630929,101,False,False,False,filtered_topk,0.0,filtered_top200,101
QUC,26648,687,4331,0.1369071343164607,0.028714065,0.0010318056,0.02768226,0.38326204,0.38326204,0.512638,0.512638,0.025275946,4.2979627e-05,True,0.8,0.66309285,0.52,0.38309285,102,False,False,False,filtered_topk,0.0,filtered_top200,102
QUC,16256,687,4331,0.1369071343164607,0.23690525,0.4433666,-0.20646134,-0.38260618,0.38260618,0.40454063,0.59545934,0.19091874,1.8065435e-29,True,0.1,-0.03690713,0.02,-0.116907135,103,False,False,False,filtered_topk,0.0,filtered_top200,103
QUC,31920,687,4331,0.1369071343164607,0.07617472,0.020281203,0.055893518,0.37878588,0.37878588,0.53816044,0.53816044,0.07632089,3.2167917e-09,True,0.5,0.36309287,0.38,0.24309286,104,False,False,False,filtered_topk,0.0,filtered_top200,104
QUC,4386,687,4331,0.1369071343164607,0.02814547,0.0026967647,0.025448706,0.37695336,0.37695336,0.52036214,0.52036214,0.040724277,5.590528e-06,True,0.8,0.66309285,0.62,0.48309287,105,False,False,False,filtered_topk,0.0,filtered_top200,105
QUC,11493,687,4331,0.1369071343164607,0.08940593,0.025390625,0.06401531,0.37631646,0.37631646,0.5399491,0.5399491,0.07989824,1.9514738e-08,True,0.7,0.5630928,0.46,0.32309288,106,False,False,False,filtered_topk,0.0,filtered_top200,106
QUC,22662,687,4331,0.1369071343164607,0.13364264,0.022301521,0.11134112,0.37552205,0.37552205,0.5239504,0.5239504,0.047900796,2.430108e-07,True,0.4,0.26309288,0.54,0.4030929,107,False,False,False,filtered_topk,0.0,filtered_top200,107
QUC,27800,687,4331,0.1369071343164607,0.026678493,0.003055732,0.02362276,0.37513012,0.37513012,0.5188513,0.5188513,0.03770256,6.71867e-06,True,0.9,0.7630929,0.52,0.38309285,108,False,False,False,filtered_topk,0.0,filtered_top200,108
QUC,8226,687,4331,0.1369071343164607,0.53516763,0.8219788,-0.28681117,-0.37484872,0.37484872,0.39567897,0.604321,0.20864207,2.4632996e-23,True,0.2,0.06309287,0.04,-0.09690713,109,False,False,False,filtered_topk,0.0,filtered_top200,109
QUC,11940,687,4331,0.1369071343164607,0.07208652,0.0129313925,0.05915513,0.37440434,0.37440434,0.5278963,0.5278963,0.05579257,1.2130256e-07,True,0.3,0.16309288,0.5,0.36309287,110,False,False,False,filtered_topk,0.0,filtered_top200,110
QUC,29986,687,4331,0.1369071343164607,0.0356822,0.004409977,0.031272225,0.3682692,0.3682692,0.52256453,0.52256453,0.04512906,9.185353e-07,True,0.5,0.36309287,0.56,0.42309287,111,False,False,False,filtered_topk,0.0,filtered_top200,111
QUC,32173,687,4331,0.1369071343164607,0.11092442,0.03379524,0.077129185,0.3672512,0.3672512,0.5400627,0.5400627,0.08012545,1.8850688e-08,True,0.5,0.36309287,0.36,0.22309288,112,False,False,False,filtered_topk,0.0,filtered_top200,112
QUC,19013,687,4331,0.1369071343164607,0.26675367,0.09506907,0.1716846,0.36469212,0.36469212,0.56601,0.56601,0.13202,1.2570588e-10,True,0.4,0.26309288,0.26,0.12309286,113,False,False,False,filtered_topk,0.0,filtered_top200,113
QUC,2077,687,4331,0.1369071343164607,0.15012339,0.03866069,0.1114627,0.3646721,0.3646721,0.53257596,0.53257596,0.06515193,9.750637e-08,True,0.6,0.4630929,0.52,0.38309285,114,False,False,False,filtered_topk,0.0,filtered_top200,114
QUC,17202,687,4331,0.1369071343164607,0.030834926,0.00462193,0.026212996,0.36408633,0.36408633,0.5201857,0.5201857,0.040371418,2.0030684e-06,True,0.6,0.4630929,0.56,0.42309287,115,False,False,False,filtered_topk,0.0,filtered_top200,115
QUC,9216,687,4331,0.1369071343164607,0.044222504,0.005432312,0.038790192,0.3631149,0.3631149,0.518598,0.518598,0.03719604,1.0156346e-05,True,0.6,0.4630929,0.52,0.38309285,116,False,False,False,filtered_topk,0.0,filtered_top200,116
QUC,28390,687,4331,0.1369071343164607,0.13066605,0.042792875,0.087873176,0.3598965,0.3598965,0.5391156,0.5391156,0.078231215,3.5048087e-09,True,0.1,-0.03690713,0.26,0.12309286,117,False,False,False,filtered_topk,0.0,filtered_top200,117
QUC,16813,687,4331,0.1369071343164607,0.16442071,0.037918404,0.1265023,0.35969034,0.35969034,0.54534554,0.54534554,0.09069109,8.101065e-09,True,0.1,-0.03690713,0.46,0.32309288,118,False,False,False,filtered_topk,0.0,filtered_top200,118
QUC,22936,687,4331,0.1369071343164607,0.01978996,0.0015743152,0.018215645,0.35782763,0.35782763,0.5146325,0.5146325,0.029265046,3.2467608e-05,True,0.6,0.4630929,0.56,0.42309287,119,False,False,False,filtered_topk,0.0,filtered_top200,119
QUC,19321,687,4331,0.1369071343164607,0.067210816,0.011933859,0.055276956,0.35598835,0.35598835,0.51596546,0.51596546,0.031930923,1.1859577e-05,True,0.7,0.5630928,0.56,0.42309287,120,False,False,False,filtered_topk,0.0,filtered_top200,120
QUC,6022,687,4331,0.1369071343164607,0.20468295,0.07637571,0.12830724,0.3540422,0.3540422,0.53902656,0.53902656,0.07805312,3.3570327e-09,True,0.3,0.16309288,0.38,0.24309286,121,False,False,False,filtered_topk,0.0,filtered_top200,121
QUC,16988,687,4331,0.1369071343164607,0.09709618,0.026016112,0.07108007,0.35394424,0.35394424,0.5296915,0.5296915,0.059383035,1.0388556e-07,True,0.2,0.06309287,0.44,0.30309287,122,False,False,False,filtered_topk,0.0,filtered_top200,122
QUC,31363,687,4331,0.1369071343164607,0.899461,1.0375915,-0.13813049,-0.35296538,0.35296538,0.4096744,0.5903256,0.18065119,1.8504078e-15,True,0.0,-0.13690713,0.02,-0.116907135,123,False,False,False,filtered_topk,0.0,filtered_top200,123
QUC,23889,687,4331,0.1369071343164607,0.06054119,0.017339114,0.043202076,0.35226375,0.35226375,0.5340894,0.5340894,0.06817877,1.482935e-08,True,0.2,0.06309287,0.4,0.26309288,124,False,False,False,filtered_topk,0.0,filtered_top200,124
QUC,13753,687,4331,0.1369071343164607,0.011371907,0.00047441412,0.010897493,0.35213864,0.35213864,0.51190865,0.51190865,0.0238173,0.00011114226,True,0.8,0.66309285,0.48,0.34309286,125,False,False,False,filtered_topk,0.0,filtered_top200,125
QUC,2903,687,4331,0.1369071343164607,0.10351847,0.027672954,0.07584552,0.35174727,0.35174727,0.5294774,0.5294774,0.058954835,8.1892483e-07,True,0.7,0.5630928,0.5,0.36309287,126,False,False,False,filtered_topk,0.0,filtered_top200,126
QUC,10890,687,4331,0.1369071343164607,0.050371863,0.006974609,0.043397255,0.3503297,0.3503297,0.520549,0.520549,0.041098,4.141549e-06,True,0.4,0.26309288,0.58,0.44309285,127,False,False,False,filtered_topk,0.0,filtered_top200,127
QUC,27690,687,4331,0.1369071343164607,0.053422377,0.013818438,0.039603937,0.34995747,0.34995747,0.53067476,0.53067476,0.06134951,1.0994082e-07,True,0.3,0.16309288,0.5,0.36309287,128,False,False,False,filtered_topk,0.0,filtered_top200,128
QUC,19119,687,4331,0.1369071343164607,0.06651144,0.0064460794,0.06006536,0.3492284,0.3492284,0.5207799,0.5207799,0.041559815,1.5021924e-05,True,0.5,0.36309287,0.64,0.5030929,129,False,False,False,filtered_topk,0.0,filtered_top200,129
QUC,23231,687,4331,0.1369071343164607,0.018374158,0.001113881,0.017260278,0.3477885,0.3477885,0.51302075,0.51302075,0.026041508,6.0652965e-05,True,0.7,0.5630928,0.5,0.36309287,130,False,False,False,filtered_topk,0.0,filtered_top200,130
QUC,11044,687,4331,0.1369071343164607,0.0237616,0.0016996833,0.022061918,0.34606996,0.34606996,0.5157061,0.5157061,0.031412244,1.5280919e-05,True,0.7,0.5630928,0.52,0.38309285,131,False,False,False,filtered_topk,0.0,filtered_top200,131
QUC,12705,687,4331,0.1369071343164607,0.038334697,0.00749457,0.030840127,0.34587628,0.34587628,0.5238837,0.5238837,0.0477674,6.4163663e-07,True,0.4,0.26309288,0.48,0.34309286,132,False,False,False,filtered_topk,0.0,filtered_top200,132
QUC,30700,687,4331,0.1369071343164607,0.23656125,0.07864226,0.15791899,0.34437183,0.34437183,0.54997987,0.54997987,0.09995973,1.2100019e-08,True,0.5,0.36309287,0.32,0.18309286,133,False,False,False,filtered_topk,0.0,filtered_top200,133
QUC,20190,687,4331,0.1369071343164607,0.042144287,0.0108226845,0.031321604,0.34342986,0.34342986,0.530466,0.530466,0.06093204,7.287434e-08,True,0.5,0.36309287,0.3,0.16309288,134,False,False,False,filtered_topk,0.0,filtered_top200,134
QUC,24695,687,4331,0.1369071343164607,0.050610673,0.014828597,0.035782076,0.342356,0.342356,0.541192,0.541192,0.08238399,1.3492878e-09,True,0.0,-0.13690713,0.24,0.103092864,135,False,False,False,filtered_topk,0.0,filtered_top200,135
QUC,5418,687,4331,0.1369071343164607,0.0863611,0.032477975,0.053883128,0.34127194,0.34127194,0.5492833,0.5492833,0.09856665,3.7194287e-10,True,0.1,-0.03690713,0.26,0.12309286,136,False,False,False,filtered_topk,0.0,filtered_top200,136
QUC,21720,687,4331,0.1369071343164607,0.057865947,0.015090156,0.04277579,0.34115124,0.34115124,0.53247535,0.53247535,0.064950705,5.6232242e-08,True,0.3,0.16309288,0.42,0.28309286,137,False,False,False,filtered_topk,0.0,filtered_top200,137
QUC,6620,687,4331,0.1369071343164607,0.3323383,0.19613595,0.13620235,0.34045622,0.34045622,0.59307146,0.59307146,0.18614292,7.5743795e-13,True,0.2,0.06309287,0.22,0.08309287,138,False,False,False,filtered_topk,0.0,filtered_top200,138
QUC,15470,687,4331,0.1369071343164607,0.074497364,0.020506686,0.053990677,0.34035632,0.34035632,0.5238099,0.5238099,0.04761982,6.2285915e-07,True,0.3,0.16309288,0.54,0.4030929,139,False,False,False,filtered_topk,0.0,filtered_top200,139
QUC,1943,687,4331,0.1369071343164607,0.025996178,0.0037105316,0.022285648,0.33956763,0.33956763,0.52089417,0.52089417,0.04178834,2.019894e-06,True,0.6,0.4630929,0.54,0.4030929,140,False,False,False,filtered_topk,0.0,filtered_top200,140
QUC,27940,687,4331,0.1369071343164607,0.13273574,0.054993253,0.07774249,0.339231,0.339231,0.55361235,0.55361235,0.1072247,3.598356e-10,True,0.3,0.16309288,0.2,0.06309287,141,False,False,False,filtered_topk,0.0,filtered_top200,141
QUC,5948,687,4331,0.1369071343164607,0.04787573,0.011153692,0.036722034,0.3388539,0.3388539,0.52625734,0.52625734,0.052514672,5.2848094e-07,True,0.5,0.36309287,0.42,0.28309286,142,False,False,False,filtered_topk,0.0,filtered_top200,142
QUC,32035,687,4331,0.1369071343164607,0.021714656,0.0021840185,0.019530637,0.33760428,0.33760428,0.51428735,0.51428735,0.028574705,3.7267007e-05,True,0.6,0.4630929,0.5,0.36309287,143,False,False,False,filtered_topk,0.0,filtered_top200,143
QUC,5413,687,4331,0.1369071343164607,0.5033377,0.32054654,0.18279114,0.3370297,0.3370297,0.55628574,0.55628574,0.11257148,2.1675169e-11,True,0.0,-0.13690713,0.1,-0.03690713,144,False,False,False,filtered_topk,0.0,filtered_top200,144
QUC,28805,687,4331,0.1369071343164607,0.03156557,0.0028636213,0.028701948,0.32908633,0.32908633,0.5168512,0.5168512,0.033702374,0.00021481742,True,0.7,0.5630928,0.56,0.42309287,145,False,False,False,filtered_topk,0.0,filtered_top200,145
QUC,15185,687,4331,0.1369071343164607,0.080899745,0.026236182,0.05466356,0.32887596,0.32887596,0.5339007,0.5339007,0.06780136,4.097288e-08,True,0.1,-0.03690713,0.4,0.26309288,146,False,False,False,filtered_topk,0.0,filtered_top200,146
QUC,6100,687,4331,0.1369071343164607,0.023804244,0.10716888,-0.083364636,-0.3287048,0.3287048,0.4413601,0.5586399,0.11727983,0.0,True,0.0,-0.13690713,0.0,-0.13690713,147,False,False,False,filtered_topk,0.0,filtered_top200,147
QUC,27318,687,4331,0.1369071343164607,0.04480247,0.010316703,0.034485765,0.3269897,0.3269897,0.52050114,0.52050114,0.041002274,6.4722667e-06,True,0.7,0.5630928,0.46,0.32309288,148,False,False,False,filtered_topk,0.0,filtered_top200,148
QUC,12311,687,4331,0.1369071343164607,0.030766694,0.0025677888,0.028198905,0.32613108,0.32613108,0.51369244,0.51369244,0.027384877,0.00012295108,True,0.8,0.66309285,0.5,0.36309287,149,False,False,False,filtered_topk,0.0,filtered_top200,149
QUC,13492,687,4331,0.1369071343164607,0.019363515,0.0034372474,0.015926268,0.32558376,0.32558376,0.5250622,0.5250622,0.050124407,2.1851339e-07,True,0.1,-0.03690713,0.4,0.26309288,150,False,False,False,filtered_topk,0.0,filtered_top200,150
QUC,26263,687,4331,0.1369071343164607,0.31792867,0.6577028,-0.33977413,-0.32520437,0.32520437,0.42997456,0.57002544,0.14005089,1.0295252e-21,True,0.0,-0.13690713,0.02,-0.116907135,151,False,False,False,filtered_topk,0.0,filtered_top200,151
QUC,8966,687,4331,0.1369071343164607,0.24562182,0.07166833,0.17395349,0.32496008,0.32496008,0.52782,0.52782,0.055639982,1.797276e-07,True,0.4,0.26309288,0.3,0.16309288,152,False,False,False,filtered_topk,0.0,filtered_top200,152
QUC,29665,687,4331,0.1369071343164607,0.009472799,0.00034273262,0.009130066,0.32465535,0.32465535,0.5091149,0.5091149,0.018229842,0.0005257094,True,0.8,0.66309285,0.4,0.26309288,153,False,False,False,filtered_topk,0.0,filtered_top200,153
QUC,13169,687,4331,0.1369071343164607,0.035105076,0.17081794,-0.13571286,-0.32460168,0.32460168,0.4423583,0.55764174,0.11528343,0.0,True,0.0,-0.13690713,0.0,-0.13690713,154,False,False,False,filtered_topk,0.0,filtered_top200,154
QUC,6440,687,4331,0.1369071343164607,0.029308246,0.005107618,0.02420063,0.32230386,0.32230386,0.5164494,0.5164494,0.032898784,3.3279764e-05,True,0.7,0.5630928,0.44,0.30309287,155,False,False,False,filtered_topk,0.0,filtered_top200,155
QUC,29856,687,4331,0.1369071343164607,0.0979377,0.2895324,-0.19159469,-0.32196105,0.32196105,0.43725744,0.5627426,0.12548512,2.5525849e-30,True,0.0,-0.13690713,0.04,-0.09690713,156,False,False,False,filtered_topk,0.0,filtered_top200,156
QUC,26739,687,4331,0.1369071343164607,0.030078694,0.17288877,-0.14281008,-0.3216973,0.3216973,0.44080487,0.55919516,0.11839026,0.0,True,0.0,-0.13690713,0.02,-0.116907135,157,False,False,False,filtered_topk,0.0,filtered_top200,157
QUC,5308,687,4331,0.1369071343164607,0.12713791,0.03980704,0.08733088,0.3209235,0.3209235,0.5381186,0.5381186,0.0762372,8.7361684e-08,True,0.4,0.26309288,0.36,0.22309288,158,False,False,False,filtered_topk,0.0,filtered_top200,158
QUC,29317,687,4331,0.1369071343164607,0.074386485,0.027183207,0.04720328,0.32059976,0.32059976,0.53725386,0.53725386,0.07450771,8.879288e-08,True,0.4,0.26309288,0.36,0.22309288,159,False,False,False,filtered_topk,0.0,filtered_top200,159
QUC,20402,687,4331,0.1369071343164607,0.029709106,0.002678726,0.02703038,0.32040182,0.32040182,0.5102227,0.5102227,0.020445347,0.0004298205,True,0.9,0.7630929,0.4,0.26309288,160,False,False,False,filtered_topk,0.0,filtered_top200,160
QUC,21006,687,4331,0.1369071343164607,0.15768287,0.06422223,0.093460634,0.319937,0.319937,0.54479975,0.54479975,0.08959949,8.8074e-09,True,0.2,0.06309287,0.26,0.12309286,161,False,False,False,filtered_topk,0.0,filtered_top200,161
QUC,26512,687,4331,0.1369071343164607,0.01570176,0.0014972005,0.014204559,0.3194996,0.3194996,0.5128205,0.5128205,0.025640965,0.0002929531,True,0.8,0.66309285,0.52,0.38309285,162,False,False,False,filtered_topk,0.0,filtered_top200,162
QUC,18205,687,4331,0.1369071343164607,0.1793236,0.3031132,-0.12378959,-0.31868732,0.31868732,0.42003942,0.5799606,0.15992117,4.462035e-18,True,0.0,-0.13690713,0.04,-0.09690713,163,False,False,False,filtered_topk,0.0,filtered_top200,163
QUC,9959,687,4331,0.1369071343164607,0.29580888,0.1693974,0.12641148,0.31854135,0.31854135,0.5745721,0.5745721,0.14914417,6.0528346e-11,True,0.4,0.26309288,0.32,0.18309286,164,False,False,False,filtered_topk,0.0,filtered_top200,164
QUC,25414,687,4331,0.1369071343164607,0.15078011,0.3096161,-0.15883598,-0.3174717,0.3174717,0.42702773,0.5729723,0.14594454,1.1437338e-22,True,0.0,-0.13690713,0.0,-0.13690713,165,False,False,False,filtered_topk,0.0,filtered_top200,165
QUC,28484,687,4331,0.1369071343164607,0.011735808,0.00039775023,0.011338058,0.31726053,0.31726053,0.50839233,0.50839233,0.016784668,0.0008937155,True,1.0,0.8630929,0.44,0.30309287,166,False,False,False,filtered_topk,0.0,filtered_top200,166
QUC,21221,687,4331,0.1369071343164607,0.04207037,0.0113570765,0.030713294,0.31697834,0.31697834,0.52560145,0.52560145,0.051202893,2.243659e-06,True,0.6,0.4630929,0.4,0.26309288,167,False,False,False,filtered_topk,0.0,filtered_top200,167
QUC,17475,687,4331,0.1369071343164607,0.035645243,0.0051418915,0.030503351,0.31344745,0.31344745,0.5184007,0.5184007,0.036801457,3.223323e-05,True,0.5,0.36309287,0.52,0.38309285,168,False,False,False,filtered_topk,0.0,filtered_top200,168
QUC,27702,687,4331,0.1369071343164607,0.057956923,0.01232214,0.045634784,0.3132708,0.3132708,0.52372307,0.52372307,0.04744613,1.4547977e-06,True,0.4,0.26309288,0.54,0.4030929,169,False,False,False,filtered_topk,0.0,filtered_top200,169
QUC,18690,687,4331,0.1369071343164607,0.05383745,0.012749653,0.041087795,0.3121197,0.3121197,0.5176724,0.5176724,0.03534484,2.4541452e-05,True,0.8,0.66309285,0.52,0.38309285,170,False,False,False,filtered_topk,0.0,filtered_top200,170
QUC,10733,687,4331,0.1369071343164607,0.016182223,0.0007869321,0.015395291,0.3114237,0.3114237,0.5104547,0.5104547,0.020909429,0.0003957996,True,0.8,0.66309285,0.42,0.28309286,171,False,False,False,filtered_topk,0.0,filtered_top200,171
QUC,22623,687,4331,0.1369071343164607,0.056336425,0.016260859,0.040075567,0.31088457,0.31088457,0.53400385,0.53400385,0.06800771,1.8038354e-07,True,0.2,0.06309287,0.38,0.24309286,172,False,False,False,filtered_topk,0.0,filtered_top200,172
QUC,7462,687,4331,0.1369071343164607,0.36796364,0.19555557,0.17240807,0.3091578,0.3091578,0.5315914,0.5315914,0.06318283,7.815164e-08,True,0.6,0.4630929,0.62,0.48309287,173,False,False,False,filtered_topk,0.0,filtered_top200,173
QUC,16045,687,4331,0.1369071343164607,0.2198218,0.42574203,-0.20592023,-0.30851796,0.30851796,0.42877454,0.57122546,0.14245093,4.4715164e-20,True,0.0,-0.13690713,0.08,-0.056907132,174,False,False,False,filtered_topk,0.0,filtered_top200,174
QUC,20904,687,4331,0.1369071343164607,0.04124875,0.16672273,-0.12547398,-0.307537,0.307537,0.44865155,0.55134845,0.102696896,1.7379621e-34,True,0.0,-0.13690713,0.02,-0.116907135,175,False,False,False,filtered_topk,0.0,filtered_top200,175
QUC,30798,687,4331,0.1369071343164607,0.038101573,0.18944772,-0.15134615,-0.30711648,0.30711648,0.44171062,0.5582894,0.11657876,3.2009383e-35,True,0.0,-0.13690713,0.04,-0.09690713,176,False,False,False,filtered_topk,0.0,filtered_top200,176
QUC,9908,687,4331,0.1369071343164607,0.12244132,0.038404994,0.08403633,0.30661198,0.30661198,0.52995366,0.52995366,0.059907317,1.0903325e-06,True,0.4,0.26309288,0.4,0.26309288,177,False,False,False,filtered_topk,0.0,filtered_top200,177
QUC,32463,687,4331,0.1369071343164607,0.09397744,0.016787585,0.07718985,0.3062287,0.3062287,0.51666987,0.51666987,0.03333974,1.586197e-05,True,0.3,0.16309288,0.54,0.4030929,178,False,False,False,filtered_topk,0.0,filtered_top200,178
QUC,22285,687,4331,0.1369071343164607,0.15862674,0.079192884,0.07943385,0.30583352,0.30583352,0.5591259,0.5591259,0.1182518,6.142756e-10,True,0.0,-0.13690713,0.18,0.043092877,179,False,False,False,filtered_topk,0.0,filtered_top200,179
QUC,27142,687,4331,0.1369071343164607,0.0237616,0.004337372,0.019424228,0.30500725,0.30500725,0.51696414,0.51696414,0.033928275,3.5412737e-05,True,0.4,0.26309288,0.44,0.30309287,180,False,False,False,filtered_topk,0.0,filtered_top200,180
QUC,1572,687,4331,0.1369071343164607,0.033282727,0.2460491,-0.21276638,-0.30475965,0.30475965,0.45688456,0.54311544,0.086230874,0.0,True,0.0,-0.13690713,0.02,-0.116907135,181,False,False,False,filtered_topk,0.0,filtered_top200,181
QUC,23200,687,4331,0.1369071343164607,0.041331194,0.005569856,0.035761338,0.30401242,0.30401242,0.5118712,0.5118712,0.023742437,0.00032092934,True,0.8,0.66309285,0.42,0.28309286,182,False,False,False,filtered_topk,0.0,filtered_top200,182
QUC,7741,687,4331,0.1369071343164607,0.040501047,0.12559076,-0.08508971,-0.3025028,0.3025028,0.44300324,0.55699676,0.113993526,1.7055577e-27,True,0.0,-0.13690713,0.02,-0.116907135,183,False,False,False,filtered_topk,0.0,filtered_top200,183
QUC,12910,687,4331,0.1369071343164607,0.4501086,0.7413618,-0.2912532,-0.30222455,0.30222455,0.42347476,0.5765252,0.15305048,1.6752277e-16,True,0.1,-0.03690713,0.04,-0.09690713,184,False,False,False,filtered_topk,0.0,filtered_top200,184
QUC,30071,687,4331,0.1369071343164607,0.07668361,0.014175601,0.06250801,0.30034372,0.30034372,0.52235615,0.52235615,0.044712305,2.4372139e-05,True,0.5,0.36309287,0.46,0.32309288,185,False,False,False,filtered_topk,0.0,filtered_top200,185
QUC,4958,687,4331,0.1369071343164607,0.11939081,0.032120362,0.087270446,0.29961038,0.29961038,0.521969,0.521969,0.04393804,1.6706386e-05,True,0.5,0.36309287,0.44,0.30309287,186,False,False,False,filtered_topk,0.0,filtered_top200,186
QUC,14921,687,4331,0.1369071343164607,0.13367961,0.06517331,0.0685063,0.29928684,0.29928684,0.54711974,0.54711974,0.09423947,7.629671e-09,True,0.2,0.06309287,0.24,0.103092864,187,False,False,False,filtered_topk,0.0,filtered_top200,187
QUC,3348,687,4331,0.1369071343164607,0.03245258,0.007011588,0.02544099,0.29836842,0.29836842,0.51913744,0.51913744,0.038274884,1.1845334e-05,True,0.4,0.26309288,0.44,0.30309287,188,False,False,False,filtered_topk,0.0,filtered_top200,188
QUC,3722,687,4331,0.1369071343164607,0.063318774,0.013965452,0.049353324,0.29828346,0.29828346,0.51815957,0.51815957,0.036319137,1.9413284e-05,True,0.5,0.36309287,0.48,0.34309286,189,False,False,False,filtered_topk,0.0,filtered_top200,189
QUC,19924,687,4331,0.1369071343164607,0.049956787,0.013354847,0.03660194,0.29807118,0.29807118,0.5244972,0.5244972,0.048994422,2.4840085e-06,True,0.4,0.26309288,0.32,0.18309286,190,False,False,False,filtered_topk,0.0,filtered_top200,190
QUC,25227,687,4331,0.1369071343164607,0.046664618,0.011497778,0.03516684,0.29788992,0.29788992,0.52346325,0.52346325,0.0469265,6.152672e-06,True,0.4,0.26309288,0.4,0.26309288,191,False,False,False,filtered_topk,0.0,filtered_top200,191
QUC,15396,687,4331,0.1369071343164607,0.082056835,0.24532485,-0.16326801,-0.29766384,0.29766384,0.43822724,0.56177276,0.12354553,6.605742e-23,True,0.0,-0.13690713,0.06,-0.07690713,192,False,False,False,filtered_topk,0.0,filtered_top200,192
QUC,19403,687,4331,0.1369071343164607,0.105150335,0.0436479,0.061502434,0.29741958,0.29741958,0.53969955,0.53969955,0.07939911,6.15563e-08,True,0.2,0.06309287,0.3,0.16309288,193,False,False,False,filtered_topk,0.0,filtered_top200,193
QUC,111,687,4331,0.1369071343164607,0.0630885,0.19800882,-0.13492033,-0.29733855,0.29733855,0.4365441,0.56345594,0.12691182,8.1903636e-25,True,0.1,-0.03690713,0.02,-0.116907135,194,False,False,False,filtered_topk,0.0,filtered_top200,194
QUC,21292,687,4331,0.1369071343164607,0.049064092,0.014851145,0.034212947,0.2959892,0.2959892,0.5290373,0.5290373,0.058074594,3.0534903e-07,True,0.3,0.16309288,0.32,0.18309286,195,False,False,False,filtered_topk,0.0,filtered_top200,195
QUC,17981,687,4331,0.1369071343164607,0.113235764,0.013339515,0.09989625,0.29548973,0.29548973,0.51499045,0.51499045,0.029980898,7.91661e-05,True,0.3,0.16309288,0.5,0.36309287,196,False,False,False,filtered_topk,0.0,filtered_top200,196
QUC,3535,687,4331,0.1369071343164607,0.010001592,0.00069944514,0.009302147,0.2944714,0.2944714,0.50949454,0.50949454,0.018989086,0.00064638496,True,0.6,0.4630929,0.44,0.30309287,197,False,False,False,filtered_topk,0.0,filtered_top200,197
QUC,25028,687,4331,0.1369071343164607,0.10985262,0.27579197,-0.16593936,-0.293891,0.293891,0.43399367,0.5660063,0.13201267,7.4794915e-21,True,0.0,-0.13690713,0.1,-0.03690713,198,False,False,False,filtered_topk,0.0,filtered_top200,198
QUC,5707,687,4331,0.1369071343164607,0.039557178,0.009048592,0.030508585,0.29260835,0.29260835,0.51803577,0.51803577,0.03607154,2.9005885e-05,True,0.6,0.4630929,0.44,0.30309287,199,False,False,False,filtered_topk,0.0,filtered_top200,199
QUC,32764,687,4331,0.1369071343164607,0.036631756,0.13784346,-0.101211704,-0.29222655,0.29222655,0.4446185,0.55538154,0.11076301,6.3855116e-29,True,0.0,-0.13690713,0.02,-0.116907135,200,False,False,False,filtered_topk,0.0,filtered_top200,200
GI,13430,604,4414,0.1203666799521721,0.1272765,0.732517,-0.6052405,-0.82976115,0.82976115,0.2742761,0.72572386,0.45144778,0.0,True,0.0,-0.12036668,0.0,-0.12036668,1,False,False,False,filtered_topk,0.0,filtered_top200,1
GI,664,604,4414,0.1203666799521721,0.037180517,0.393837,-0.3566565,-0.6363283,0.6363283,0.32418486,0.6758151,0.35163027,0.0,True,0.0,-0.12036668,0.0,-0.12036668,2,False,False,False,filtered_topk,0.0,filtered_top200,2
GI,16345,604,4414,0.1203666799521721,0.0999004,0.012236456,0.08766395,0.62246734,0.62246734,0.54869497,0.54869497,0.09738994,1.9174174e-11,True,0.8,0.6796333,0.66,0.53963333,3,False,False,False,filtered_topk,0.0,filtered_top200,3
GI,26485,604,4414,0.1203666799521721,0.14279154,0.41443506,-0.27164352,-0.5500131,0.5500131,0.354299,0.645701,0.29140198,0.0,True,0.0,-0.12036668,0.02,-0.10036668,4,False,False,False,filtered_topk,0.0,filtered_top200,4
GI,8294,604,4414,0.1203666799521721,0.081080556,0.007550992,0.073529564,0.5489897,0.5489897,0.5341484,0.5341484,0.06829679,1.86448e-08,True,0.9,0.7796333,0.6,0.47963333,5,False,False,False,filtered_topk,0.0,filtered_top200,5
GI,26879,604,4414,0.1203666799521721,0.049591266,0.003502262,0.046089005,0.54291207,0.54291207,0.5305228,0.5305228,0.061045647,4.973497e-08,True,0.8,0.6796333,0.64,0.5196333,6,False,False,False,filtered_topk,0.0,filtered_top200,6
GI,13751,604,4414,0.1203666799521721,0.064065084,0.006795229,0.057269856,0.5353324,0.5353324,0.5340537,0.5340537,0.06810737,4.7786406e-09,True,0.7,0.5796333,0.62,0.4996333,7,False,False,False,filtered_topk,0.0,filtered_top200,7
GI,11660,604,4414,0.1203666799521721,0.022318657,0.3533581,-0.33103943,-0.53245413,0.53245413,0.3792062,0.6207938,0.24158758,0.0,True,0.0,-0.12036668,0.0,-0.12036668,8,False,False,False,filtered_topk,0.0,filtered_top200,8
GI,16515,604,4414,0.1203666799521721,0.049969602,0.0041912096,0.045778394,0.5202872,0.5202872,0.5295675,0.5295675,0.05913496,1.3831465e-07,True,0.8,0.6796333,0.64,0.5196333,9,False,False,False,filtered_topk,0.0,filtered_top200,9
GI,21634,604,4414,0.1203666799521721,0.086927,0.012027161,0.07489984,0.51590216,0.51590216,0.53569055,0.53569055,0.07138109,7.742375e-08,True,0.9,0.7796333,0.52,0.3996333,10,False,False,False,filtered_topk,0.0,filtered_top200,10
GI,27515,604,4414,0.1203666799521721,0.1440171,0.04562941,0.09838769,0.51335055,0.51335055,0.5726125,0.5726125,0.14522505,1.38505125e-14,True,0.3,0.17963333,0.36,0.23963334,11,False,False,False,filtered_topk,0.0,filtered_top200,11
GI,9959,604,4414,0.1203666799521721,0.009005717,0.2110198,-0.20201409,-0.5130155,0.5130155,0.3865185,0.6134815,0.22696298,0.0,True,0.0,-0.12036668,0.0,-0.12036668,12,False,False,False,filtered_topk,0.0,filtered_top200,12
GI,17827,604,4414,0.1203666799521721,0.04691057,0.0045102406,0.04240033,0.5115606,0.5115606,0.5304892,0.5304892,0.060978413,1.6723515e-08,True,0.6,0.47963333,0.62,0.4996333,13,False,False,False,filtered_topk,0.0,filtered_top200,13
GI,26236,604,4414,0.1203666799521721,0.14739627,0.024434859,0.12296141,0.51155794,0.51155794,0.5512009,0.5512009,0.10240185,6.6134015e-10,True,0.6,0.47963333,0.48,0.35963333,14,False,False,False,filtered_topk,0.0,filtered_top200,14
GI,26681,604,4414,0.1203666799521721,0.95703775,1.3876426,-0.43060488,-0.50424325,0.50424325,0.40915364,0.59084636,0.18169272,2.0841533000000002e-22,True,0.2,0.079633325,0.22,0.09963332,15,False,False,False,filtered_topk,0.0,filtered_top200,15
GI,17861,604,4414,0.1203666799521721,0.608835,0.9152563,-0.30642134,-0.4868311,0.4868311,0.38192672,0.6180733,0.23614657,1.50787715e-24,True,0.2,0.079633325,0.08,-0.04036668,16,False,False,False,filtered_topk,0.0,filtered_top200,16
GI,9893,604,4414,0.1203666799521721,0.11944459,0.032836746,0.08660784,0.48128644,0.48128644,0.5560153,0.5560153,0.112030625,6.3285974e-11,True,0.7,0.5796333,0.5,0.3796333,17,False,False,False,filtered_topk,0.0,filtered_top200,17
GI,24876,604,4414,0.1203666799521721,0.12065074,0.0330133,0.08763744,0.48105383,0.48105383,0.5531872,0.5531872,0.10637438,8.326088e-11,True,0.6,0.47963333,0.46,0.33963335,18,False,False,False,filtered_topk,0.0,filtered_top200,18
GI,18490,604,4414,0.1203666799521721,0.040802203,0.0029872104,0.037814993,0.47939408,0.47939408,0.523426,0.523426,0.046851993,1.2818388e-06,True,0.8,0.6796333,0.6,0.47963333,19,False,False,False,filtered_topk,0.0,filtered_top200,19
GI,8166,604,4414,0.1203666799521721,0.0716577,0.0141311735,0.05752653,0.47059277,0.47059277,0.5375941,0.5375941,0.07518816,2.648744e-09,True,0.6,0.47963333,0.5,0.3796333,20,False,False,False,filtered_topk,0.0,filtered_top200,20
GI,2055,604,4414,0.1203666799521721,0.105630435,0.027367203,0.07826323,0.46273452,0.46273452,0.5499275,0.5499275,0.099854946,2.7115007e-10,True,0.5,0.3796333,0.36,0.23963334,21,False,False,False,filtered_topk,0.0,filtered_top200,21
GI,12340,604,4414,0.1203666799521721,0.058881544,0.48045814,-0.4215766,-0.45356905,0.45356905,0.3804605,0.6195395,0.239079,0.0,True,0.0,-0.12036668,0.0,-0.12036668,22,False,False,False,filtered_topk,0.0,filtered_top200,22
GI,10916,604,4414,0.1203666799521721,0.025089895,0.310265,-0.2851751,-0.45008925,0.45008925,0.39179915,0.60820085,0.2164017,0.0,True,0.0,-0.12036668,0.0,-0.12036668,23,False,False,False,filtered_topk,0.0,filtered_top200,23
GI,16131,604,4414,0.1203666799521721,0.047757786,0.0047898907,0.042967893,0.4498271,0.4498271,0.52455556,0.52455556,0.049111128,3.929481e-06,True,0.9,0.7796333,0.5,0.3796333,24,False,False,False,filtered_topk,0.0,filtered_top200,24
GI,7148,604,4414,0.1203666799521721,0.021840077,0.0008345251,0.021005552,0.44917682,0.44917682,0.51649326,0.51649326,0.03298652,3.328933e-05,True,0.8,0.6796333,0.42,0.29963332,25,False,False,False,filtered_topk,0.0,filtered_top200,25
GI,1713,604,4414,0.1203666799521721,0.08740881,0.022758286,0.06465052,0.44399202,0.44399202,0.5392147,0.5392147,0.07842934,5.1850217e-09,True,0.7,0.5796333,0.54,0.41963333,26,False,False,False,filtered_topk,0.0,filtered_top200,26
GI,23723,604,4414,0.1203666799521721,0.25547782,0.039820917,0.2156569,0.43978465,0.43978465,0.5284846,0.5284846,0.056969166,6.3665155e-08,True,0.4,0.27963334,0.44,0.3196333,27,False,False,False,filtered_topk,0.0,filtered_top200,27
GI,30517,604,4414,0.1203666799521721,0.087201856,0.020581707,0.06662015,0.43732682,0.43732682,0.538773,0.538773,0.077546,2.1964385e-07,True,0.8,0.6796333,0.44,0.3196333,28,False,False,False,filtered_topk,0.0,filtered_top200,28
GI,17556,604,4414,0.1203666799521721,0.047004346,0.0076545333,0.039349813,0.43712926,0.43712926,0.5263314,0.5263314,0.05266285,9.1848204e-07,True,0.9,0.7796333,0.56,0.4396333,29,False,False,False,filtered_topk,0.0,filtered_top200,29
GI,17685,604,4414,0.1203666799521721,0.07350411,0.013040893,0.06046322,0.43175346,0.43175346,0.5261399,0.5261399,0.05227983,4.1623937e-07,True,0.7,0.5796333,0.56,0.4396333,30,False,False,False,filtered_topk,0.0,filtered_top200,30
GI,5828,604,4414,0.1203666799521721,0.23426506,0.09630844,0.13795662,0.42768323,0.42768323,0.567134,0.567134,0.13426805,1.0172351e-11,True,0.7,0.5796333,0.34,0.21963333,31,False,False,False,filtered_topk,0.0,filtered_top200,31
GI,1782,604,4414,0.1203666799521721,0.06567868,0.01108821,0.054590467,0.42431676,0.42431676,0.5307182,0.5307182,0.061436415,1.6078899e-07,True,0.5,0.3796333,0.44,0.3196333,32,False,False,False,filtered_topk,0.0,filtered_top200,32
GI,27061,604,4414,0.1203666799521721,0.03405681,0.18892613,-0.15486932,-0.42104614,0.42104614,0.40706742,0.5929326,0.18586516,0.0,True,0.0,-0.12036668,0.0,-0.12036668,33,False,False,False,filtered_topk,0.0,filtered_top200,33
GI,32448,604,4414,0.1203666799521721,0.044524137,0.0032681879,0.04125595,0.41867843,0.41867843,0.5196174,0.5196174,0.039234757,2.5963818e-05,True,0.9,0.7796333,0.52,0.3996333,34,False,False,False,filtered_topk,0.0,filtered_top200,34
GI,10264,604,4414,0.1203666799521721,0.067799956,0.01783565,0.049964305,0.41436222,0.41436222,0.5379902,0.5379902,0.075980425,6.9312636e-09,True,0.6,0.47963333,0.38,0.2596333,35,False,False,False,filtered_topk,0.0,filtered_top200,35
GI,27664,604,4414,0.1203666799521721,0.09110487,0.023388384,0.06771649,0.41292268,0.41292268,0.5386601,0.5386601,0.07732022,4.1541664e-08,True,0.7,0.5796333,0.44,0.3196333,36,False,False,False,filtered_topk,0.0,filtered_top200,36
GI,5582,604,4414,0.1203666799521721,0.051389176,0.0044797095,0.046909466,0.4129224,0.4129224,0.5270904,0.5270904,0.05418074,1.4937483e-05,True,0.5,0.3796333,0.58,0.4596333,37,False,False,False,filtered_topk,0.0,filtered_top200,37
GI,19483,604,4414,0.1203666799521721,0.11416727,0.036608484,0.077558786,0.40679196,0.40679196,0.5431628,0.5431628,0.086325645,3.6286376e-09,True,0.6,0.47963333,0.42,0.29963332,38,False,False,False,filtered_topk,0.0,filtered_top200,38
GI,6651,604,4414,0.1203666799521721,0.43070933,0.20876049,0.22194885,0.40112928,0.40112928,0.5718031,0.5718031,0.14360619,2.9930993e-12,True,0.5,0.3796333,0.32,0.19963332,39,False,False,False,filtered_topk,0.0,filtered_top200,39
GI,26500,604,4414,0.1203666799521721,0.039094836,0.006174866,0.03291997,0.40065327,0.40065327,0.5227857,0.5227857,0.045571446,3.8236435e-06,True,0.9,0.7796333,0.46,0.33963335,40,False,False,False,filtered_topk,0.0,filtered_top200,40
GI,20329,604,4414,0.1203666799521721,0.14999935,0.048915293,0.10108405,0.4002969,0.4002969,0.54286706,0.54286706,0.08573413,2.0719366e-08,True,0.5,0.3796333,0.42,0.29963332,41,False,False,False,filtered_topk,0.0,filtered_top200,41
GI,20548,604,4414,0.1203666799521721,0.051731944,0.00968111,0.042050835,0.39119673,0.39119673,0.52633214,0.52633214,0.05266428,2.1852638e-06,True,0.8,0.6796333,0.4,0.27963334,42,False,False,False,filtered_topk,0.0,filtered_top200,42
GI,1442,604,4414,0.1203666799521721,0.25885698,0.10483622,0.15402076,0.3906683,0.3906683,0.56702656,0.56702656,0.13405311,1.4357726e-11,True,0.1,-0.020366676,0.24,0.11963332,43,False,False,False,filtered_topk,0.0,filtered_top200,43
GI,21650,604,4414,0.1203666799521721,0.035250027,0.001588518,0.033661507,0.39034978,0.39034978,0.51400363,0.51400363,0.028007269,0.00027186706,True,0.8,0.6796333,0.36,0.23963334,44,False,False,False,filtered_topk,0.0,filtered_top200,44
GI,986,604,4414,0.1203666799521721,0.016575694,0.00052080385,0.016054891,0.38935176,0.38935176,0.5127921,0.5127921,0.02558422,0.00030542386,True,0.8,0.6796333,0.32,0.19963332,45,False,False,False,filtered_topk,0.0,filtered_top200,45
GI,2102,604,4414,0.1203666799521721,0.015075279,0.0003991207,0.014676158,0.38932636,0.38932636,0.5112507,0.5112507,0.02250135,0.00036518715,True,0.9,0.7796333,0.28,0.15963332,46,False,False,False,filtered_topk,0.0,filtered_top200,46
GI,8346,604,4414,0.1203666799521721,0.026473898,0.0024894157,0.023984483,0.38919953,0.38919953,0.5163059,0.5163059,0.032611847,3.004362e-05,True,0.7,0.5796333,0.46,0.33963335,47,False,False,False,filtered_topk,0.0,filtered_top200,47
GI,26371,604,4414,0.1203666799521721,0.031052748,0.0020681708,0.028984576,0.38910285,0.38910285,0.5153172,0.5153172,0.030634403,7.1061404e-05,True,0.6,0.47963333,0.4,0.27963334,48,False,False,False,filtered_topk,0.0,filtered_top200,48
GI,11818,604,4414,0.1203666799521721,0.019333998,0.00020177277,0.019132225,0.38873366,0.38873366,0.5137422,0.5137422,0.027484417,0.0008632793,True,1.0,0.8796333,0.34,0.21963333,49,False,False,False,filtered_topk,0.0,filtered_top200,49
GI,7040,604,4414,0.1203666799521721,0.025513504,0.0025575582,0.022955945,0.38825366,0.38825366,0.51915526,0.51915526,0.038310528,2.4305295e-05,True,0.6,0.47963333,0.52,0.3996333,50,False,False,False,filtered_topk,0.0,filtered_top200,50
GI,17036,604,4414,0.1203666799521721,0.06796487,0.017948927,0.05001594,0.38529286,0.38529286,0.53603846,0.53603846,0.07207692,1.0839572e-07,True,0.7,0.5796333,0.38,0.2596333,51,False,False,False,filtered_topk,0.0,filtered_top200,51
GI,3426,604,4414,0.1203666799521721,0.13258938,0.03409296,0.09849642,0.38503143,0.38503143,0.53239036,0.53239036,0.06478071,2.908271e-07,True,0.3,0.17963333,0.46,0.33963335,52,False,False,False,filtered_topk,0.0,filtered_top200,52
GI,12186,604,4414,0.1203666799521721,0.20158578,0.09296238,0.10862341,0.3847347,0.3847347,0.5614141,0.5614141,0.122828245,5.0982468e-11,True,0.6,0.47963333,0.28,0.15963332,53,False,False,False,filtered_topk,0.0,filtered_top200,53
GI,21100,604,4414,0.1203666799521721,0.04667128,0.0052713137,0.041399963,0.3846925,0.3846925,0.5198248,0.5198248,0.039649606,3.694817e-05,True,0.7,0.5796333,0.52,0.3996333,54,False,False,False,filtered_topk,0.0,filtered_top200,54
GI,21125,604,4414,0.1203666799521721,0.005726795,0.11716538,-0.11143859,-0.383457,0.383457,0.43032724,0.56967276,0.13934553,0.0,True,0.0,-0.12036668,0.0,-0.12036668,55,False,False,False,filtered_topk,0.0,filtered_top200,55
GI,24140,604,4414,0.1203666799521721,0.041206412,0.001646041,0.03956037,0.3807668,0.3807668,0.5159269,0.5159269,0.031853795,0.00075235806,True,0.9,0.7796333,0.42,0.29963332,56,False,False,False,filtered_topk,0.0,filtered_top200,56
GI,13912,604,4414,0.1203666799521721,0.022541778,0.0016540057,0.020887772,0.38049853,0.38049853,0.51427746,0.51427746,0.028554916,0.00010649458,True,0.9,0.7796333,0.38,0.2596333,57,False,False,False,filtered_topk,0.0,filtered_top200,57
GI,11658,604,4414,0.1203666799521721,0.31195673,0.1289067,0.18305004,0.3802721,0.3802721,0.5631339,0.5631339,0.12626779,2.7675306e-10,True,0.2,0.079633325,0.2,0.079633325,58,False,False,False,filtered_topk,0.0,filtered_top200,58
GI,30753,604,4414,0.1203666799521721,0.06686866,0.014132501,0.052736163,0.3790619,0.3790619,0.5318461,0.5318461,0.06369221,7.282295e-07,True,0.5,0.3796333,0.42,0.29963332,59,False,False,False,filtered_topk,0.0,filtered_top200,59
GI,3674,604,4414,0.1203666799521721,0.115324914,0.04024305,0.07508187,0.3782514,0.3782514,0.5391944,0.5391944,0.07838881,2.2627573e-08,True,0.8,0.6796333,0.42,0.29963332,60,False,False,False,filtered_topk,0.0,filtered_top200,60
GI,15524,604,4414,0.1203666799521721,0.012918434,0.00029380948,0.012624624,0.37800887,0.37800887,0.51042646,0.51042646,0.020852923,0.0007153538,True,0.9,0.7796333,0.26,0.13963331,61,False,False,False,filtered_topk,0.0,filtered_top200,61
GI,29956,604,4414,0.1203666799521721,0.02782233,0.0022248102,0.02559752,0.37738842,0.37738842,0.5152011,0.5152011,0.030402184,5.7912395e-05,True,0.5,0.3796333,0.4,0.27963334,62,False,False,False,filtered_topk,0.0,filtered_top200,62
GI,3960,604,4414,0.1203666799521721,0.3114717,0.13263728,0.17883442,0.37675777,0.37675777,0.5582983,0.5582983,0.11659658,6.5351474e-10,True,0.4,0.27963334,0.32,0.19963332,63,False,False,False,filtered_topk,0.0,filtered_top200,63
GI,24761,604,4414,0.1203666799521721,0.05676027,0.30218923,-0.24542896,-0.37515187,0.37515187,0.42303595,0.576964,0.1539281,0.0,True,0.0,-0.12036668,0.0,-0.12036668,64,False,False,False,filtered_topk,0.0,filtered_top200,64
GI,29590,604,4414,0.1203666799521721,0.023440734,0.1697086,-0.14626786,-0.3740449,0.3740449,0.4208248,0.57917523,0.15835041,0.0,True,0.0,-0.12036668,0.0,-0.12036668,65,False,False,False,filtered_topk,0.0,filtered_top200,65
GI,15375,604,4414,0.1203666799521721,0.07719694,0.016715724,0.060481217,0.37175062,0.37175062,0.5290123,0.5290123,0.058024645,9.69126e-07,True,0.4,0.27963334,0.46,0.33963335,66,False,False,False,filtered_topk,0.0,filtered_top200,66
GI,3630,604,4414,0.1203666799521721,0.031573366,0.0043810355,0.027192332,0.37060916,0.37060916,0.5213285,0.5213285,0.042657018,9.994653e-06,True,0.5,0.3796333,0.52,0.3996333,67,False,False,False,filtered_topk,0.0,filtered_top200,67
GI,15604,604,4414,0.1203666799521721,0.07510801,0.023197673,0.051910333,0.37009645,0.37009645,0.5356799,0.5356799,0.07135975,1.16566504e-07,True,0.5,0.3796333,0.42,0.29963332,68,False,False,False,filtered_topk,0.0,filtered_top200,68
GI,16935,604,4414,0.1203666799521721,0.09361742,0.02539328,0.06822414,0.36992157,0.36992157,0.5299238,0.5299238,0.059847593,1.38226e-06,True,0.6,0.47963333,0.46,0.33963335,69,False,False,False,filtered_topk,0.0,filtered_top200,69
GI,22511,604,4414,0.1203666799521721,0.04287174,0.0067204493,0.03615129,0.36969763,0.36969763,0.5211423,0.5211423,0.042284608,1.714799e-05,True,0.6,0.47963333,0.5,0.3796333,70,False,False,False,filtered_topk,0.0,filtered_top200,70
GI,29249,604,4414,0.1203666799521721,0.051237196,0.009558543,0.041678652,0.36770838,0.36770838,0.5202464,0.5202464,0.040492773,4.840642e-05,True,0.9,0.7796333,0.4,0.27963334,71,False,False,False,filtered_topk,0.0,filtered_top200,71
GI,21287,604,4414,0.1203666799521721,0.026913675,0.0029327848,0.02398089,0.3675828,0.3675828,0.51810443,0.51810443,0.036208868,6.179245e-05,True,0.6,0.47963333,0.5,0.3796333,72,False,False,False,filtered_topk,0.0,filtered_top200,72
GI,9728,604,4414,0.1203666799521721,0.05892035,0.016416604,0.042503744,0.3662823,0.3662823,0.5328168,0.5328168,0.065633655,1.2740313e-07,True,0.3,0.17963333,0.42,0.29963332,73,False,False,False,filtered_topk,0.0,filtered_top200,73
GI,24687,604,4414,0.1203666799521721,0.07686711,0.012923635,0.063943475,0.36416268,0.36416268,0.5228328,0.5228328,0.04566562,1.2775683e-05,True,0.5,0.3796333,0.44,0.3196333,74,False,False,False,filtered_topk,0.0,filtered_top200,74
GI,3541,604,4414,0.1203666799521721,0.032401178,0.0030832295,0.029317949,0.363742,0.363742,0.51761293,0.51761293,0.03522587,0.00012561625,True,0.7,0.5796333,0.48,0.35963333,75,False,False,False,filtered_topk,0.0,filtered_top200,75
GI,19684,604,4414,0.1203666799521721,0.0424643,0.007215589,0.03524871,0.36263144,0.36263144,0.52236545,0.52236545,0.0447309,6.5023737e-06,True,0.5,0.3796333,0.48,0.35963333,76,False,False,False,filtered_topk,0.0,filtered_top200,76
GI,24901,604,4414,0.1203666799521721,0.022457704,0.0014411708,0.021016533,0.36237523,0.36237523,0.5144918,0.5144918,0.028983593,0.0003365803,True,0.7,0.5796333,0.38,0.2596333,77,False,False,False,filtered_topk,0.0,filtered_top200,77
GI,14202,604,4414,0.1203666799521721,0.03991295,0.006511154,0.033401795,0.36200705,0.36200705,0.52167267,0.52167267,0.043345332,9.127858e-06,True,0.5,0.3796333,0.5,0.3796333,78,False,False,False,filtered_topk,0.0,filtered_top200,78
GI,19401,604,4414,0.1203666799521721,0.030826392,0.0047969706,0.026029421,0.35858932,0.35858932,0.5188222,0.5188222,0.037644386,2.8280892e-05,True,0.7,0.5796333,0.46,0.33963335,79,False,False,False,filtered_topk,0.0,filtered_top200,79
GI,6016,604,4414,0.1203666799521721,0.031288803,0.0045885607,0.026700241,0.35818315,0.35818315,0.5193537,0.5193537,0.038707376,2.903939e-05,True,0.6,0.47963333,0.46,0.33963335,80,False,False,False,filtered_topk,0.0,filtered_top200,80
GI,22383,604,4414,0.1203666799521721,0.06660997,0.01164043,0.05496954,0.35806337,0.35806337,0.52587754,0.52587754,0.05175507,8.407984e-06,True,0.6,0.47963333,0.4,0.27963334,81,False,False,False,filtered_topk,0.0,filtered_top200,81
GI,23242,604,4414,0.1203666799521721,0.4359931,0.6551402,-0.21914712,-0.35785177,0.35785177,0.3830381,0.6169619,0.2339238,3.65292e-15,True,0.3,0.17963333,0.26,0.13963331,82,False,False,False,filtered_topk,0.0,filtered_top200,82
GI,30153,604,4414,0.1203666799521721,0.09987777,0.03902843,0.06084934,0.35764313,0.35764313,0.5454139,0.5454139,0.09082782,1.1683209e-08,True,0.3,0.17963333,0.36,0.23963334,83,False,False,False,filtered_topk,0.0,filtered_top200,83
GI,28960,604,4414,0.1203666799521721,0.065271236,0.018231232,0.047040004,0.3568805,0.3568805,0.53460544,0.53460544,0.06921089,2.2098894e-07,True,0.6,0.47963333,0.38,0.2596333,84,False,False,False,filtered_topk,0.0,filtered_top200,84
GI,7217,604,4414,0.1203666799521721,0.012035647,0.00011416091,0.011921487,0.35443157,0.35443157,0.50816673,0.50816673,0.01633346,0.0021025122,True,1.0,0.8796333,0.2,0.079633325,85,False,False,False,filtered_topk,0.0,filtered_top200,85
GI,20863,604,4414,0.1203666799521721,0.031043047,0.0039925342,0.027050514,0.35410714,0.35410714,0.5157906,0.5157906,0.031581163,0.00012277804,True,0.8,0.6796333,0.44,0.3196333,86,False,False,False,filtered_topk,0.0,filtered_top200,86
GI,11873,604,4414,0.1203666799521721,0.040769868,0.0060261916,0.034743674,0.35392722,0.35392722,0.5187192,0.5187192,0.037438393,0.00022472697,True,0.7,0.5796333,0.44,0.3196333,87,False,False,False,filtered_topk,0.0,filtered_top200,87
GI,23183,604,4414,0.1203666799521721,0.018829549,0.18347251,-0.16464296,-0.3517844,0.3517844,0.43572435,0.5642756,0.1285513,0.0,True,0.0,-0.12036668,0.04,-0.08036668,88,False,False,False,filtered_topk,0.0,filtered_top200,88
GI,30857,604,4414,0.1203666799521721,0.043670453,0.01048068,0.033189774,0.35091248,0.35091248,0.52852565,0.52852565,0.0570513,5.742626e-07,True,0.2,0.079633325,0.38,0.2596333,89,False,False,False,filtered_topk,0.0,filtered_top200,89
GI,1061,604,4414,0.1203666799521721,0.0994962,0.03536245,0.06413375,0.35073224,0.35073224,0.5430488,0.5430488,0.0860976,1.2577e-08,True,0.1,-0.020366676,0.3,0.17963333,90,False,False,False,filtered_topk,0.0,filtered_top200,90
GI,6564,604,4414,0.1203666799521721,0.029342147,0.0036646537,0.025677493,0.35007954,0.35007954,0.5167217,0.5167217,0.03344345,0.00018610714,True,0.6,0.47963333,0.48,0.35963333,91,False,False,False,filtered_topk,0.0,filtered_top200,91
GI,1945,604,4414,0.1203666799521721,0.010121327,0.00031150883,0.009809818,0.349901,0.349901,0.5105313,0.5105313,0.021062613,0.0006616247,True,0.8,0.6796333,0.26,0.13963331,92,False,False,False,filtered_topk,0.0,filtered_top200,92
GI,31844,604,4414,0.1203666799521721,0.042810302,0.00996961,0.03284069,0.34745228,0.34745228,0.526512,0.526512,0.053024054,1.691245e-06,True,0.4,0.27963334,0.36,0.23963334,93,False,False,False,filtered_topk,0.0,filtered_top200,93
GI,4209,604,4414,0.1203666799521721,0.05391466,0.008939065,0.044975594,0.3465859,0.3465859,0.5208364,0.5208364,0.041672826,2.2980512e-05,True,0.7,0.5796333,0.44,0.3196333,94,False,False,False,filtered_topk,0.0,filtered_top200,94
GI,29750,604,4414,0.1203666799521721,0.11750116,0.03246639,0.08503477,0.34616417,0.34616417,0.53651273,0.53651273,0.073025465,2.4931776e-07,True,0.2,0.079633325,0.36,0.23963334,95,False,False,False,filtered_topk,0.0,filtered_top200,95
GI,12351,604,4414,0.1203666799521721,0.09035143,0.012312564,0.07803887,0.34592482,0.34592482,0.5172763,0.5172763,0.034552574,0.00014790735,True,0.8,0.6796333,0.44,0.3196333,96,False,False,False,filtered_topk,0.0,filtered_top200,96
GI,2182,604,4414,0.1203666799521721,0.04861147,0.0055292817,0.04308219,0.3455728,0.3455728,0.5161872,0.5161872,0.032374382,0.0003510421,True,0.7,0.5796333,0.46,0.33963335,97,False,False,False,filtered_topk,0.0,filtered_top200,97
GI,24744,604,4414,0.1203666799521721,0.016879657,0.14030686,-0.123427205,-0.34556776,0.34556776,0.42954463,0.5704554,0.14091074,0.0,True,0.0,-0.12036668,0.02,-0.10036668,98,False,False,False,filtered_topk,0.0,filtered_top200,98
GI,20378,604,4414,0.1203666799521721,0.05542154,0.005793887,0.04962765,0.34426963,0.34426963,0.51717067,0.51717067,0.034341335,0.0002680826,True,0.7,0.5796333,0.48,0.35963333,99,False,False,False,filtered_topk,0.0,filtered_top200,99
GI,17748,604,4414,0.1203666799521721,0.045782026,0.004475727,0.0413063,0.3439445,0.3439445,0.5129367,0.5129367,0.025873423,0.0006685994,True,0.8,0.6796333,0.38,0.2596333,100,False,False,False,filtered_topk,0.0,filtered_top200,100
GI,10178,604,4414,0.1203666799521721,0.054082807,0.0141431205,0.039939687,0.34309494,0.34309494,0.52414596,0.52414596,0.04829192,5.9572635e-06,True,0.7,0.5796333,0.48,0.35963333,101,False,False,False,filtered_topk,0.0,filtered_top200,101
GI,14472,604,4414,0.1203666799521721,0.049917866,0.014737819,0.035180047,0.3430384,0.3430384,0.52994967,0.52994967,0.05989933,4.1443445e-07,True,0.4,0.27963334,0.38,0.2596333,102,False,False,False,filtered_topk,0.0,filtered_top200,102
GI,31747,604,4414,0.1203666799521721,0.0740506,0.00835764,0.06569296,0.3427921,0.3427921,0.52158546,0.52158546,0.04317093,7.286437e-05,True,0.6,0.47963333,0.54,0.41963333,103,False,False,False,filtered_topk,0.0,filtered_top200,103
GI,31478,604,4414,0.1203666799521721,0.034115013,0.00544698,0.028668033,0.34174275,0.34174275,0.5205596,0.5205596,0.041119218,2.7407823e-05,True,0.4,0.27963334,0.46,0.33963335,104,False,False,False,filtered_topk,0.0,filtered_top200,104
GI,26144,604,4414,0.1203666799521721,0.0059272815,0.27676365,-0.27083635,-0.3404546,0.3404546,0.4397824,0.5602176,0.12043518,0.0,True,0.0,-0.12036668,0.0,-0.12036668,105,False,False,False,filtered_topk,0.0,filtered_top200,105
GI,8088,604,4414,0.1203666799521721,0.03917891,0.005624416,0.033554494,0.339733,0.339733,0.516895,0.516895,0.033789992,9.2842056e-05,True,0.6,0.47963333,0.48,0.35963333,106,False,False,False,filtered_topk,0.0,filtered_top200,106
GI,31503,604,4414,0.1203666799521721,0.015980702,0.0003097389,0.015670963,0.3391519,0.3391519,0.50877047,0.50877047,0.017540932,0.003020674,True,0.9,0.7796333,0.22,0.09963332,107,False,False,False,filtered_topk,0.0,filtered_top200,107
GI,25761,604,4414,0.1203666799521721,0.017642798,0.0018429464,0.015799852,0.33843464,0.33843464,0.51320976,0.51320976,0.02641952,0.00020520855,True,0.7,0.5796333,0.36,0.23963334,108,False,False,False,filtered_topk,0.0,filtered_top200,108
GI,14820,604,4414,0.1203666799521721,0.03985798,0.0070031965,0.032854784,0.33814585,0.33814585,0.5157242,0.5157242,0.031448364,0.00026884692,True,0.7,0.5796333,0.44,0.3196333,109,False,False,False,filtered_topk,0.0,filtered_top200,109
GI,24943,604,4414,0.1203666799521721,0.0020598355,0.15319642,-0.15113659,-0.33767977,0.33767977,0.43562907,0.56437093,0.12874186,0.0,True,0.0,-0.12036668,0.0,-0.12036668,110,False,False,False,filtered_topk,0.0,filtered_top200,110
GI,11884,604,4414,0.1203666799521721,0.027996948,0.0037000524,0.024296895,0.33711627,0.33711627,0.5161088,0.5161088,0.03221762,0.0001626942,True,0.8,0.6796333,0.46,0.33963335,111,False,False,False,filtered_topk,0.0,filtered_top200,111
GI,8981,604,4414,0.1203666799521721,0.03332277,0.0050867978,0.028235972,0.33676258,0.33676258,0.51890206,0.51890206,0.037804127,0.00016452151,True,0.6,0.47963333,0.46,0.33963335,112,False,False,False,filtered_topk,0.0,filtered_top200,112
GI,1559,604,4414,0.1203666799521721,0.03686685,0.004794316,0.032072537,0.3362185,0.3362185,0.52023196,0.52023196,0.040463924,5.6527293e-05,True,0.6,0.47963333,0.52,0.3996333,113,False,False,False,filtered_topk,0.0,filtered_top200,113
GI,18310,604,4414,0.1203666799521721,0.00672276,0.115941025,-0.10921826,-0.33563936,0.33563936,0.43587795,0.5641221,0.1282441,0.0,True,0.0,-0.12036668,0.02,-0.10036668,114,False,False,False,filtered_topk,0.0,filtered_top200,114
GI,25473,604,4414,0.1203666799521721,0.08800703,0.018084327,0.06992271,0.33552817,0.33552817,0.52208674,0.52208674,0.04417348,2.0253827e-05,True,0.5,0.3796333,0.46,0.33963335,115,False,False,False,filtered_topk,0.0,filtered_top200,115
GI,22448,604,4414,0.1203666799521721,0.033309836,0.006383276,0.02692656,0.33460653,0.33460653,0.5220339,0.5220339,0.04406774,8.673172e-06,True,0.4,0.27963334,0.5,0.3796333,116,False,False,False,filtered_topk,0.0,filtered_top200,116
GI,10383,604,4414,0.1203666799521721,0.015709074,0.00029115457,0.0154179195,0.33457932,0.33457932,0.5080546,0.5080546,0.016109228,0.003120581,True,0.9,0.7796333,0.2,0.079633325,117,False,False,False,filtered_topk,0.0,filtered_top200,117
GI,31582,604,4414,0.1203666799521721,0.05361716,0.011372727,0.042244434,0.3341041,0.3341041,0.5220622,0.5220622,0.044124365,8.407509e-06,True,0.3,0.17963333,0.48,0.35963333,118,False,False,False,filtered_topk,0.0,filtered_top200,118
GI,7907,604,4414,0.1203666799521721,0.09553174,0.03285135,0.06268039,0.33345482,0.33345482,0.5394635,0.5394635,0.07892704,1.4307562e-07,True,0.2,0.079633325,0.34,0.21963333,119,False,False,False,filtered_topk,0.0,filtered_top200,119
GI,23077,604,4414,0.1203666799521721,0.51774627,0.37530664,0.14243963,0.3332605,0.3332605,0.584288,0.584288,0.168576,3.5353654e-11,True,0.3,0.17963333,0.34,0.21963333,120,False,False,False,filtered_topk,0.0,filtered_top200,120
GI,30678,604,4414,0.1203666799521721,0.041856375,0.008189497,0.03366688,0.33169258,0.33169258,0.5185808,0.5185808,0.03716159,5.725896e-05,True,0.7,0.5796333,0.42,0.29963332,121,False,False,False,filtered_topk,0.0,filtered_top200,121
GI,11902,604,4414,0.1203666799521721,0.11507916,0.041799705,0.073279455,0.3316354,0.3316354,0.5417673,0.5417673,0.0835346,5.079527e-07,True,0.4,0.27963334,0.36,0.23963334,122,False,False,False,filtered_topk,0.0,filtered_top200,122
GI,18855,604,4414,0.1203666799521721,0.020006597,0.0015327651,0.018473832,0.33144218,0.33144218,0.51096714,0.51096714,0.02193427,0.0012213272,True,0.8,0.6796333,0.3,0.17963333,123,False,False,False,filtered_topk,0.0,filtered_top200,123
GI,19845,604,4414,0.1203666799521721,0.05348458,0.0054522897,0.04803229,0.33093357,0.33093357,0.51535434,0.51535434,0.03070867,0.00033666624,True,0.7,0.5796333,0.42,0.29963332,124,False,False,False,filtered_topk,0.0,filtered_top200,124
GI,6743,604,4414,0.1203666799521721,0.054703668,0.16500455,-0.11030088,-0.33067495,0.33067495,0.42838317,0.5716168,0.14323366,1.443847e-28,True,0.0,-0.12036668,0.0,-0.12036668,125,False,False,False,filtered_topk,0.0,filtered_top200,125
GI,19297,604,4414,0.1203666799521721,0.074994825,0.016550234,0.05844459,0.330469,0.330469,0.5185266,0.5185266,0.037053227,3.0297877e-05,True,0.7,0.5796333,0.48,0.35963333,126,False,False,False,filtered_topk,0.0,filtered_top200,126
GI,21935,604,4414,0.1203666799521721,0.0628557,0.22078145,-0.15792575,-0.33025956,0.33025956,0.42068207,0.5793179,0.15863585,5.7205623e-28,True,0.1,-0.020366676,0.06,-0.06036668,127,False,False,False,filtered_topk,0.0,filtered_top200,127
GI,18531,604,4414,0.1203666799521721,0.09520838,0.021106273,0.0741021,0.32976422,0.32976422,0.5303216,0.5303216,0.060643196,1.677493e-05,True,0.5,0.3796333,0.38,0.2596333,128,False,False,False,filtered_topk,0.0,filtered_top200,128
GI,2310,604,4414,0.1203666799521721,0.014826288,0.0008230205,0.0140032675,0.32931808,0.32931808,0.51080227,0.51080227,0.021604538,0.0013326607,True,0.8,0.6796333,0.28,0.15963332,129,False,False,False,filtered_topk,0.0,filtered_top200,129
GI,14380,604,4414,0.1203666799521721,0.13863954,0.063510634,0.075128905,0.32825068,0.32825068,0.5429869,0.5429869,0.08597386,4.7062994e-08,True,0.5,0.3796333,0.36,0.23963334,130,False,False,False,filtered_topk,0.0,filtered_top200,130
GI,18646,604,4414,0.1203666799521721,0.025141634,0.14120023,-0.116058595,-0.32801488,0.32801488,0.4412229,0.5587771,0.11755419,5.597510000000001e-40,True,0.1,-0.020366676,0.02,-0.10036668,131,False,False,False,filtered_topk,0.0,filtered_top200,131
GI,8675,604,4414,0.1203666799521721,0.066677876,0.019172838,0.047505036,0.3265113,0.3265113,0.5239513,0.5239513,0.047902584,9.323583e-06,True,0.7,0.5796333,0.46,0.33963335,132,False,False,False,filtered_topk,0.0,filtered_top200,132
GI,17994,604,4414,0.1203666799521721,0.043392356,0.010463865,0.032928493,0.32617146,0.32617146,0.5228487,0.5228487,0.04569745,1.3634612e-05,True,0.6,0.47963333,0.36,0.23963334,133,False,False,False,filtered_topk,0.0,filtered_top200,133
GI,28713,604,4414,0.1203666799521721,0.016168253,0.001073024,0.015095229,0.32573894,0.32573894,0.51068956,0.51068956,0.021379113,0.0011902807,True,0.8,0.6796333,0.28,0.15963332,134,False,False,False,filtered_topk,0.0,filtered_top200,134
GI,939,604,4414,0.1203666799521721,0.033335704,0.004299176,0.02903653,0.3252068,0.3252068,0.5153913,0.5153913,0.03078258,0.00037278407,True,0.5,0.3796333,0.44,0.3196333,135,False,False,False,filtered_topk,0.0,filtered_top200,135
GI,18730,604,4414,0.1203666799521721,0.17087257,0.5011544,-0.33028185,-0.3244402,0.3244402,0.43695387,0.5630461,0.12609226,2.5177612999999997e-25,True,0.1,-0.020366676,0.04,-0.08036668,136,False,False,False,filtered_topk,0.0,filtered_top200,136
GI,9963,604,4414,0.1203666799521721,0.060973715,0.37229776,-0.31132406,-0.32362953,0.32362953,0.44939378,0.55060625,0.10121244,5.5122090000000004e-39,True,0.1,-0.020366676,0.06,-0.06036668,137,False,False,False,filtered_topk,0.0,filtered_top200,137
GI,15109,604,4414,0.1203666799521721,0.026619412,0.005433263,0.021186149,0.32306924,0.32306924,0.5175983,0.5175983,0.035196543,5.5731434e-05,True,0.8,0.6796333,0.38,0.2596333,138,False,False,False,filtered_topk,0.0,filtered_top200,138
GI,12708,604,4414,0.1203666799521721,0.08415253,0.030032726,0.054119803,0.32275745,0.32275745,0.5308311,0.5308311,0.061662197,1.4236547e-06,True,0.7,0.5796333,0.38,0.2596333,139,False,False,False,filtered_topk,0.0,filtered_top200,139
GI,27648,604,4414,0.1203666799521721,0.022376863,0.0009570932,0.021419771,0.32229483,0.32229483,0.5098655,0.5098655,0.019731045,0.0036767784,True,0.7,0.5796333,0.26,0.13963331,140,False,False,False,filtered_topk,0.0,filtered_top200,140
GI,12544,604,4414,0.1203666799521721,0.04626384,0.15805799,-0.111794144,-0.32179052,0.32179052,0.42574048,0.5742595,0.14851904,7.777536000000001e-23,True,0.2,0.079633325,0.06,-0.06036668,141,False,False,False,filtered_topk,0.0,filtered_top200,141
GI,27416,604,4414,0.1203666799521721,0.04630911,0.0088284435,0.037480667,0.3214982,0.3214982,0.52002263,0.52002263,0.04004526,9.0312045e-05,True,0.7,0.5796333,0.34,0.21963333,142,False,False,False,filtered_topk,0.0,filtered_top200,142
GI,24547,604,4414,0.1203666799521721,0.041704394,0.009448807,0.032255586,0.32059622,0.32059622,0.5190352,0.5190352,0.03807044,0.00011433424,True,0.9,0.7796333,0.36,0.23963334,143,False,False,False,filtered_topk,0.0,filtered_top200,143
GI,13215,604,4414,0.1203666799521721,0.034370475,0.006411153,0.02795932,0.3202599,0.3202599,0.51638806,0.51638806,0.032776117,0.000115103016,True,0.6,0.47963333,0.42,0.29963332,144,False,False,False,filtered_topk,0.0,filtered_top200,144
GI,23080,604,4414,0.1203666799521721,0.08477662,0.029083598,0.05569302,0.32016784,0.32016784,0.5276204,0.5276204,0.05524075,6.593969e-06,True,0.6,0.47963333,0.4,0.27963334,145,False,False,False,filtered_topk,0.0,filtered_top200,145
GI,22753,604,4414,0.1203666799521721,0.06988242,0.021259151,0.04862327,0.3201141,0.3201141,0.5259462,0.5259462,0.0518924,5.22918e-06,True,0.7,0.5796333,0.36,0.23963334,146,False,False,False,filtered_topk,0.0,filtered_top200,146
GI,28194,604,4414,0.1203666799521721,0.09081708,0.027918536,0.06289855,0.3200868,0.3200868,0.53437436,0.53437436,0.06874871,2.7768485e-06,True,0.4,0.27963334,0.34,0.21963333,147,False,False,False,filtered_topk,0.0,filtered_top200,147
GI,22826,604,4414,0.1203666799521721,0.040902447,0.0073788655,0.033523582,0.3195788,0.3195788,0.5191455,0.5191455,0.038290977,0.00012402594,True,0.6,0.47963333,0.4,0.27963334,148,False,False,False,filtered_topk,0.0,filtered_top200,148
GI,7841,604,4414,0.1203666799521721,0.05649511,0.014258167,0.042236947,0.31933093,0.31933093,0.5251242,0.5251242,0.050248384,1.1987471e-05,True,0.3,0.17963333,0.36,0.23963334,149,False,False,False,filtered_topk,0.0,filtered_top200,149
GI,16503,604,4414,0.1203666799521721,0.026703488,0.0019194962,0.024783991,0.31873,0.31873,0.51403105,0.51403105,0.028062105,0.002960999,True,0.6,0.47963333,0.38,0.2596333,150,False,False,False,filtered_topk,0.0,filtered_top200,150
GI,12852,604,4414,0.1203666799521721,0.3217838,0.48283073,-0.16104692,-0.31852043,0.31852043,0.40464061,0.5953594,0.19071877,8.6464486e-14,True,0.0,-0.12036668,0.12,-0.00036668032,151,False,False,False,filtered_topk,0.0,filtered_top200,151
GI,28586,604,4414,0.1203666799521721,0.018108444,0.00216419,0.015944254,0.31839362,0.31839362,0.5137021,0.5137021,0.02740419,0.00027401838,True,0.7,0.5796333,0.38,0.2596333,152,False,False,False,filtered_topk,0.0,filtered_top200,152
GI,24870,604,4414,0.1203666799521721,0.033089947,0.0013894002,0.031700548,0.31784707,0.31784707,0.50914836,0.50914836,0.018296719,0.0038508426,True,0.8,0.6796333,0.24,0.11963332,153,False,False,False,filtered_topk,0.0,filtered_top200,153
GI,7925,604,4414,0.1203666799521721,0.049306706,0.01176698,0.037539724,0.31764817,0.31764817,0.52908736,0.52908736,0.05817473,5.2999517e-06,True,0.2,0.079633325,0.36,0.23963334,154,False,False,False,filtered_topk,0.0,filtered_top200,154
GI,1755,604,4414,0.1203666799521721,0.09452931,0.036630165,0.057899144,0.31683993,0.31683993,0.5351911,0.5351911,0.07038224,2.3572845e-06,True,0.4,0.27963334,0.3,0.17963333,155,False,False,False,filtered_topk,0.0,filtered_top200,155
GI,900,604,4414,0.1203666799521721,0.14072847,0.061043784,0.07968469,0.31664976,0.31664976,0.54852635,0.54852635,0.09705269,4.3680107e-08,True,0.3,0.17963333,0.26,0.13963331,156,False,False,False,filtered_topk,0.0,filtered_top200,156
GI,31965,604,4414,0.1203666799521721,0.041132037,0.007526655,0.03360538,0.3164539,0.3164539,0.51647323,0.51647323,0.032946467,0.00024303868,True,0.6,0.47963333,0.42,0.29963332,157,False,False,False,filtered_topk,0.0,filtered_top200,157
GI,3832,604,4414,0.1203666799521721,0.014528792,5.5753e-05,0.01447304,0.31553957,0.31553957,0.51065075,0.51065075,0.021301508,0.0072058844,True,1.0,0.8796333,0.26,0.13963331,158,False,False,False,filtered_topk,0.0,filtered_top200,158
GI,19780,604,4414,0.1203666799521721,0.19933192,0.100777976,0.09855395,0.31520662,0.31520662,0.55196273,0.55196273,0.10392547,2.1713152e-08,True,0.3,0.17963333,0.26,0.13963331,159,False,False,False,filtered_topk,0.0,filtered_top200,159
GI,18112,604,4414,0.1203666799521721,0.047861263,0.011646625,0.03621464,0.31511045,0.31511045,0.5232758,0.5232758,0.046551585,1.277705e-05,True,0.3,0.17963333,0.44,0.3196333,160,False,False,False,filtered_topk,0.0,filtered_top200,160
GI,9170,604,4414,0.1203666799521721,0.026612945,0.004869538,0.021743407,0.3150507,0.3150507,0.51528716,0.51528716,0.030574322,0.0001646266,True,0.8,0.6796333,0.44,0.3196333,161,False,False,False,filtered_topk,0.0,filtered_top200,161
GI,12015,604,4414,0.1203666799521721,0.07558659,0.018921508,0.056665078,0.31504768,0.31504768,0.5254344,0.5254344,0.05086875,1.1591062e-05,True,0.5,0.3796333,0.32,0.19963332,162,False,False,False,filtered_topk,0.0,filtered_top200,162
GI,12231,604,4414,0.1203666799521721,0.10063121,0.030934509,0.069696695,0.31500706,0.31500706,0.52821845,0.52821845,0.056436896,3.6768486e-06,True,0.5,0.3796333,0.36,0.23963334,163,False,False,False,filtered_topk,0.0,filtered_top200,163
GI,19770,604,4414,0.1203666799521721,0.046871766,0.012473186,0.03439858,0.31458154,0.31458154,0.5261296,0.5261296,0.052259207,1.1411424e-05,True,0.5,0.3796333,0.34,0.21963333,164,False,False,False,filtered_topk,0.0,filtered_top200,164
GI,19698,604,4414,0.1203666799521721,0.054800678,0.015882526,0.038918152,0.3145129,0.3145129,0.52498597,0.52498597,0.049971938,2.0671936e-05,True,0.4,0.27963334,0.38,0.2596333,165,False,False,False,filtered_topk,0.0,filtered_top200,165
GI,10638,604,4414,0.1203666799521721,0.024339689,0.0041482886,0.020191401,0.3140137,0.3140137,0.5165501,0.5165501,0.033100247,0.000130915,True,0.5,0.3796333,0.44,0.3196333,166,False,False,False,filtered_topk,0.0,filtered_top200,166
GI,28740,604,4414,0.1203666799521721,0.049361676,0.015475883,0.033885792,0.3130028,0.3130028,0.5239479,0.5239479,0.04789579,2.3811876e-05,True,0.5,0.3796333,0.44,0.3196333,167,False,False,False,filtered_topk,0.0,filtered_top200,167
GI,920,604,4414,0.1203666799521721,0.68084836,0.81682265,-0.13597429,-0.31297845,0.31297845,0.41374338,0.5862566,0.17251325,3.594232e-11,True,0.2,0.079633325,0.12,-0.00036668032,168,False,False,False,filtered_topk,0.0,filtered_top200,168
GI,8658,604,4414,0.1203666799521721,0.0051544392,0.13498111,-0.12982666,-0.3128576,0.3128576,0.452727,0.54727304,0.09454602,0.0,True,0.0,-0.12036668,0.0,-0.12036668,169,False,False,False,filtered_topk,0.0,filtered_top200,169
GI,5336,604,4414,0.1203666799521721,0.010839197,0.00038407624,0.01045512,0.31262898,0.31262898,0.5079387,0.5079387,0.015877366,0.0036191903,True,0.7,0.5796333,0.2,0.079633325,170,False,False,False,filtered_topk,0.0,filtered_top200,170
GI,18614,604,4414,0.1203666799521721,0.011773722,0.0006292125,0.01114451,0.31243554,0.31243554,0.5085435,0.5085435,0.017086983,0.0022073262,True,0.8,0.6796333,0.24,0.11963332,171,False,False,False,filtered_topk,0.0,filtered_top200,171
GI,22851,604,4414,0.1203666799521721,0.037387468,0.008848355,0.028539114,0.31200308,0.31200308,0.52057964,0.52057964,0.041159272,5.756141e-05,True,0.7,0.5796333,0.34,0.21963333,172,False,False,False,filtered_topk,0.0,filtered_top200,172
GI,16759,604,4414,0.1203666799521721,0.076492004,0.029048642,0.04744336,0.31193677,0.31193677,0.5338986,0.5338986,0.067797184,7.464205e-07,True,0.2,0.079633325,0.38,0.2596333,173,False,False,False,filtered_topk,0.0,filtered_top200,173
GI,18567,604,4414,0.1203666799521721,0.22922702,0.13952853,0.08969849,0.3116869,0.3116869,0.56210315,0.56210315,0.124206305,5.376283e-09,True,0.5,0.3796333,0.24,0.11963332,174,False,False,False,filtered_topk,0.0,filtered_top200,174
GI,21203,604,4414,0.1203666799521721,0.0051997104,0.085735284,-0.080535576,-0.31104204,0.31104204,0.4486151,0.5513849,0.10276979,0.0,True,0.0,-0.12036668,0.02,-0.10036668,175,False,False,False,filtered_topk,0.0,filtered_top200,175
GI,8104,604,4414,0.1203666799521721,0.14356439,0.27821013,-0.13464575,-0.3109767,0.3109767,0.42216724,0.57783276,0.15566552,4.795392e-20,True,0.0,-0.12036668,0.0,-0.12036668,176,False,False,False,filtered_topk,0.0,filtered_top200,176
GI,18615,604,4414,0.1203666799521721,0.070564725,0.029662367,0.040902358,0.3106946,0.3106946,0.5368698,0.5368698,0.07373965,2.442819e-07,True,0.3,0.17963333,0.38,0.2596333,177,False,False,False,filtered_topk,0.0,filtered_top200,177
GI,12337,604,4414,0.1203666799521721,0.05249832,0.18577033,-0.13327202,-0.3103645,0.3103645,0.43691748,0.5630825,0.12616503,2.7967515e-29,True,0.0,-0.12036668,0.0,-0.12036668,178,False,False,False,filtered_topk,0.0,filtered_top200,178
GI,30623,604,4414,0.1203666799521721,0.029694615,0.0045757284,0.025118887,0.3103373,0.3103373,0.5184739,0.5184739,0.036947846,0.00066269026,True,0.5,0.3796333,0.4,0.27963334,179,False,False,False,filtered_topk,0.0,filtered_top200,179
GI,22271,604,4414,0.1203666799521721,0.039786838,0.009478453,0.030308384,0.3097326,0.3097326,0.5249509,0.5249509,0.049901843,2.497821e-05,True,0.4,0.27963334,0.38,0.2596333,180,False,False,False,filtered_topk,0.0,filtered_top200,180
GI,12778,604,4414,0.1203666799521721,0.016611263,0.0010230234,0.01558824,0.30913794,0.30913794,0.5088153,0.5088153,0.017630577,0.0042150877,True,0.9,0.7796333,0.24,0.11963332,181,False,False,False,filtered_topk,0.0,filtered_top200,181
GI,15285,604,4414,0.1203666799521721,0.019812578,0.0016805548,0.018132024,0.30895117,0.30895117,0.5101322,0.5101322,0.020264387,0.0018328202,True,0.7,0.5796333,0.28,0.15963332,182,False,False,False,filtered_topk,0.0,filtered_top200,182
GI,23383,604,4414,0.1203666799521721,0.0332872,0.0057885777,0.027498623,0.30802748,0.30802748,0.51896864,0.51896864,0.037937284,0.00025470133,True,0.4,0.27963334,0.4,0.27963334,183,False,False,False,filtered_topk,0.0,filtered_top200,183
GI,2257,604,4414,0.1203666799521721,0.016747076,0.000654434,0.016092641,0.30792996,0.30792996,0.50959355,0.50959355,0.019187093,0.0026573169,True,0.8,0.6796333,0.24,0.11963332,184,False,False,False,filtered_topk,0.0,filtered_top200,184
GI,11656,604,4414,0.1203666799521721,0.117514096,0.048159532,0.069354564,0.30748358,0.30748358,0.5377398,0.5377398,0.07547963,1.1732001e-06,True,0.4,0.27963334,0.36,0.23963334,185,False,False,False,filtered_topk,0.0,filtered_top200,185
GI,12310,604,4414,0.1203666799521721,0.035321165,0.008787293,0.026533872,0.30665588,0.30665588,0.52410245,0.52410245,0.0482049,5.3879094e-06,True,0.1,-0.020366676,0.42,0.29963332,186,False,False,False,filtered_topk,0.0,filtered_top200,186
GI,18491,604,4414,0.1203666799521721,0.07020256,0.008144363,0.062058195,0.30612117,0.30612117,0.50941145,0.50941145,0.018822908,0.001199798,True,0.7,0.5796333,0.3,0.17963333,187,False,False,False,filtered_topk,0.0,filtered_top200,187
GI,1048,604,4414,0.1203666799521721,0.02836235,0.006452304,0.021910047,0.30535144,0.30535144,0.5174229,0.5174229,0.03484583,0.00014013008,True,0.6,0.47963333,0.42,0.29963332,188,False,False,False,filtered_topk,0.0,filtered_top200,188
GI,23441,604,4414,0.1203666799521721,0.044326883,0.0077890484,0.036537834,0.3045833,0.3045833,0.5161525,0.5161525,0.032305002,0.0006888817,True,0.5,0.3796333,0.42,0.29963332,189,False,False,False,filtered_topk,0.0,filtered_top200,189
GI,20869,604,4414,0.1203666799521721,0.017962929,0.11892868,-0.10096575,-0.30455655,0.30455655,0.44600976,0.55399024,0.10798049,0.0,True,0.0,-0.12036668,0.0,-0.12036668,190,False,False,False,filtered_topk,0.0,filtered_top200,190
GI,731,604,4414,0.1203666799521721,0.014292736,0.0011535562,0.013139179,0.30382025,0.30382025,0.50963783,0.50963783,0.019275665,0.0021644074,True,0.7,0.5796333,0.26,0.13963331,191,False,False,False,filtered_topk,0.0,filtered_top200,191
GI,13349,604,4414,0.1203666799521721,0.043505535,0.008274454,0.03523108,0.30369106,0.30369106,0.51577914,0.51577914,0.031558275,0.00015956552,True,0.5,0.3796333,0.44,0.3196333,192,False,False,False,filtered_topk,0.0,filtered_top200,192
GI,2968,604,4414,0.1203666799521721,0.05801816,0.018361764,0.039656393,0.30346465,0.30346465,0.5226621,0.5226621,0.045324206,2.5124114e-05,True,0.4,0.27963334,0.46,0.33963335,193,False,False,False,filtered_topk,0.0,filtered_top200,193
GI,3459,604,4414,0.1203666799521721,0.021510243,0.14658968,-0.12507944,-0.3032996,0.3032996,0.4474409,0.55255914,0.105118215,0.0,True,0.0,-0.12036668,0.02,-0.10036668,194,False,False,False,filtered_topk,0.0,filtered_top200,194
GI,21232,604,4414,0.1203666799521721,0.028789192,0.003572617,0.025216576,0.30307913,0.30307913,0.5145168,0.5145168,0.029033542,0.00037749912,True,0.5,0.3796333,0.4,0.27963334,195,False,False,False,filtered_topk,0.0,filtered_top200,195
GI,26954,604,4414,0.1203666799521721,0.02900908,0.0041863425,0.024822738,0.30187008,0.30187008,0.5151773,0.5151773,0.030354619,0.0008701532,True,0.4,0.27963334,0.44,0.3196333,196,False,False,False,filtered_topk,0.0,filtered_top200,196
GI,16045,604,4414,0.1203666799521721,0.5748396,0.37329024,0.20154935,0.30172718,0.30172718,0.5652736,0.5652736,0.13054717,1.6961396e-09,True,0.4,0.27963334,0.36,0.23963334,197,False,False,False,filtered_topk,0.0,filtered_top200,197
GI,3804,604,4414,0.1203666799521721,0.034273464,0.008589945,0.025683518,0.30170053,0.30170053,0.5180193,0.5180193,0.036038637,7.035336e-05,True,0.4,0.27963334,0.44,0.3196333,198,False,False,False,filtered_topk,0.0,filtered_top200,198
GI,32490,604,4414,0.1203666799521721,0.083111286,0.1940346,-0.11092332,-0.30170015,0.30170015,0.43788934,0.56211066,0.124221325,1.6334917000000001e-21,True,0.0,-0.12036668,0.04,-0.08036668,199,False,False,False,filtered_topk,0.0,filtered_top200,199
GI,21639,604,4414,0.1203666799521721,0.08112259,0.020603832,0.06051876,0.30131736,0.30131736,0.521887,0.521887,0.04377401,0.00030512494,True,0.7,0.5796333,0.3,0.17963333,200,False,False,False,filtered_topk,0.0,filtered_top200,200
SU,11948,147,4871,0.0292945396572339,0.16580305,0.015511926,0.15029112,1.4286109,1.4286109,0.62261236,0.62261236,0.24522471,2.9396128e-09,True,0.2,0.17070547,0.32,0.29070544,1,False,False,False,filtered_topk,0.0,filtered_top200,1
SU,30223,147,4871,0.0292945396572339,0.41442123,0.031370692,0.38305053,1.3196738,1.3196738,0.5915721,0.5915721,0.18314421,0.00014009122,True,0.7,0.67070544,0.28,0.25070545,2,False,False,False,filtered_topk,0.0,filtered_top200,2
SU,16736,147,4871,0.0292945396572339,0.39112988,0.0415417,0.3495882,1.2788311,1.2788311,0.6157782,0.6157782,0.23155642,9.769107e-08,True,0.3,0.27070546,0.28,0.25070545,3,False,False,False,filtered_topk,0.0,filtered_top200,3
SU,4512,147,4871,0.0292945396572339,0.25797194,0.015471429,0.24250051,1.2758591,1.2758591,0.5788402,0.5788402,0.15768039,7.54242e-06,True,0.4,0.37070546,0.36,0.33070546,4,False,False,False,filtered_topk,0.0,filtered_top200,4
SU,9720,147,4871,0.0292945396572339,0.44238946,0.04561154,0.39677793,1.2614875,1.2614875,0.57923406,0.57923406,0.15846813,1.905844e-06,True,0.7,0.67070544,0.36,0.33070546,5,False,False,False,filtered_topk,0.0,filtered_top200,5
SU,29825,147,4871,0.0292945396572339,0.14259142,0.0066929916,0.13589843,1.247404,1.247404,0.54656047,0.54656047,0.09312093,0.00052378234,True,0.8,0.77070546,0.3,0.27070546,6,False,False,False,filtered_topk,0.0,filtered_top200,6
SU,19359,147,4871,0.0292945396572339,1.8862671,0.40739357,1.4788735,1.2100813,1.2100813,0.72960895,0.72960895,0.4592179,6.223466e-14,True,0.2,0.17070547,0.2,0.17070547,7,False,False,False,filtered_topk,0.0,filtered_top200,7
SU,7389,147,4871,0.0292945396572339,0.17094494,0.011971361,0.15897359,1.1989096,1.1989096,0.56059253,0.56059253,0.121185064,0.00018482895,True,0.6,0.5707055,0.34,0.31070545,8,False,False,False,filtered_topk,0.0,filtered_top200,8
SU,28795,147,4871,0.0292945396572339,0.15335353,0.008586372,0.14476715,1.1988897,1.1988897,0.555847,0.555847,0.11169398,0.00014005238,True,0.5,0.47070545,0.32,0.29070544,9,False,False,False,filtered_topk,0.0,filtered_top200,9
SU,4756,147,4871,0.0292945396572339,0.14361447,0.014791784,0.12882268,1.1747872,1.1747872,0.5869599,0.5869599,0.1739198,1.9174358e-06,True,0.5,0.47070545,0.28,0.25070545,10,False,False,False,filtered_topk,0.0,filtered_top200,10
SU,9109,147,4871,0.0292945396572339,0.43609163,0.014693146,0.4213985,1.1741967,1.1741967,0.54563314,0.54563314,0.091266274,0.00055216835,True,0.5,0.47070545,0.3,0.27070546,11,False,False,False,filtered_topk,0.0,filtered_top200,11
SU,5366,147,4871,0.0292945396572339,0.092527635,0.0008865447,0.09164109,1.1719987,1.1719987,0.5297324,0.5297324,0.059464812,0.013074521,True,0.7,0.67070544,0.18,0.15070547,12,False,False,False,filtered_topk,0.0,filtered_top200,12
SU,2995,147,4871,0.0292945396572339,0.8113175,0.26878947,0.54252803,1.1181611,1.1181611,0.72893786,0.72893786,0.45787573,2.164602e-16,True,0.2,0.17070547,0.14,0.110705465,13,False,False,False,filtered_topk,0.0,filtered_top200,13
SU,19935,147,4871,0.0292945396572339,0.09475978,0.0058493507,0.08891042,1.1168824,1.1168824,0.5565934,0.5565934,0.113186836,0.00011158725,True,0.6,0.5707055,0.32,0.29070544,14,False,False,False,filtered_topk,0.0,filtered_top200,14
SU,28603,147,4871,0.0292945396572339,0.10432611,0.005976057,0.09835005,1.1104121,1.1104121,0.5430173,0.5430173,0.086034656,0.0015182673,True,0.5,0.47070545,0.28,0.25070545,15,False,False,False,filtered_topk,0.0,filtered_top200,15
SU,24760,147,4871,0.0292945396572339,0.45754942,0.048835743,0.40871367,1.1054425,1.1054425,0.5807794,0.5807794,0.16155875,6.1871826e-05,True,0.6,0.5707055,0.28,0.25070545,16,False,False,False,filtered_topk,0.0,filtered_top200,16
SU,29856,147,4871,0.0292945396572339,0.8877152,0.2444578,0.64325744,1.0924573,1.0924573,0.69518405,0.69518405,0.3903681,1.3447478e-14,True,0.0,-0.02929454,0.1,0.07070546,17,False,False,False,filtered_topk,0.0,filtered_top200,17
SU,8760,147,4871,0.0292945396572339,0.16892539,0.031409588,0.1375158,1.0434518,1.0434518,0.62556195,0.62556195,0.2511239,6.3998523e-10,True,0.0,-0.02929454,0.06,0.03070546,18,False,False,False,filtered_topk,0.0,filtered_top200,18
SU,9578,147,4871,0.0292945396572339,0.19605654,0.037837937,0.1582186,1.030271,1.030271,0.62829643,0.62829643,0.25659287,5.043388e-10,True,0.0,-0.02929454,0.08,0.05070546,19,False,False,False,filtered_topk,0.0,filtered_top200,19
SU,16045,147,4871,0.0292945396572339,1.0553119,0.37769973,0.6776122,1.024521,1.024521,0.71737146,0.71737146,0.43474293,6.974145999999999e-19,True,0.1,0.07070546,0.06,0.03070546,20,False,False,False,filtered_topk,0.0,filtered_top200,20
SU,16190,147,4871,0.0292945396572339,0.1691114,0.0146466335,0.15446477,1.0239466,1.0239466,0.5645274,0.5645274,0.12905478,2.4241708e-05,True,0.1,0.07070546,0.34,0.31070545,21,False,False,False,filtered_topk,0.0,filtered_top200,21
SU,26642,147,4871,0.0292945396572339,0.1687128,0.033294946,0.13541785,1.0109183,1.0109183,0.629869,0.629869,0.25973797,6.18991e-10,True,0.1,0.07070546,0.1,0.07070546,22,False,False,False,filtered_topk,0.0,filtered_top200,22
SU,26263,147,4871,0.0292945396572339,1.5974437,0.5814214,1.0160223,0.9795434,0.9795434,0.7123766,0.7123766,0.4247532,1.8623584e-20,True,0.0,-0.02929454,0.12,0.090705454,23,False,False,False,filtered_topk,0.0,filtered_top200,23
SU,20778,147,4871,0.0292945396572339,0.14587319,0.032437675,0.113435514,0.95878094,0.95878094,0.63620526,0.63620526,0.2724105,5.97243e-10,True,0.0,-0.02929454,0.18,0.15070547,24,False,False,False,filtered_topk,0.0,filtered_top200,24
SU,10539,147,4871,0.0292945396572339,0.12073501,0.014594106,0.106140904,0.95266414,0.95266414,0.5603188,0.5603188,0.120637655,6.352933e-05,True,0.4,0.37070546,0.3,0.27070546,25,False,False,False,filtered_topk,0.0,filtered_top200,25
SU,30172,147,4871,0.0292945396572339,0.6003534,0.15870152,0.44165188,0.9475427,0.9475427,0.65231687,0.65231687,0.30463374,4.5770047e-08,True,0.4,0.37070546,0.22,0.19070546,26,False,False,False,filtered_topk,0.0,filtered_top200,26
SU,7382,147,4871,0.0292945396572339,0.45305857,0.10547156,0.34758702,0.9195969,0.9195969,0.6105662,0.6105662,0.2211324,6.5216057e-07,True,0.2,0.17070547,0.26,0.23070545,27,False,False,False,filtered_topk,0.0,filtered_top200,27
SU,11872,147,4871,0.0292945396572339,0.34449404,0.035555616,0.30893844,0.91403776,0.91403776,0.5663988,0.5663988,0.1327976,4.3964294e-05,True,0.1,0.07070546,0.28,0.25070545,28,False,False,False,filtered_topk,0.0,filtered_top200,28
SU,5732,147,4871,0.0292945396572339,0.14815848,0.032719556,0.11543892,0.9007731,0.9007731,0.6208317,0.6208317,0.24166346,2.8304896e-09,True,0.0,-0.02929454,0.02,-0.00929454,29,False,False,False,filtered_topk,0.0,filtered_top200,29
SU,1871,147,4871,0.0292945396572339,0.2674851,0.04207579,0.22540933,0.88959503,0.88959503,0.5751805,0.5751805,0.15036094,2.7847285e-05,True,0.2,0.17070547,0.26,0.23070545,30,False,False,False,filtered_topk,0.0,filtered_top200,30
SU,25028,147,4871,0.0292945396572339,0.7352519,0.23852223,0.49672967,0.8849837,0.8849837,0.7106902,0.7106902,0.4213804,6.078633e-15,True,0.0,-0.02929454,0.02,-0.00929454,31,False,False,False,filtered_topk,0.0,filtered_top200,31
SU,7407,147,4871,0.0292945396572339,0.33483472,0.043797955,0.29103678,0.88482785,0.88482785,0.5823191,0.5823191,0.16463816,3.085688e-06,True,0.0,-0.02929454,0.28,0.25070545,32,False,False,False,filtered_topk,0.0,filtered_top200,32
SU,15685,147,4871,0.0292945396572339,0.1498193,0.022269074,0.12755023,0.88283134,0.88283134,0.5797766,0.5797766,0.15955317,1.7580074e-05,True,0.3,0.27070546,0.18,0.15070547,33,False,False,False,filtered_topk,0.0,filtered_top200,33
SU,12985,147,4871,0.0292945396572339,0.405971,0.114345826,0.29162517,0.8757991,0.8757991,0.6440533,0.6440533,0.28810656,6.091029e-10,True,0.1,0.07070546,0.06,0.03070546,34,False,False,False,filtered_topk,0.0,filtered_top200,34
SU,8552,147,4871,0.0292945396572339,0.12620908,0.017799862,0.10840922,0.8714393,0.8714393,0.5604613,0.5604613,0.120922565,0.00026190392,True,0.5,0.47070545,0.2,0.17070547,35,False,False,False,filtered_topk,0.0,filtered_top200,35
SU,2722,147,4871,0.0292945396572339,0.39110333,0.04938507,0.34171826,0.847119,0.847119,0.5585144,0.5585144,0.11702883,6.8249086e-05,True,0.0,-0.02929454,0.24,0.21070546,36,False,False,False,filtered_topk,0.0,filtered_top200,36
SU,22686,147,4871,0.0292945396572339,0.11575255,0.008674987,0.10707756,0.83875877,0.83875877,0.5283721,0.5283721,0.056744218,0.010718564,True,0.5,0.47070545,0.2,0.17070547,37,False,False,False,filtered_topk,0.0,filtered_top200,37
SU,27960,147,4871,0.0292945396572339,0.088435374,0.007239514,0.08119586,0.8323453,0.8323453,0.54260117,0.54260117,0.08520234,0.0028999492,True,0.4,0.37070546,0.24,0.21070546,38,False,False,False,filtered_topk,0.0,filtered_top200,38
SU,29244,147,4871,0.0292945396572339,0.10837851,0.005321273,0.103057235,0.8143713,0.8143713,0.5341295,0.5341295,0.068259,0.017937584,True,0.4,0.37070546,0.22,0.19070546,39,False,False,False,filtered_topk,0.0,filtered_top200,39
SU,9048,147,4871,0.0292945396572339,0.46623883,0.10201279,0.36422604,0.8122982,0.8122982,0.5703588,0.5703588,0.14071763,2.1112724e-05,True,0.1,0.07070546,0.32,0.29070544,40,False,False,False,filtered_topk,0.0,filtered_top200,40
SU,7427,147,4871,0.0292945396572339,0.49266583,0.0678722,0.42479363,0.80959886,0.80959886,0.57254446,0.57254446,0.14508891,0.0002240457,True,0.3,0.27070546,0.24,0.21070546,41,False,False,False,filtered_topk,0.0,filtered_top200,41
SU,22606,147,4871,0.0292945396572339,0.0731824,0.007440801,0.0657416,0.79777694,0.79777694,0.54129326,0.54129326,0.08258653,0.0021738254,True,0.4,0.37070546,0.24,0.21070546,42,False,False,False,filtered_topk,0.0,filtered_top200,42
SU,20743,147,4871,0.0292945396572339,2.2280374,1.4587547,0.7692827,0.79462,0.79462,0.6239964,0.6239964,0.24799275,2.2349635e-09,True,0.0,-0.02929454,0.02,-0.00929454,43,False,False,False,filtered_topk,0.0,filtered_top200,43
SU,6250,147,4871,0.0292945396572339,0.12207696,0.013989844,0.108087115,0.778649,0.778649,0.5759535,0.5759535,0.15190697,0.0005584752,True,0.2,0.17070547,0.14,0.110705465,44,False,False,False,filtered_topk,0.0,filtered_top200,44
SU,13430,147,4871,0.0292945396572339,0.09429475,0.67672837,-0.58243364,-0.77747715,0.77747715,0.26969486,0.73030514,0.46061027,0.0,True,0.0,-0.02929454,0.0,-0.02929454,45,False,False,False,filtered_topk,0.0,filtered_top200,45
SU,23973,147,4871,0.0292945396572339,0.16220239,0.005871805,0.15633059,0.77419144,0.77419144,0.51959395,0.51959395,0.03918791,0.018929875,True,0.4,0.37070546,0.12,0.090705454,46,False,False,False,filtered_topk,0.0,filtered_top200,46
SU,23915,147,4871,0.0292945396572339,0.44090137,0.0695691,0.37133226,0.7701916,0.7701916,0.56584436,0.56584436,0.13168871,5.856937e-05,True,0.3,0.27070546,0.16,0.13070546,47,False,False,False,filtered_topk,0.0,filtered_top200,47
SU,25529,147,4871,0.0292945396572339,0.11170015,0.020132706,0.09156744,0.7699651,0.7699651,0.56829184,0.56829184,0.13658369,5.3715616e-05,True,0.3,0.27070546,0.16,0.13070546,48,False,False,False,filtered_topk,0.0,filtered_top200,48
SU,27618,147,4871,0.0292945396572339,0.47165975,0.12377744,0.3478823,0.7623672,0.7623672,0.56955016,0.56955016,0.13910031,3.0784297e-05,True,0.6,0.5707055,0.4,0.37070546,49,False,False,False,filtered_topk,0.0,filtered_top200,49
SU,23464,147,4871,0.0292945396572339,0.41569674,0.12833647,0.28736025,0.75608414,0.75608414,0.62898284,0.62898284,0.25796568,5.0071844e-07,True,0.2,0.17070547,0.14,0.110705465,50,False,False,False,filtered_topk,0.0,filtered_top200,50
SU,27152,147,4871,0.0292945396572339,0.29925328,0.06550647,0.23374681,0.7511954,0.7511954,0.5827527,0.5827527,0.16550541,4.3766435e-05,True,0.1,0.07070546,0.16,0.13070546,51,False,False,False,filtered_topk,0.0,filtered_top200,51
SU,15539,147,4871,0.0292945396572339,1.4517167,1.1421579,0.30955875,0.7494525,0.7494525,0.708263,0.708263,0.41652596,9.086485e-19,True,0.1,0.07070546,0.2,0.17070547,52,False,False,False,filtered_topk,0.0,filtered_top200,52
SU,25149,147,4871,0.0292945396572339,0.8355389,1.313107,-0.4775681,-0.746269,0.746269,0.3052091,0.6947909,0.3895818,5.179127400000001e-16,True,0.0,-0.02929454,0.0,-0.02929454,53,False,False,False,filtered_topk,0.0,filtered_top200,53
SU,6556,147,4871,0.0292945396572339,0.16384992,0.03800033,0.12584959,0.73816025,0.73816025,0.56854117,0.56854117,0.13708234,0.0001836094,True,0.5,0.47070545,0.22,0.19070546,54,False,False,False,filtered_topk,0.0,filtered_top200,54
SU,10380,147,4871,0.0292945396572339,0.24483153,0.069342956,0.17548858,0.7369433,0.7369433,0.59388554,0.59388554,0.18777108,1.2949572e-05,True,0.2,0.17070547,0.18,0.15070547,55,False,False,False,filtered_topk,0.0,filtered_top200,55
SU,17861,147,4871,0.0292945396572339,0.44221672,0.891536,-0.44931927,-0.71010613,0.71010613,0.31594247,0.68405753,0.36811507,1.6946665e-16,True,0.0,-0.02929454,0.0,-0.02929454,56,False,False,False,filtered_topk,0.0,filtered_top200,56
SU,26739,147,4871,0.0292945396572339,0.45893124,0.14411464,0.3148166,0.7099091,0.7099091,0.59685254,0.59685254,0.19370508,6.281476e-06,True,0.2,0.17070547,0.2,0.17070547,57,False,False,False,filtered_topk,0.0,filtered_top200,57
SU,920,147,4871,0.0292945396572339,0.50281674,0.80943817,-0.30662143,-0.7071018,0.7071018,0.3263009,0.67369914,0.34739822,1.0508212e-11,True,0.1,0.07070546,0.02,-0.00929454,58,False,False,False,filtered_topk,0.0,filtered_top200,58
SU,13827,147,4871,0.0292945396572339,1.2580516,1.7384224,-0.48037076,-0.7055448,0.7055448,0.29040328,0.70959675,0.41919345,5.2340168e-17,True,0.0,-0.02929454,0.02,-0.00929454,59,False,False,False,filtered_topk,0.0,filtered_top200,59
SU,9842,147,4871,0.0292945396572339,0.26828232,0.029434407,0.23884791,0.6949967,0.6949967,0.5435536,0.5435536,0.08710718,0.003400594,True,0.2,0.17070547,0.2,0.17070547,60,False,False,False,filtered_topk,0.0,filtered_top200,60
SU,19404,147,4871,0.0292945396572339,0.14730814,0.02925758,0.11805056,0.6863882,0.6863882,0.57061434,0.57061434,0.14122868,0.0011761566,True,0.3,0.27070546,0.14,0.110705465,61,False,False,False,filtered_topk,0.0,filtered_top200,61
SU,3078,147,4871,0.0292945396572339,0.669324,0.18003073,0.48929325,0.685551,0.685551,0.5814916,0.5814916,0.16298318,8.073057e-05,True,0.1,0.07070546,0.2,0.17070547,62,False,False,False,filtered_topk,0.0,filtered_top200,62
SU,31366,147,4871,0.0292945396572339,0.21901573,0.056756105,0.16225962,0.6849187,0.6849187,0.5768543,0.5768543,0.15370858,6.3159394e-05,True,0.2,0.17070547,0.18,0.15070547,63,False,False,False,filtered_topk,0.0,filtered_top200,63
SU,31288,147,4871,0.0292945396572339,0.15221089,0.03524567,0.11696522,0.68255216,0.68255216,0.62302434,0.62302434,0.24604869,4.7973505e-09,True,0.0,-0.02929454,0.04,0.01070546,64,False,False,False,filtered_topk,0.0,filtered_top200,64
SU,22702,147,4871,0.0292945396572339,0.85813934,0.39164707,0.46649227,0.6813505,0.6813505,0.60195774,0.60195774,0.20391548,1.374797e-07,True,0.0,-0.02929454,0.02,-0.00929454,65,False,False,False,filtered_topk,0.0,filtered_top200,65
SU,17715,147,4871,0.0292945396572339,0.1370642,0.035238046,0.10182616,0.67728883,0.67728883,0.5569663,0.5569663,0.11393261,0.00017736768,True,0.4,0.37070546,0.28,0.25070545,66,False,False,False,filtered_topk,0.0,filtered_top200,66
SU,6727,147,4871,0.0292945396572339,0.053890307,0.0059776613,0.047912646,0.67077476,0.67077476,0.532742,0.532742,0.06548405,0.005324015,True,0.3,0.27070546,0.22,0.19070546,67,False,False,False,filtered_topk,0.0,filtered_top200,67
SU,12623,147,4871,0.0292945396572339,0.35420653,0.09729177,0.25691476,0.6599144,0.6599144,0.6042062,0.6042062,0.20841241,1.2130278e-05,True,0.2,0.17070547,0.08,0.05070546,68,False,False,False,filtered_topk,0.0,filtered_top200,68
SU,31891,147,4871,0.0292945396572339,0.32156143,0.12902655,0.19253488,0.6463102,0.6463102,0.67496026,0.67496026,0.3499205,2.1900022e-11,True,0.0,-0.02929454,0.0,-0.02929454,69,False,False,False,filtered_topk,0.0,filtered_top200,69
SU,23440,147,4871,0.0292945396572339,0.11593857,0.024512501,0.09142607,0.6451285,0.6451285,0.5672074,0.5672074,0.13441479,8.460823e-05,True,0.1,0.07070546,0.12,0.090705454,70,False,False,False,filtered_topk,0.0,filtered_top200,70
SU,21387,147,4871,0.0292945396572339,0.05452806,0.00228593,0.05224213,0.64151067,0.64151067,0.51940125,0.51940125,0.038802505,0.023376303,True,0.5,0.47070545,0.12,0.090705454,71,False,False,False,filtered_topk,0.0,filtered_top200,71
SU,24856,147,4871,0.0292945396572339,0.28922194,0.076961786,0.21226016,0.63826346,0.63826346,0.5998559,0.5998559,0.1997118,1.2535204e-05,True,0.0,-0.02929454,0.12,0.090705454,72,False,False,False,filtered_topk,0.0,filtered_top200,72
SU,27722,147,4871,0.0292945396572339,0.07247821,0.009894337,0.06258388,0.63719916,0.63719916,0.544298,0.544298,0.08859599,0.00095572544,True,0.1,0.07070546,0.2,0.17070547,73,False,False,False,filtered_topk,0.0,filtered_top200,73
SU,27435,147,4871,0.0292945396572339,0.12712584,0.028428374,0.09869747,0.63663673,0.63663673,0.56877226,0.56877226,0.13754451,0.00045049455,True,0.3,0.27070546,0.12,0.090705454,74,False,False,False,filtered_topk,0.0,filtered_top200,74
SU,12505,147,4871,0.0292945396572339,0.046423256,0.0054539945,0.04096926,0.6366076,0.6366076,0.5324718,0.5324718,0.06494355,0.0037044012,True,0.4,0.37070546,0.22,0.19070546,75,False,False,False,filtered_topk,0.0,filtered_top200,75
SU,30280,147,4871,0.0292945396572339,0.09948979,0.020888533,0.078601256,0.6359295,0.6359295,0.5712212,0.5712212,0.14244235,4.541196e-05,True,0.1,0.07070546,0.08,0.05070546,76,False,False,False,filtered_topk,0.0,filtered_top200,76
SU,1681,147,4871,0.0292945396572339,0.1038345,0.017035613,0.08679889,0.6343719,0.6343719,0.5392717,0.5392717,0.078543425,0.0040808287,True,0.2,0.17070547,0.22,0.19070546,77,False,False,False,filtered_topk,0.0,filtered_top200,77
SU,4745,147,4871,0.0292945396572339,0.19605654,0.0422871,0.15376945,0.63398784,0.63398784,0.5537528,0.5537528,0.10750556,0.0023233874,True,0.3,0.27070546,0.16,0.13070546,78,False,False,False,filtered_topk,0.0,filtered_top200,78
SU,9671,147,4871,0.0292945396572339,0.14328231,0.016017951,0.12726435,0.6309627,0.6309627,0.5301409,0.5301409,0.060281754,0.015457456,True,0.4,0.37070546,0.14,0.110705465,79,False,False,False,filtered_topk,0.0,filtered_top200,79
SU,7403,147,4871,0.0292945396572339,0.0973108,0.01580704,0.08150376,0.6252003,0.6252003,0.53452265,0.53452265,0.069045305,0.004997053,True,0.6,0.5707055,0.14,0.110705465,80,False,False,False,filtered_topk,0.0,filtered_top200,80
SU,2522,147,4871,0.0292945396572339,0.38376912,0.0852366,0.29853252,0.6236845,0.6236845,0.52890843,0.52890843,0.057816863,0.004695124,True,0.3,0.27070546,0.22,0.19070546,81,False,False,False,filtered_topk,0.0,filtered_top200,81
SU,22128,147,4871,0.0292945396572339,0.26242295,0.08266799,0.17975496,0.6232842,0.6232842,0.6110969,0.6110969,0.22219384,2.3886244e-06,True,0.1,0.07070546,0.08,0.05070546,82,False,False,False,filtered_topk,0.0,filtered_top200,82
SU,27141,147,4871,0.0292945396572339,0.03665763,0.0032867512,0.03337088,0.620297,0.620297,0.52089906,0.52089906,0.041798115,0.022951344,True,0.4,0.37070546,0.14,0.110705465,83,False,False,False,filtered_topk,0.0,filtered_top200,83
SU,27048,147,4871,0.0292945396572339,0.19572438,0.03646662,0.15925777,0.61994267,0.61994267,0.5819518,0.5819518,0.1639036,0.0012046075,True,0.2,0.17070547,0.1,0.07070546,84,False,False,False,filtered_topk,0.0,filtered_top200,84
SU,16863,147,4871,0.0292945396572339,0.15603742,0.047137637,0.10889979,0.6197098,0.6197098,0.58723783,0.58723783,0.17447567,2.1668147e-05,True,0.1,0.07070546,0.08,0.05070546,85,False,False,False,filtered_topk,0.0,filtered_top200,85
SU,30967,147,4871,0.0292945396572339,0.027529761,0.001216543,0.026313217,0.61533076,0.61533076,0.50919855,0.50919855,0.018397093,0.09975324,False,0.3,0.27070546,0.08,0.05070546,86,False,False,False,filtered_topk,0.0,filtered_top200,86
SU,28670,147,4871,0.0292945396572339,0.2843989,0.11190753,0.17249139,0.6126134,0.6126134,0.5913703,0.5913703,0.18274057,1.7064545e-05,True,0.4,0.37070546,0.22,0.19070546,87,False,False,False,filtered_topk,0.0,filtered_top200,87
SU,14993,147,4871,0.0292945396572339,1.4203603,2.066053,-0.6456926,-0.61252993,0.61252993,0.34152007,0.6584799,0.31695986,4.378676e-09,True,0.0,-0.02929454,0.04,0.01070546,88,False,False,False,filtered_topk,0.0,filtered_top200,88
SU,9166,147,4871,0.0292945396572339,0.1344069,0.013420868,0.12098603,0.6119144,0.6119144,0.55148476,0.55148476,0.10296953,0.012538481,True,0.3,0.27070546,0.2,0.17070547,89,False,False,False,filtered_topk,0.0,filtered_top200,89
SU,6255,147,4871,0.0292945396572339,0.106000215,0.020967124,0.08503309,0.60032237,0.60032237,0.5521796,0.5521796,0.10435915,0.0012930705,True,0.2,0.17070547,0.18,0.15070547,90,False,False,False,filtered_topk,0.0,filtered_top200,90
SU,24996,147,4871,0.0292945396572339,0.049718324,0.008349399,0.041368924,0.5969063,0.5969063,0.5389484,0.5389484,0.07789683,0.0018077508,True,0.1,0.07070546,0.18,0.15070547,91,False,False,False,filtered_topk,0.0,filtered_top200,91
SU,1390,147,4871,0.0292945396572339,0.2058886,0.023107903,0.1827807,0.59229976,0.59229976,0.5268408,0.5268408,0.053681612,0.0077299206,True,0.2,0.17070547,0.18,0.15070547,92,False,False,False,filtered_topk,0.0,filtered_top200,92
SU,1716,147,4871,0.0292945396572339,0.052003615,0.008034237,0.043969378,0.5904793,0.5904793,0.53379714,0.53379714,0.06759429,0.003841556,True,0.2,0.17070547,0.16,0.13070546,93,False,False,False,filtered_topk,0.0,filtered_top200,93
SU,25113,147,4871,0.0292945396572339,0.33545917,0.15339148,0.18206769,0.58709466,0.58709466,0.61921453,0.61921453,0.23842907,3.2665903e-07,True,0.0,-0.02929454,0.1,0.07070546,94,False,False,False,filtered_topk,0.0,filtered_top200,94
SU,5328,147,4871,0.0292945396572339,0.1881909,0.058048833,0.13014208,0.5829261,0.5829261,0.5894088,0.5894088,0.17881763,1.0563483e-05,True,0.0,-0.02929454,0.12,0.090705454,95,False,False,False,filtered_topk,0.0,filtered_top200,95
SU,28372,147,4871,0.0292945396572339,1.021285,1.3962559,-0.3749708,-0.5744865,0.5744865,0.38028342,0.6197166,0.23943317,4.590166e-07,True,0.1,0.07070546,0.06,0.03070546,96,False,False,False,filtered_topk,0.0,filtered_top200,96
SU,8841,147,4871,0.0292945396572339,0.4306973,0.1962219,0.23447539,0.5698766,0.5698766,0.6220167,0.6220167,0.24403346,4.5106785e-07,True,0.0,-0.02929454,0.08,0.05070546,97,False,False,False,filtered_topk,0.0,filtered_top200,97
SU,28317,147,4871,0.0292945396572339,0.1649527,0.052188255,0.11276444,0.56837535,0.56837535,0.5599152,0.5599152,0.11983037,0.00041557246,True,0.4,0.37070546,0.16,0.13070546,98,False,False,False,filtered_topk,0.0,filtered_top200,98
SU,9436,147,4871,0.0292945396572339,0.2037229,0.06591586,0.13780704,0.5656114,0.5656114,0.59669614,0.59669614,0.19339228,5.8091127e-06,True,0.0,-0.02929454,0.02,-0.00929454,99,False,False,False,filtered_topk,0.0,filtered_top200,99
SU,7725,147,4871,0.0292945396572339,0.104937285,0.016829515,0.08810777,0.5631362,0.5631362,0.53779066,0.53779066,0.07558131,0.007344962,True,0.3,0.27070546,0.18,0.15070547,100,False,False,False,filtered_topk,0.0,filtered_top200,100
SU,389,147,4871,0.0292945396572339,0.055285394,0.006898288,0.048387107,0.55854124,0.55854124,0.54587823,0.54587823,0.09175646,0.00063419313,True,0.1,0.07070546,0.26,0.23070545,101,False,False,False,filtered_topk,0.0,filtered_top200,101
SU,19340,147,4871,0.0292945396572339,0.07966624,0.017081324,0.06258492,0.55722415,0.55722415,0.5362286,0.5362286,0.072457194,0.005373362,True,0.3,0.27070546,0.18,0.15070547,102,False,False,False,filtered_topk,0.0,filtered_top200,102
SU,664,147,4871,0.0292945396572339,0.04404496,0.36016813,-0.31612316,-0.55470264,0.55470264,0.34812167,0.65187836,0.30375665,0.0,True,0.0,-0.02929454,0.0,-0.02929454,103,False,False,False,filtered_topk,0.0,filtered_top200,103
SU,29032,147,4871,0.0292945396572339,0.07611873,0.016903292,0.059215438,0.5541612,0.5541612,0.53872985,0.53872985,0.07745969,0.0031938492,True,0.2,0.17070547,0.2,0.17070547,104,False,False,False,filtered_topk,0.0,filtered_top200,104
SU,13169,147,4871,0.0292945396572339,0.377272,0.14544666,0.23182535,0.55344766,0.55344766,0.5685286,0.5685286,0.13705719,0.00011327468,True,0.2,0.17070547,0.16,0.13070546,105,False,False,False,filtered_topk,0.0,filtered_top200,105
SU,26485,147,4871,0.0292945396572339,0.11437075,0.38980702,-0.27543628,-0.5513238,0.5513238,0.35096928,0.6490307,0.29806143,3.2169577e-23,True,0.0,-0.02929454,0.0,-0.02929454,106,False,False,False,filtered_topk,0.0,filtered_top200,106
SU,31348,147,4871,0.0292945396572339,0.09082696,0.013745653,0.07708131,0.5510704,0.5510704,0.53643525,0.53643525,0.07287049,0.00451601,True,0.2,0.17070547,0.22,0.19070546,107,False,False,False,filtered_topk,0.0,filtered_top200,107
SU,10208,147,4871,0.0292945396572339,0.14292358,0.028168144,0.11475544,0.5498138,0.5498138,0.54939896,0.54939896,0.09879792,0.008288385,True,0.4,0.37070546,0.1,0.07070546,108,False,False,False,filtered_topk,0.0,filtered_top200,108
SU,32286,147,4871,0.0292945396572339,0.21848427,0.03078688,0.18769738,0.54968154,0.54968154,0.534832,0.534832,0.069664,0.006018316,True,0.0,-0.02929454,0.18,0.15070547,109,False,False,False,filtered_topk,0.0,filtered_top200,109
SU,11231,147,4871,0.0292945396572339,0.04464286,0.007661735,0.036981124,0.5483688,0.5483688,0.54018575,0.54018575,0.0803715,0.0014960644,True,0.0,-0.02929454,0.22,0.19070546,110,False,False,False,filtered_topk,0.0,filtered_top200,110
SU,19317,147,4871,0.0292945396572339,0.36437073,0.15712652,0.20724422,0.5398967,0.5398967,0.6088694,0.6088694,0.21773875,6.649587e-06,True,0.0,-0.02929454,0.12,0.090705454,111,False,False,False,filtered_topk,0.0,filtered_top200,111
SU,7007,147,4871,0.0292945396572339,0.09247449,0.0042895772,0.088184915,0.5394423,0.5394423,0.5095002,0.5095002,0.019000411,0.09860998,False,0.3,0.27070546,0.06,0.03070546,112,False,False,False,filtered_topk,0.0,filtered_top200,112
SU,22581,147,4871,0.0292945396572339,0.04644983,0.008679397,0.03777043,0.5394265,0.5394265,0.547853,0.547853,0.095705986,0.00094078976,True,0.0,-0.02929454,0.12,0.090705454,113,False,False,False,filtered_topk,0.0,filtered_top200,113
SU,20720,147,4871,0.0292945396572339,0.16468696,0.042507235,0.12217973,0.53939927,0.53939927,0.55073065,0.55073065,0.10146129,0.004005029,True,0.3,0.27070546,0.1,0.07070546,114,False,False,False,filtered_topk,0.0,filtered_top200,114
SU,12852,147,4871,0.0292945396572339,0.19925861,0.47141886,-0.27216023,-0.537612,0.537612,0.34596816,0.6540319,0.3080637,5.8593314e-15,True,0.1,0.07070546,0.04,0.01070546,115,False,False,False,filtered_topk,0.0,filtered_top200,115
SU,18262,147,4871,0.0292945396572339,0.18686225,0.058758948,0.1281033,0.5370097,0.5370097,0.5710976,0.5710976,0.14219522,0.0001246397,True,0.0,-0.02929454,0.12,0.090705454,116,False,False,False,filtered_topk,0.0,filtered_top200,116
SU,32605,147,4871,0.0292945396572339,0.38828656,0.20669603,0.18159053,0.5317709,0.5317709,0.63097435,0.63097435,0.2619487,1.8904481e-07,True,0.0,-0.02929454,0.04,0.01070546,117,False,False,False,filtered_topk,0.0,filtered_top200,117
SU,5663,147,4871,0.0292945396572339,0.14275084,0.74829084,-0.60554,-0.53004646,0.53004646,0.37256107,0.6274389,0.25487787,7.250316000000001e-23,True,0.0,-0.02929454,0.02,-0.00929454,118,False,False,False,filtered_topk,0.0,filtered_top200,118
SU,9944,147,4871,0.0292945396572339,0.16960299,0.045620766,0.12398222,0.52513564,0.52513564,0.5417381,0.5417381,0.083476186,0.0018375632,True,0.1,0.07070546,0.18,0.15070547,119,False,False,False,filtered_topk,0.0,filtered_top200,119
SU,15583,147,4871,0.0292945396572339,0.09801499,0.021630729,0.07638426,0.5233993,0.5233993,0.556164,0.556164,0.11232805,0.00048104636,True,0.0,-0.02929454,0.16,0.13070546,120,False,False,False,filtered_topk,0.0,filtered_top200,120
SU,7916,147,4871,0.0292945396572339,0.06999362,0.010727953,0.05926567,0.5230301,0.5230301,0.5299307,0.5299307,0.05986142,0.020580972,True,0.3,0.27070546,0.14,0.110705465,121,False,False,False,filtered_topk,0.0,filtered_top200,121
SU,25915,147,4871,0.0292945396572339,0.1621891,0.03510252,0.12708658,0.52178526,0.52178526,0.5372404,0.5372404,0.07448077,0.008547341,True,0.2,0.17070547,0.16,0.13070546,122,False,False,False,filtered_topk,0.0,filtered_top200,122
SU,26681,147,4871,0.0292945396572339,0.8995668,1.3489774,-0.44941062,-0.5213188,0.5213188,0.3792367,0.6207633,0.2415266,6.409934e-08,True,0.0,-0.02929454,0.0,-0.02929454,123,False,False,False,filtered_topk,0.0,filtered_top200,123
SU,31401,147,4871,0.0292945396572339,0.092421345,0.32110682,-0.22868547,-0.5195004,0.5195004,0.3633213,0.6366787,0.2733574,6.699158499999999e-19,True,0.0,-0.02929454,0.0,-0.02929454,124,False,False,False,filtered_topk,0.0,filtered_top200,124
SU,5979,147,4871,0.0292945396572339,0.8998724,0.32755643,0.572316,0.517918,0.517918,0.5712065,0.5712065,0.14241302,0.000105373816,True,0.0,-0.02929454,0.04,0.01070546,125,False,False,False,filtered_topk,0.0,filtered_top200,125
SU,2699,147,4871,0.0292945396572339,0.08242985,0.30278692,-0.22035706,-0.5173957,0.5173957,0.36948788,0.6305121,0.26102424,1.4743846e-17,True,0.0,-0.02929454,0.02,-0.00929454,126,False,False,False,filtered_topk,0.0,filtered_top200,126
SU,8848,147,4871,0.0292945396572339,0.11237776,0.026081497,0.08629627,0.51579565,0.51579565,0.55035216,0.55035216,0.10070431,0.0021588553,True,0.2,0.17070547,0.14,0.110705465,127,False,False,False,filtered_topk,0.0,filtered_top200,127
SU,31930,147,4871,0.0292945396572339,0.1492214,0.78246576,-0.63324434,-0.51390696,0.51390696,0.3782961,0.62170386,0.24340779,1.0382632e-27,True,0.0,-0.02929454,0.0,-0.02929454,128,False,False,False,filtered_topk,0.0,filtered_top200,128
SU,13444,147,4871,0.0292945396572339,0.4981133,0.15708803,0.3410253,0.5136189,0.5136189,0.5605374,0.5605374,0.121074796,0.0003169831,True,0.0,-0.02929454,0.06,0.03070546,129,False,False,False,filtered_topk,0.0,filtered_top200,129
SU,10953,147,4871,0.0292945396572339,0.2620642,0.08013065,0.18193354,0.5124534,0.5124534,0.53599465,0.53599465,0.0719893,0.0019692914,True,0.2,0.17070547,0.18,0.15070547,130,False,False,False,filtered_topk,0.0,filtered_top200,130
SU,14032,147,4871,0.0292945396572339,0.25284332,0.10914003,0.14370328,0.51182806,0.51182806,0.57362187,0.57362187,0.14724374,8.447781e-05,True,0.0,-0.02929454,0.1,0.07070546,131,False,False,False,filtered_topk,0.0,filtered_top200,131
SU,24677,147,4871,0.0292945396572339,0.019677402,0.0014218397,0.018255563,0.51137656,0.51137656,0.51228917,0.51228917,0.024578333,0.082787134,False,0.3,0.27070546,0.1,0.07070546,132,False,False,False,filtered_topk,0.0,filtered_top200,132
SU,26721,147,4871,0.0292945396572339,0.2694914,0.10708827,0.16240314,0.51039296,0.51039296,0.582664,0.582664,0.16532803,0.00010999254,True,0.1,0.07070546,0.1,0.07070546,133,False,False,False,filtered_topk,0.0,filtered_top200,133
SU,14875,147,4871,0.0292945396572339,0.02958918,0.2101151,-0.18052593,-0.5068964,0.5068964,0.38480136,0.6151986,0.23039728,5.9872223000000005e-30,True,0.0,-0.02929454,0.0,-0.02929454,134,False,False,False,filtered_topk,0.0,filtered_top200,134
SU,25715,147,4871,0.0292945396572339,0.23945047,0.09097489,0.14847559,0.5063905,0.5063905,0.56474596,0.56474596,0.12949193,0.00048587567,True,0.0,-0.02929454,0.18,0.15070547,135,False,False,False,filtered_topk,0.0,filtered_top200,135
SU,7741,147,4871,0.0292945396572339,0.25203285,0.10977396,0.14225888,0.5048526,0.5048526,0.6028655,0.6028655,0.20573103,7.000355e-06,True,0.0,-0.02929454,0.06,0.03070546,136,False,False,False,filtered_topk,0.0,filtered_top200,136
SU,25724,147,4871,0.0292945396572339,0.045001596,0.0075386376,0.037462957,0.5035617,0.5035617,0.5307624,0.5307624,0.06152475,0.006778262,True,0.2,0.17070547,0.2,0.17070547,137,False,False,False,filtered_topk,0.0,filtered_top200,137
SU,6058,147,4871,0.0292945396572339,0.23964977,0.55709773,-0.31744796,-0.5024288,0.5024288,0.3622243,0.63777566,0.27555138,8.765719e-15,True,0.0,-0.02929454,0.0,-0.02929454,138,False,False,False,filtered_topk,0.0,filtered_top200,138
SU,841,147,4871,0.0292945396572339,0.030412946,0.003733432,0.026679514,0.5011878,0.5011878,0.52403784,0.52403784,0.048075676,0.013617969,True,0.2,0.17070547,0.16,0.13070546,139,False,False,False,filtered_topk,0.0,filtered_top200,139
SU,4853,147,4871,0.0292945396572339,0.038650617,0.004678518,0.0339721,0.5009402,0.5009402,0.527104,0.527104,0.05420804,0.012375,True,0.3,0.27070546,0.18,0.15070547,140,False,False,False,filtered_topk,0.0,filtered_top200,140
SU,11660,147,4871,0.0292945396572339,0.010057929,0.3226698,-0.31261188,-0.49716994,0.49716994,0.38796946,0.6120305,0.22406107,0.0,True,0.0,-0.02929454,0.0,-0.02929454,141,False,False,False,filtered_topk,0.0,filtered_top200,141
SU,12029,147,4871,0.0292945396572339,0.024978742,0.0017494322,0.02322931,0.49268928,0.49268928,0.5123918,0.5123918,0.024783611,0.062990405,False,0.4,0.37070546,0.08,0.05070546,142,False,False,False,filtered_topk,0.0,filtered_top200,142
SU,15311,147,4871,0.0292945396572339,0.23616868,0.37005603,-0.13388735,-0.49264893,0.49264893,0.35629234,0.64370763,0.28741533,7.888265e-10,True,0.0,-0.02929454,0.0,-0.02929454,143,False,False,False,filtered_topk,0.0,filtered_top200,143
SU,25697,147,4871,0.0292945396572339,0.06122449,0.004974434,0.056250058,0.49236467,0.49236467,0.5076861,0.5076861,0.015372157,0.111472934,False,0.3,0.27070546,0.06,0.03070546,144,False,False,False,filtered_topk,0.0,filtered_top200,144
SU,9993,147,4871,0.0292945396572339,0.53483737,0.8180318,-0.28319442,-0.48841518,0.48841518,0.37298632,0.6270137,0.25402737,5.8100262e-09,True,0.0,-0.02929454,0.0,-0.02929454,145,False,False,False,filtered_topk,0.0,filtered_top200,145
SU,19435,147,4871,0.0292945396572339,0.08637596,0.44468778,-0.35831183,-0.48750758,0.48750758,0.37500995,0.62499005,0.24998009,1.1687049999999999e-26,True,0.0,-0.02929454,0.0,-0.02929454,146,False,False,False,filtered_topk,0.0,filtered_top200,146
SU,32410,147,4871,0.0292945396572339,0.14688297,0.047732674,0.09915029,0.4830387,0.4830387,0.5714907,0.5714907,0.14298141,0.0003711165,True,0.2,0.17070547,0.08,0.05070546,147,False,False,False,filtered_topk,0.0,filtered_top200,147
SU,19663,147,4871,0.0292945396572339,0.3058567,0.5307191,-0.2248624,-0.48236382,0.48236382,0.360996,0.639004,0.27800798,1.2720331e-08,True,0.0,-0.02929454,0.02,-0.00929454,148,False,False,False,filtered_topk,0.0,filtered_top200,148
SU,16267,147,4871,0.0292945396572339,0.08126063,0.01800636,0.06325427,0.47945467,0.47945467,0.5380993,0.5380993,0.07619858,0.0070005786,True,0.3,0.27070546,0.14,0.110705465,149,False,False,False,filtered_topk,0.0,filtered_top200,149
SU,25958,147,4871,0.0292945396572339,0.25223213,0.09170305,0.16052908,0.47835115,0.47835115,0.5500637,0.5500637,0.10012746,0.0010235036,True,0.1,0.07070546,0.12,0.090705454,150,False,False,False,filtered_topk,0.0,filtered_top200,150
SU,21589,147,4871,0.0292945396572339,0.32392645,0.12999249,0.19393396,0.47756556,0.47756556,0.5967052,0.5967052,0.1934104,4.401687e-05,True,0.1,0.07070546,0.08,0.05070546,151,False,False,False,filtered_topk,0.0,filtered_top200,151
SU,2819,147,4871,0.0292945396572339,0.111261696,0.03325926,0.07800244,0.47388902,0.47388902,0.5508416,0.5508416,0.10168326,0.0019292316,True,0.3,0.27070546,0.12,0.090705454,152,False,False,False,filtered_topk,0.0,filtered_top200,152
SU,22379,147,4871,0.0292945396572339,0.49250638,0.3057613,0.18674508,0.4723287,0.4723287,0.6248902,0.6248902,0.24978042,1.9696402e-07,True,0.1,0.07070546,0.04,0.01070546,153,False,False,False,filtered_topk,0.0,filtered_top200,153
SU,237,147,4871,0.0292945396572339,0.035607994,0.0031768854,0.032431107,0.47043535,0.47043535,0.50829357,0.50829357,0.016587138,0.114714116,False,0.3,0.27070546,0.06,0.03070546,154,False,False,False,filtered_topk,0.0,filtered_top200,154
SU,22729,147,4871,0.0292945396572339,0.08328018,0.015034772,0.06824541,0.46901223,0.46901223,0.5326736,0.5326736,0.065347195,0.01208134,True,0.2,0.17070547,0.14,0.110705465,155,False,False,False,filtered_topk,0.0,filtered_top200,155
SU,31091,147,4871,0.0292945396572339,0.02410183,0.002781529,0.0213203,0.46560284,0.46560284,0.5144797,0.5144797,0.028959394,0.060460147,False,0.3,0.27070546,0.1,0.07070546,156,False,False,False,filtered_topk,0.0,filtered_top200,156
SU,27061,147,4871,0.0292945396572339,0.003667092,0.17531332,-0.17164624,-0.46374676,0.46374676,0.39296085,0.60703915,0.2140783,0.0,True,0.0,-0.02929454,0.0,-0.02929454,157,False,False,False,filtered_topk,0.0,filtered_top200,157
SU,13703,147,4871,0.0292945396572339,0.12024341,0.25173017,-0.13148677,-0.4631326,0.4631326,0.37602666,0.62397337,0.24794668,7.8579623e-13,True,0.0,-0.02929454,0.0,-0.02929454,158,False,False,False,filtered_topk,0.0,filtered_top200,158
SU,4854,147,4871,0.0292945396572339,0.11977838,0.03167583,0.08810255,0.46144107,0.46144107,0.52962065,0.52962065,0.059241295,0.0071625276,True,0.0,-0.02929454,0.22,0.19070546,159,False,False,False,filtered_topk,0.0,filtered_top200,159
SU,2613,147,4871,0.0292945396572339,0.80738467,0.5572433,0.25014138,0.45958984,0.45958984,0.6082402,0.6082402,0.21648037,1.1216459e-05,True,0.2,0.17070547,0.14,0.110705465,160,False,False,False,filtered_topk,0.0,filtered_top200,160
SU,12340,147,4871,0.0292945396572339,0.012050915,0.44231886,-0.43026793,-0.45934007,0.45934007,0.37026927,0.6297307,0.25946146,0.0,True,0.0,-0.02929454,0.0,-0.02929454,161,False,False,False,filtered_topk,0.0,filtered_top200,161
SU,21178,147,4871,0.0292945396572339,0.013446003,0.19581051,-0.18236451,-0.4580006,0.4580006,0.39199302,0.60800695,0.21601397,0.0,True,0.0,-0.02929454,0.0,-0.02929454,162,False,False,False,filtered_topk,0.0,filtered_top200,162
SU,26637,147,4871,0.0292945396572339,0.1390306,0.029424384,0.10960622,0.4555742,0.4555742,0.5268869,0.5268869,0.05377376,0.010569028,True,0.1,0.07070546,0.16,0.13070546,163,False,False,False,filtered_topk,0.0,filtered_top200,163
SU,17214,147,4871,0.0292945396572339,0.07581314,0.017842766,0.05797037,0.45550394,0.45550394,0.5336582,0.5336582,0.06731641,0.0062997052,True,0.3,0.27070546,0.18,0.15070547,164,False,False,False,filtered_topk,0.0,filtered_top200,164
SU,5731,147,4871,0.0292945396572339,0.07344813,0.0051829387,0.06826519,0.4541523,0.4541523,0.5090896,0.5090896,0.018179178,0.10936169,False,0.3,0.27070546,0.08,0.05070546,165,False,False,False,filtered_topk,0.0,filtered_top200,165
SU,9959,147,4871,0.0292945396572339,0.011479592,0.19199207,-0.18051249,-0.45347768,0.45347768,0.3967672,0.6032328,0.2064656,0.0,True,0.0,-0.02929454,0.0,-0.02929454,166,False,False,False,filtered_topk,0.0,filtered_top200,166
SU,5677,147,4871,0.0292945396572339,0.46138924,0.67860407,-0.21721482,-0.4526405,0.4526405,0.3733515,0.6266485,0.25329697,3.2592686e-07,True,0.0,-0.02929454,0.04,0.01070546,167,False,False,False,filtered_topk,0.0,filtered_top200,167
SU,19412,147,4871,0.0292945396572339,0.11344069,0.012026294,0.1014144,0.45224592,0.45224592,0.53451216,0.53451216,0.069024324,0.022376325,True,0.2,0.17070547,0.22,0.19070546,168,False,False,False,filtered_topk,0.0,filtered_top200,168
SU,26266,147,4871,0.0292945396572339,0.05565742,0.009764823,0.045892596,0.45202854,0.45202854,0.5371503,0.5371503,0.07430065,0.0072963275,True,0.1,0.07070546,0.16,0.13070546,169,False,False,False,filtered_topk,0.0,filtered_top200,169
SU,7099,147,4871,0.0292945396572339,0.036750637,0.008376264,0.028374374,0.45031866,0.45031866,0.53757066,0.53757066,0.07514131,0.0031559076,True,0.0,-0.02929454,0.1,0.07070546,170,False,False,False,filtered_topk,0.0,filtered_top200,170
SU,21864,147,4871,0.0292945396572339,0.11933992,0.03821044,0.08112948,0.45029083,0.45029083,0.54708695,0.54708695,0.09417391,0.0035615463,True,0.2,0.17070547,0.12,0.090705454,171,False,False,False,filtered_topk,0.0,filtered_top200,171
SU,32361,147,4871,0.0292945396572339,0.057637118,0.012798563,0.044838555,0.44856986,0.44856986,0.53635776,0.53635776,0.07271552,0.0037770844,True,0.1,0.07070546,0.2,0.17070547,172,False,False,False,filtered_topk,0.0,filtered_top200,172
SU,22501,147,4871,0.0292945396572339,0.049200147,0.0103855245,0.038814623,0.4455863,0.4455863,0.53476214,0.53476214,0.06952429,0.014163401,True,0.1,0.07070546,0.12,0.090705454,173,False,False,False,filtered_topk,0.0,filtered_top200,173
SU,8827,147,4871,0.0292945396572339,0.0470743,0.007653315,0.039420985,0.4451052,0.4451052,0.5146892,0.5146892,0.029378414,0.08500847,False,0.3,0.27070546,0.1,0.07070546,174,False,False,False,filtered_topk,0.0,filtered_top200,174
SU,30926,147,4871,0.0292945396572339,0.15769823,0.05339036,0.10430787,0.44446734,0.44446734,0.6156309,0.6156309,0.23126185,2.5126104e-07,True,0.0,-0.02929454,0.0,-0.02929454,175,False,False,False,filtered_topk,0.0,filtered_top200,175
SU,4561,147,4871,0.0292945396572339,0.1858126,0.07326645,0.11254616,0.44341695,0.44341695,0.56006813,0.56006813,0.12013626,0.0011464169,True,0.1,0.07070546,0.1,0.07070546,176,False,False,False,filtered_topk,0.0,filtered_top200,176
SU,20652,147,4871,0.0292945396572339,0.11518123,0.021753827,0.093427405,0.44238713,0.44238713,0.54426026,0.54426026,0.08852053,0.008805809,True,0.1,0.07070546,0.2,0.17070547,177,False,False,False,filtered_topk,0.0,filtered_top200,177
SU,11113,147,4871,0.0292945396572339,0.14296344,0.044905838,0.0980576,0.44181305,0.44181305,0.5442044,0.5442044,0.08840883,0.0020180298,True,0.0,-0.02929454,0.08,0.05070546,178,False,False,False,filtered_topk,0.0,filtered_top200,178
SU,700,147,4871,0.0292945396572339,0.23801552,0.08244786,0.15556766,0.4382304,0.4382304,0.546728,0.546728,0.09345603,0.0027284895,True,0.2,0.17070547,0.1,0.07070546,179,False,False,False,filtered_topk,0.0,filtered_top200,179
SU,27478,147,4871,0.0292945396572339,0.18930697,0.035339896,0.15396708,0.4362865,0.4362865,0.5313315,0.5313315,0.06266296,0.0070556253,True,0.0,-0.02929454,0.06,0.03070546,180,False,False,False,filtered_topk,0.0,filtered_top200,180
SU,7917,147,4871,0.0292945396572339,0.032977253,0.0060682804,0.026908973,0.43440673,0.43440673,0.5215415,0.5215415,0.043082952,0.024254689,True,0.3,0.27070546,0.12,0.090705454,181,False,False,False,filtered_topk,0.0,filtered_top200,181
SU,9788,147,4871,0.0292945396572339,0.14620535,0.051349826,0.094855525,0.43434379,0.43434379,0.56724024,0.56724024,0.13448048,0.00097227364,True,0.1,0.07070546,0.08,0.05070546,182,False,False,False,filtered_topk,0.0,filtered_top200,182
SU,5445,147,4871,0.0292945396572339,0.44355866,0.7098637,-0.26630506,-0.43244419,0.43244419,0.37305614,0.6269438,0.2538877,3.5280033e-07,True,0.1,0.07070546,0.02,-0.00929454,183,False,False,False,filtered_topk,0.0,filtered_top200,183
SU,5375,147,4871,0.0292945396572339,0.13108525,0.02382163,0.10726362,0.43176973,0.43176973,0.530953,0.530953,0.06190598,0.011129618,True,0.1,0.07070546,0.2,0.17070547,184,False,False,False,filtered_topk,0.0,filtered_top200,184
SU,14896,147,4871,0.0292945396572339,0.08892698,0.02609994,0.062827036,0.43163794,0.43163794,0.549774,0.549774,0.09954798,0.004644828,True,0.1,0.07070546,0.08,0.05070546,185,False,False,False,filtered_topk,0.0,filtered_top200,185
SU,5454,147,4871,0.0292945396572339,0.08102147,0.020777464,0.06024401,0.4312459,0.4312459,0.51739573,0.51739573,0.03479147,0.040468156,False,0.4,0.37070546,0.14,0.110705465,186,False,False,False,filtered_topk,0.0,filtered_top200,186
SU,2843,147,4871,0.0292945396572339,0.17257918,0.06493589,0.10764329,0.42963687,0.42963687,0.5779219,0.5779219,0.15584385,0.0004995077,True,0.1,0.07070546,0.08,0.05070546,187,False,False,False,filtered_topk,0.0,filtered_top200,187
SU,15400,147,4871,0.0292945396572339,0.037414964,0.0021504022,0.035264563,0.42838416,0.42838416,0.50919014,0.50919014,0.018380284,0.17639084,False,0.3,0.27070546,0.06,0.03070546,188,False,False,False,filtered_topk,0.0,filtered_top200,188
SU,28968,147,4871,0.0292945396572339,0.015784439,0.0011086821,0.014675757,0.42833722,0.42833722,0.5093871,0.5093871,0.018774152,0.11848817,False,0.3,0.27070546,0.06,0.03070546,189,False,False,False,filtered_topk,0.0,filtered_top200,189
SU,29530,147,4871,0.0292945396572339,0.1459662,0.31140256,-0.16543636,-0.4280128,0.4280128,0.3867391,0.61326087,0.22652179,1.8949921e-10,True,0.0,-0.02929454,0.0,-0.02929454,190,False,False,False,filtered_topk,0.0,filtered_top200,190
SU,23510,147,4871,0.0292945396572339,0.14661723,0.046492476,0.10012476,0.42743662,0.42743662,0.5354193,0.5354193,0.07083857,0.006775618,True,0.1,0.07070546,0.16,0.13070546,191,False,False,False,filtered_topk,0.0,filtered_top200,191
SU,27931,147,4871,0.0292945396572339,0.14652424,0.05675009,0.08977415,0.42374378,0.42374378,0.55076694,0.55076694,0.10153389,0.0015006344,True,0.1,0.07070546,0.1,0.07070546,192,False,False,False,filtered_topk,0.0,filtered_top200,192
SU,18305,147,4871,0.0292945396572339,0.08043686,0.013191914,0.06724495,0.42353663,0.42353663,0.51795787,0.51795787,0.035915732,0.054351036,False,0.2,0.17070547,0.12,0.090705454,193,False,False,False,filtered_topk,0.0,filtered_top200,193
SU,29810,147,4871,0.0292945396572339,0.015226403,0.10198432,-0.08675792,-0.42265812,0.42265812,0.41434592,0.5856541,0.17130816,7.698505e-25,True,0.0,-0.02929454,0.0,-0.02929454,194,False,False,False,filtered_topk,0.0,filtered_top200,194
SU,24105,147,4871,0.0292945396572339,0.017963436,0.002087049,0.015876386,0.42207053,0.42207053,0.5149678,0.5149678,0.029935598,0.05682807,False,0.2,0.17070547,0.1,0.07070546,195,False,False,False,filtered_topk,0.0,filtered_top200,195
SU,19461,147,4871,0.0292945396572339,0.17772108,0.07116938,0.10655171,0.4216692,0.4216692,0.5346176,0.5346176,0.069235206,0.010019558,True,0.4,0.37070546,0.18,0.15070547,196,False,False,False,filtered_topk,0.0,filtered_top200,196
SU,12841,147,4871,0.0292945396572339,0.061476935,0.013075232,0.048401702,0.41989678,0.41989678,0.53157586,0.53157586,0.06315172,0.019282911,True,0.2,0.17070547,0.12,0.090705454,197,False,False,False,filtered_topk,0.0,filtered_top200,197
SU,9537,147,4871,0.0292945396572339,0.022374574,0.2747956,-0.25242102,-0.41979846,0.41979846,0.41891968,0.5810803,0.16216063,3.0181363e-33,True,0.0,-0.02929454,0.0,-0.02929454,198,False,False,False,filtered_topk,0.0,filtered_top200,198
SU,9068,147,4871,0.0292945396572339,0.15093537,0.01931272,0.13162264,0.41816846,0.41816846,0.5141606,0.5141606,0.028321147,0.050820667,False,0.2,0.17070547,0.1,0.07070546,199,False,False,False,filtered_topk,0.0,filtered_top200,199
SU,26008,147,4871,0.0292945396572339,0.17272533,0.049815714,0.12290962,0.41779503,0.41779503,0.5279057,0.5279057,0.055811405,0.00955619,True,0.2,0.17070547,0.18,0.15070547,200,False,False,False,filtered_topk,0.0,filtered_top200,200
AF,23464,265,4753,0.052809884416102,0.8528302,0.09683029,0.75599986,2.1990488,2.1990488,0.8019678,0.8019678,0.6039356,4.471347e-39,True,0.8,0.7471901,0.64,0.5871901,1,False,False,False,filtered_topk,0.0,filtered_top200,1
AF,7143,265,4753,0.052809884416102,0.3200103,0.013549419,0.3064609,2.1111808,2.1111808,0.67599016,0.67599016,0.35198033,1.3019405e-21,True,0.9,0.8471901,0.72,0.66719013,2,False,False,False,filtered_topk,0.0,filtered_top200,2
AF,17793,265,4753,0.052809884416102,0.49243072,0.02185544,0.47057527,1.9303179,1.9303179,0.6600236,0.6600236,0.32004726,4.0982529999999994e-19,True,0.8,0.7471901,0.66,0.60719013,3,False,False,False,filtered_topk,0.0,filtered_top200,3
AF,6676,265,4753,0.052809884416102,0.41964918,0.0183934,0.4012558,1.7031536,1.7031536,0.65155077,0.65155077,0.30310154,7.722514e-14,True,0.9,0.8471901,0.66,0.60719013,4,False,False,False,filtered_topk,0.0,filtered_top200,4
AF,30870,265,4753,0.052809884416102,0.4943912,0.030057907,0.4643333,1.609799,1.609799,0.62527025,0.62527025,0.2505405,1.1716154e-14,True,1.0,0.9471901,0.64,0.5871901,5,False,False,False,filtered_topk,0.0,filtered_top200,5
AF,28724,265,4753,0.052809884416102,0.4597509,0.0148278065,0.44492307,1.5353996,1.5353996,0.62975323,0.62975323,0.25950646,4.4118512e-13,True,0.5,0.4471901,0.64,0.5871901,6,False,False,False,filtered_topk,0.0,filtered_top200,6
AF,2434,265,4753,0.052809884416102,0.48881927,0.018072879,0.4707464,1.5068046,1.5068046,0.61514753,0.61514753,0.23029506,1.322023e-12,True,0.6,0.5471901,0.62,0.5671901,7,False,False,False,filtered_topk,0.0,filtered_top200,7
AF,18492,265,4753,0.052809884416102,0.62637085,0.061628018,0.5647428,1.3862767,1.3862767,0.66526324,0.66526324,0.33052647,8.839374e-19,True,0.2,0.14719012,0.3,0.24719013,8,False,False,False,filtered_topk,0.0,filtered_top200,8
AF,9869,265,4753,0.052809884416102,0.53235555,0.017158981,0.51519656,1.3817712,1.3817712,0.59880435,0.59880435,0.19760871,8.8492796e-11,True,0.6,0.5471901,0.58,0.5271901,9,False,False,False,filtered_topk,0.0,filtered_top200,9
AF,24206,265,4753,0.052809884416102,0.11445312,0.0046224915,0.10983063,1.3693256,1.3693256,0.5809574,0.5809574,0.16191483,1.7738029e-10,True,0.8,0.7471901,0.66,0.60719013,10,False,False,False,filtered_topk,0.0,filtered_top200,10
AF,32764,265,4753,0.052809884416102,0.54843014,0.10032233,0.4481078,1.3442585,1.3442585,0.68176526,0.68176526,0.36353052,3.24112e-21,True,0.5,0.4471901,0.58,0.5271901,11,False,False,False,filtered_topk,0.0,filtered_top200,11
AF,22411,265,4753,0.052809884416102,0.23453714,0.020219138,0.214318,1.2684014,1.2684014,0.6124998,0.6124998,0.22499955,2.8762336e-13,True,0.6,0.5471901,0.48,0.4271901,12,False,False,False,filtered_topk,0.0,filtered_top200,12
AF,19654,265,4753,0.052809884416102,0.15742925,0.010088201,0.14734104,1.2351483,1.2351483,0.5853479,0.5853479,0.17069578,1.5761817e-10,True,0.7,0.6471901,0.58,0.5271901,13,False,False,False,filtered_topk,0.0,filtered_top200,13
AF,28469,265,4753,0.052809884416102,0.35795254,0.061426666,0.29652587,1.2229416,1.2229416,0.6604337,0.6604337,0.32086742,1.6003059999999998e-19,True,0.4,0.3471901,0.38,0.3271901,14,False,False,False,filtered_topk,0.0,filtered_top200,14
AF,31149,265,4753,0.052809884416102,0.17436616,0.006802447,0.1675637,1.2017546,1.2017546,0.5642851,0.5642851,0.1285702,5.3472778e-08,True,0.7,0.6471901,0.64,0.5871901,15,False,False,False,filtered_topk,0.0,filtered_top200,15
AF,5320,265,4753,0.052809884416102,0.23069723,0.03491093,0.1957863,1.1463919,1.1463919,0.6306603,0.6306603,0.2613206,8.039152e-14,True,0.8,0.7471901,0.34,0.2871901,16,False,False,False,filtered_topk,0.0,filtered_top200,16
AF,11511,265,4753,0.052809884416102,0.36603773,0.004702622,0.3613351,1.1344097,1.1344097,0.5389998,0.5389998,0.07799959,4.2030083e-06,True,0.8,0.7471901,0.42,0.3671901,17,False,False,False,filtered_topk,0.0,filtered_top200,17
AF,25532,265,4753,0.052809884416102,0.25943395,0.057232358,0.2022016,1.0880154,1.0880154,0.64420724,0.64420724,0.28841448,5.2700435e-17,True,0.9,0.8471901,0.58,0.5271901,18,False,False,False,filtered_topk,0.0,filtered_top200,18
AF,24167,265,4753,0.052809884416102,0.31025207,0.052513707,0.25773835,1.0834823,1.0834823,0.663621,0.663621,0.32724202,6.547573799999999e-18,True,0.1,0.04719012,0.2,0.14719012,19,False,False,False,filtered_topk,0.0,filtered_top200,19
AF,26057,265,4753,0.052809884416102,0.10964033,0.0047527547,0.104887575,1.064925,1.064925,0.56032217,0.56032217,0.12064433,2.0740035e-06,True,0.8,0.7471901,0.56,0.5071901,20,False,False,False,filtered_topk,0.0,filtered_top200,20
AF,29908,265,4753,0.052809884416102,0.16323704,0.015422825,0.14781421,1.0554625,1.0554625,0.59517324,0.59517324,0.19034648,3.6008568e-11,True,0.3,0.24719013,0.48,0.4271901,21,False,False,False,filtered_topk,0.0,filtered_top200,21
AF,15160,265,4753,0.052809884416102,0.17895783,0.017859198,0.16109863,1.0429652,1.0429652,0.57836443,0.57836443,0.15672886,5.9088743e-09,True,0.7,0.6471901,0.5,0.4471901,22,False,False,False,filtered_topk,0.0,filtered_top200,22
AF,9782,265,4753,0.052809884416102,0.28453714,0.04277726,0.24175988,1.0206866,1.0206866,0.6178342,0.6178342,0.23566842,9.011182e-13,True,0.2,0.14719012,0.44,0.3871901,23,False,False,False,filtered_topk,0.0,filtered_top200,23
AF,26938,265,4753,0.052809884416102,0.51261795,0.04372362,0.46889433,1.0103494,1.0103494,0.57795674,0.57795674,0.15591347,2.8870506e-10,True,0.1,0.04719012,0.24,0.18719012,24,False,False,False,filtered_topk,0.0,filtered_top200,24
AF,24856,265,4753,0.052809884416102,0.3947671,0.065807536,0.32895958,1.0081782,1.0081782,0.60598946,0.60598946,0.21197891,9.343887e-12,True,0.4,0.3471901,0.48,0.4271901,25,False,False,False,filtered_topk,0.0,filtered_top200,25
AF,12613,265,4753,0.052809884416102,0.17546433,0.016311245,0.15915309,1.0015526,1.0015526,0.58242816,0.58242816,0.16485631,5.875985e-09,True,0.7,0.6471901,0.44,0.3871901,26,False,False,False,filtered_topk,0.0,filtered_top200,26
AF,453,265,4753,0.052809884416102,0.100972876,0.005623504,0.09534937,0.9779395,0.9779395,0.5547039,0.5547039,0.10940778,7.850278e-07,True,0.7,0.6471901,0.48,0.4271901,27,False,False,False,filtered_topk,0.0,filtered_top200,27
AF,15797,265,4753,0.052809884416102,0.107613504,0.010512275,0.09710123,0.966477,0.966477,0.57030594,0.57030594,0.14061189,1.7352853e-08,True,0.7,0.6471901,0.42,0.3671901,28,False,False,False,filtered_topk,0.0,filtered_top200,28
AF,8307,265,4753,0.052809884416102,0.30755454,0.023583788,0.28397074,0.93565935,0.93565935,0.5643284,0.5643284,0.12865674,7.7519054e-08,True,0.2,0.14719012,0.52,0.4671901,29,False,False,False,filtered_topk,0.0,filtered_top200,29
AF,16792,265,4753,0.052809884416102,0.3282724,0.04730113,0.2809713,0.9315178,0.9315178,0.5758218,0.5758218,0.15164363,4.604452e-09,True,0.6,0.5471901,0.52,0.4671901,30,False,False,False,filtered_topk,0.0,filtered_top200,30
AF,22475,265,4753,0.052809884416102,0.44512823,0.07671306,0.36841518,0.9279751,0.9279751,0.5999337,0.5999337,0.19986737,5.814857e-11,True,0.3,0.24719013,0.44,0.3871901,31,False,False,False,filtered_topk,0.0,filtered_top200,31
AF,15228,265,4753,0.052809884416102,0.2268131,0.045073505,0.18173958,0.90297383,0.90297383,0.6151626,0.6151626,0.23032522,8.5059564e-11,True,0.4,0.3471901,0.34,0.2871901,32,False,False,False,filtered_topk,0.0,filtered_top200,32
AF,1871,265,4753,0.052809884416102,0.26300853,0.03672927,0.22627926,0.9009026,0.9009026,0.5989639,0.5989639,0.19792783,1.9645054e-10,True,0.4,0.3471901,0.32,0.2671901,33,False,False,False,filtered_topk,0.0,filtered_top200,33
AF,16965,265,4753,0.052809884416102,0.67387974,0.11172795,0.5621518,0.89060295,0.89060295,0.5906204,0.5906204,0.1812408,1.79172e-11,True,0.3,0.24719013,0.28,0.22719012,34,False,False,False,filtered_topk,0.0,filtered_top200,34
AF,16074,265,4753,0.052809884416102,0.40931603,0.029585345,0.3797307,0.8840773,0.8840773,0.5574938,0.5574938,0.11498761,6.9235045e-07,True,0.5,0.4471901,0.42,0.3671901,35,False,False,False,filtered_topk,0.0,filtered_top200,35
AF,32482,265,4753,0.052809884416102,0.48424232,0.071583904,0.41265842,0.8810927,0.8810927,0.5625138,0.5625138,0.12502766,4.2063192e-08,True,0.6,0.5471901,0.48,0.4271901,36,False,False,False,filtered_topk,0.0,filtered_top200,36
AF,10881,265,4753,0.052809884416102,0.1559994,0.0044289464,0.15157045,0.8568821,0.8568821,0.55128795,0.55128795,0.1025759,5.4309963e-05,True,0.7,0.6471901,0.56,0.5071901,37,False,False,False,filtered_topk,0.0,filtered_top200,37
AF,13430,265,4753,0.052809884416102,0.06745283,0.69268465,-0.6252318,-0.842089,0.842089,0.2574374,0.7425626,0.48512518,0.0,True,0.0,-0.052809883,0.0,-0.052809883,38,False,False,False,filtered_topk,0.0,filtered_top200,38
AF,5149,265,4753,0.052809884416102,0.047766805,0.0021080435,0.04565876,0.8203543,0.8203543,0.53409284,0.53409284,0.06818569,5.567776e-05,True,0.7,0.6471901,0.4,0.3471901,39,False,False,False,filtered_topk,0.0,filtered_top200,39
AF,2474,265,4753,0.052809884416102,0.14021227,0.0017653324,0.13844694,0.7981289,0.7981289,0.5224228,0.5224228,0.04484558,0.0007180023,True,0.8,0.7471901,0.26,0.20719011,40,False,False,False,filtered_topk,0.0,filtered_top200,40
AF,11336,265,4753,0.052809884416102,0.05208579,0.0042037596,0.04788203,0.7864168,0.7864168,0.5406254,0.5406254,0.08125079,3.2489123e-05,True,0.8,0.7471901,0.32,0.2671901,41,False,False,False,filtered_topk,0.0,filtered_top200,41
AF,6513,265,4753,0.052809884416102,0.19180425,0.007858112,0.18394613,0.7814037,0.7814037,0.53597766,0.53597766,0.07195532,9.827892e-05,True,0.5,0.4471901,0.42,0.3671901,42,False,False,False,filtered_topk,0.0,filtered_top200,42
AF,4304,265,4753,0.052809884416102,0.20470224,0.02068636,0.18401588,0.7804057,0.7804057,0.5553501,0.5553501,0.11070025,0.00013883953,True,0.6,0.5471901,0.3,0.24719013,43,False,False,False,filtered_topk,0.0,filtered_top200,43
AF,24188,265,4753,0.052809884416102,0.22506633,0.0149893,0.21007703,0.7801517,0.7801517,0.53228307,0.53228307,0.064566135,0.00011198427,True,0.7,0.6471901,0.32,0.2671901,44,False,False,False,filtered_topk,0.0,filtered_top200,44
AF,4737,265,4753,0.052809884416102,0.3145858,0.09180509,0.2227807,0.761507,0.761507,0.620611,0.620611,0.24122202,1.36780405e-11,True,0.3,0.24719013,0.28,0.22719012,45,False,False,False,filtered_topk,0.0,filtered_top200,45
AF,20904,265,4753,0.052809884416102,0.44107458,0.13329041,0.30778417,0.76098406,0.76098406,0.62783825,0.62783825,0.2556765,9.508569e-14,True,0.4,0.3471901,0.16,0.10719012,46,False,False,False,filtered_topk,0.0,filtered_top200,46
AF,18684,265,4753,0.052809884416102,0.15114976,0.00678601,0.14436376,0.7513814,0.7513814,0.529074,0.529074,0.058148026,0.0011028963,True,0.9,0.8471901,0.34,0.2871901,47,False,False,False,filtered_topk,0.0,filtered_top200,47
AF,29003,265,4753,0.052809884416102,0.033785377,0.00047091968,0.033314455,0.7412874,0.7412874,0.51845706,0.51845706,0.03691411,0.0033610926,True,0.8,0.7471901,0.22,0.16719012,48,False,False,False,filtered_topk,0.0,filtered_top200,48
AF,12718,265,4753,0.052809884416102,0.08736733,0.0041729403,0.08319439,0.72748137,0.72748137,0.5355545,0.5355545,0.07110906,0.00057067734,True,0.6,0.5471901,0.4,0.3471901,49,False,False,False,filtered_topk,0.0,filtered_top200,49
AF,30807,265,4753,0.052809884416102,0.10336085,0.00865243,0.09470841,0.71743435,0.71743435,0.53854764,0.53854764,0.07709527,2.3746656e-05,True,0.5,0.4471901,0.42,0.3671901,50,False,False,False,filtered_topk,0.0,filtered_top200,50
AF,1577,265,4753,0.052809884416102,0.13815595,0.023892805,0.11426315,0.71533436,0.71533436,0.5733551,0.5733551,0.14671016,2.6697856e-08,True,0.2,0.14719012,0.22,0.16719012,51,False,False,False,filtered_topk,0.0,filtered_top200,51
AF,19376,265,4753,0.052809884416102,0.045275647,0.0023250119,0.042950634,0.71304035,0.71304035,0.53424925,0.53424925,0.06849849,0.00015393445,True,0.4,0.3471901,0.38,0.3271901,52,False,False,False,filtered_topk,0.0,filtered_top200,52
AF,14740,265,4753,0.052809884416102,0.2872789,0.022670304,0.2646086,0.70040977,0.70040977,0.5397552,0.5397552,0.07951045,6.9837835e-05,True,0.5,0.4471901,0.4,0.3471901,53,False,False,False,filtered_topk,0.0,filtered_top200,53
AF,22532,265,4753,0.052809884416102,0.104532726,0.019007321,0.08552541,0.69773257,0.69773257,0.5687594,0.5687594,0.13751876,1.1999553e-07,True,0.3,0.24719013,0.22,0.16719012,54,False,False,False,filtered_topk,0.0,filtered_top200,54
AF,31237,265,4753,0.052809884416102,0.28575325,0.026103579,0.25964966,0.693149,0.693149,0.5312899,0.5312899,0.06257975,0.00011300225,True,0.5,0.4471901,0.34,0.2871901,55,False,False,False,filtered_topk,0.0,filtered_top200,55
AF,16549,265,4753,0.052809884416102,0.033755895,0.0024593843,0.03129651,0.6906732,0.6906732,0.5293868,0.5293868,0.058773637,0.00019240312,True,0.5,0.4471901,0.34,0.2871901,56,False,False,False,filtered_topk,0.0,filtered_top200,56
AF,7551,265,4753,0.052809884416102,0.07159493,0.0050942334,0.0665007,0.68681186,0.68681186,0.53659457,0.53659457,0.07318914,9.182133e-05,True,0.4,0.3471901,0.42,0.3671901,57,False,False,False,filtered_topk,0.0,filtered_top200,57
AF,32057,265,4753,0.052809884416102,0.08452977,0.0010408722,0.0834889,0.68486583,0.68486583,0.5223275,0.5223275,0.044654965,0.005306777,True,0.8,0.7471901,0.26,0.20719011,58,False,False,False,filtered_topk,0.0,filtered_top200,58
AF,23242,265,4753,0.052809884416102,1.0164726,0.6071457,0.40932685,0.6713515,0.6713515,0.6547384,0.6547384,0.30947685,1.2002828e-15,True,0.4,0.3471901,0.28,0.22719012,59,False,False,False,filtered_topk,0.0,filtered_top200,59
AF,5439,265,4753,0.052809884416102,0.23424233,0.041334912,0.19290742,0.66107595,0.66107595,0.5608307,0.5608307,0.121661425,1.4400428e-07,True,0.1,0.04719012,0.24,0.18719012,60,False,False,False,filtered_topk,0.0,filtered_top200,60
AF,797,265,4753,0.052809884416102,0.04324882,0.0032372647,0.040011555,0.6597127,0.6597127,0.5275044,0.5275044,0.05500877,0.000420056,True,0.6,0.5471901,0.32,0.2671901,61,False,False,False,filtered_topk,0.0,filtered_top200,61
AF,4372,265,4753,0.052809884416102,0.5928877,0.19817418,0.39471352,0.6580808,0.6580808,0.58876735,0.58876735,0.1775347,2.2029136e-08,True,0.4,0.3471901,0.34,0.2871901,62,False,False,False,filtered_topk,0.0,filtered_top200,62
AF,10412,265,4753,0.052809884416102,0.7616819,0.21016908,0.55151284,0.6541832,0.6541832,0.58576274,0.58576274,0.17152548,3.521822e-09,True,0.1,0.04719012,0.18,0.12719013,63,False,False,False,filtered_topk,0.0,filtered_top200,63
AF,27165,265,4753,0.052809884416102,0.05151828,0.0060738777,0.045444403,0.65005916,0.65005916,0.548217,0.548217,0.096434,1.4856992e-05,True,0.3,0.24719013,0.32,0.2671901,64,False,False,False,filtered_topk,0.0,filtered_top200,64
AF,4495,265,4753,0.052809884416102,0.07876621,0.011994892,0.06677132,0.642707,0.642707,0.5394841,0.5394841,0.07896817,4.1590338e-05,True,0.7,0.6471901,0.3,0.24719013,65,False,False,False,filtered_topk,0.0,filtered_top200,65
AF,25149,265,4753,0.052809884416102,0.9115566,1.3207251,-0.40916848,-0.6408669,0.6408669,0.32169196,0.678308,0.35661608,1.063304e-21,True,0.0,-0.052809883,0.0,-0.052809883,66,False,False,False,filtered_topk,0.0,filtered_top200,66
AF,14079,265,4753,0.052809884416102,0.13181014,0.024958333,0.10685181,0.64051586,0.64051586,0.585143,0.585143,0.17028606,1.2858946e-07,True,0.2,0.14719012,0.22,0.16719012,67,False,False,False,filtered_topk,0.0,filtered_top200,67
AF,23598,265,4753,0.052809884416102,0.36710644,0.13730185,0.22980459,0.63438034,0.63438034,0.60842365,0.60842365,0.2168473,1.6888754e-10,True,0.2,0.14719012,0.14,0.08719012,68,False,False,False,filtered_topk,0.0,filtered_top200,68
AF,8970,265,4753,0.052809884416102,0.086372346,0.0072745997,0.07909775,0.6298525,0.6298525,0.53181744,0.53181744,0.06363487,0.0004875071,True,0.6,0.5471901,0.34,0.2871901,69,False,False,False,filtered_topk,0.0,filtered_top200,69
AF,32605,265,4753,0.052809884416102,0.4143573,0.20073424,0.21362306,0.6292275,0.6292275,0.62021047,0.62021047,0.24042094,1.0792876e-11,True,0.3,0.24719013,0.34,0.2871901,70,False,False,False,filtered_topk,0.0,filtered_top200,70
AF,22501,265,4753,0.052809884416102,0.06218308,0.0086980425,0.053485036,0.6181082,0.6181082,0.5409358,0.5409358,0.08187163,7.528193e-05,True,0.5,0.4471901,0.32,0.2671901,71,False,False,False,filtered_topk,0.0,filtered_top200,71
AF,23726,265,4753,0.052809884416102,0.115728185,0.02349133,0.092236854,0.61675394,0.61675394,0.55530447,0.55530447,0.110608935,9.687832e-06,True,0.5,0.4471901,0.3,0.24719013,72,False,False,False,filtered_topk,0.0,filtered_top200,72
AF,32320,265,4753,0.052809884416102,0.082775645,0.012160905,0.07061474,0.611634,0.611634,0.5441973,0.5441973,0.08839464,4.101371e-05,True,0.5,0.4471901,0.3,0.24719013,73,False,False,False,filtered_topk,0.0,filtered_top200,73
AF,6250,265,4753,0.052809884416102,0.09736881,0.012684012,0.0846848,0.61049044,0.61049044,0.53865284,0.53865284,0.077305675,0.0001910264,True,0.6,0.5471901,0.32,0.2671901,74,False,False,False,filtered_topk,0.0,filtered_top200,74
AF,24470,265,4753,0.052809884416102,0.037603185,0.0033995798,0.034203604,0.6069317,0.6069317,0.5306059,0.5306059,0.061211824,0.00043896845,True,0.3,0.24719013,0.36,0.30719012,75,False,False,False,filtered_topk,0.0,filtered_top200,75
AF,22197,265,4753,0.052809884416102,0.09375,0.019071015,0.07467899,0.60634446,0.60634446,0.5489669,0.5489669,0.09793377,2.3638666e-05,True,0.4,0.3471901,0.26,0.20719011,76,False,False,False,filtered_topk,0.0,filtered_top200,76
AF,25715,265,4753,0.052809884416102,0.2623747,0.08601064,0.17636406,0.60477966,0.60477966,0.60223854,0.60223854,0.20447707,1.1128398e-09,True,0.0,-0.052809883,0.16,0.10719012,77,False,False,False,filtered_topk,0.0,filtered_top200,77
AF,26485,265,4753,0.052809884416102,0.0989829,0.39750305,-0.29852015,-0.600316,0.600316,0.3368113,0.6631887,0.3263774,0.0,True,0.0,-0.052809883,0.0,-0.052809883,78,False,False,False,filtered_topk,0.0,filtered_top200,78
AF,8835,265,4753,0.052809884416102,0.19282871,0.053349942,0.13947877,0.59852123,0.59852123,0.5599518,0.5599518,0.119903564,7.654384e-07,True,0.1,0.04719012,0.34,0.2871901,79,False,False,False,filtered_topk,0.0,filtered_top200,79
AF,5375,265,4753,0.052809884416102,0.16364239,0.019343458,0.14429894,0.584234,0.584234,0.55401397,0.55401397,0.108027935,5.1714138e-05,True,0.4,0.3471901,0.32,0.2671901,80,False,False,False,filtered_topk,0.0,filtered_top200,80
AF,18671,265,4753,0.052809884416102,0.09100825,0.011012371,0.079995885,0.584112,0.584112,0.5427575,0.5427575,0.08551502,1.626983e-05,True,0.2,0.14719012,0.42,0.3671901,81,False,False,False,filtered_topk,0.0,filtered_top200,81
AF,13235,265,4753,0.052809884416102,0.09988207,0.020164074,0.079718,0.5799586,0.5799586,0.55821306,0.55821306,0.11642611,2.039684e-06,True,0.2,0.14719012,0.24,0.18719012,82,False,False,False,filtered_topk,0.0,filtered_top200,82
AF,17889,265,4753,0.052809884416102,0.101739384,0.023843905,0.07789548,0.5730053,0.5730053,0.55900306,0.55900306,0.11800611,1.4811994e-06,True,0.2,0.14719012,0.22,0.16719012,83,False,False,False,filtered_topk,0.0,filtered_top200,83
AF,5979,265,4753,0.052809884416102,0.93686616,0.31128532,0.62558085,0.5685198,0.5685198,0.58141947,0.58141947,0.16283894,7.1878814e-09,True,0.1,0.04719012,0.08,0.027190115,84,False,False,False,filtered_topk,0.0,filtered_top200,84
AF,24961,265,4753,0.052809884416102,0.02862618,0.00093855197,0.027687628,0.5646811,0.5646811,0.51625705,0.51625705,0.032514095,0.011261178,True,0.8,0.7471901,0.2,0.14719012,85,False,False,False,filtered_topk,0.0,filtered_top200,85
AF,9436,265,4753,0.052809884416102,0.19873968,0.062772445,0.13596722,0.5598889,0.5598889,0.57842475,0.57842475,0.1568495,2.4218923e-07,True,0.4,0.3471901,0.16,0.10719012,86,False,False,False,filtered_topk,0.0,filtered_top200,86
AF,6621,265,4753,0.052809884416102,0.17397553,0.048969895,0.12500563,0.55734646,0.55734646,0.5567169,0.5567169,0.11343384,2.1533824e-05,True,0.6,0.5471901,0.26,0.20719011,87,False,False,False,filtered_topk,0.0,filtered_top200,87
AF,8951,265,4753,0.052809884416102,0.03593013,0.0036703793,0.03225975,0.55547816,0.55547816,0.5250908,0.5250908,0.050181627,0.00069877313,True,0.4,0.3471901,0.32,0.2671901,88,False,False,False,filtered_topk,0.0,filtered_top200,88
AF,9048,265,4753,0.052809884416102,0.34805426,0.09955965,0.24849461,0.55326873,0.55326873,0.5637163,0.5637163,0.12743258,1.0165571e-06,True,0.4,0.3471901,0.2,0.14719012,89,False,False,False,filtered_topk,0.0,filtered_top200,89
AF,10367,265,4753,0.052809884416102,0.13022552,0.033840057,0.096385464,0.55295026,0.55295026,0.5529449,0.5529449,0.1058898,4.665803e-06,True,0.1,0.04719012,0.28,0.22719012,90,False,False,False,filtered_topk,0.0,filtered_top200,90
AF,22126,265,4753,0.052809884416102,0.08954157,0.016643682,0.07289789,0.5494354,0.5494354,0.55045635,0.55045635,0.10091269,2.6300073e-05,True,0.3,0.24719013,0.2,0.14719012,91,False,False,False,filtered_topk,0.0,filtered_top200,91
AF,13827,265,4753,0.052809884416102,1.3714328,1.7440268,-0.372594,-0.5474735,0.5474735,0.3376227,0.6623773,0.3247546,2.8586416e-17,True,0.0,-0.052809883,0.04,-0.012809884,92,False,False,False,filtered_topk,0.0,filtered_top200,92
AF,18308,265,4753,0.052809884416102,0.22922318,0.08902026,0.14020291,0.5466625,0.5466625,0.5836286,0.5836286,0.16725719,8.403701e-08,True,0.2,0.14719012,0.24,0.18719012,93,False,False,False,filtered_topk,0.0,filtered_top200,93
AF,4388,265,4753,0.052809884416102,0.093307786,0.013501341,0.07980645,0.54257435,0.54257435,0.5346939,0.5346939,0.06938779,0.00017345646,True,0.3,0.24719013,0.3,0.24719013,94,False,False,False,filtered_topk,0.0,filtered_top200,94
AF,664,265,4753,0.052809884416102,0.061084908,0.36706626,-0.30598137,-0.5384341,0.5384341,0.35650492,0.6434951,0.28699017,0.0,True,0.0,-0.052809883,0.0,-0.052809883,95,False,False,False,filtered_topk,0.0,filtered_top200,95
AF,31304,265,4753,0.052809884416102,0.2128464,0.06328528,0.14956112,0.5322199,0.5322199,0.54493606,0.54493606,0.08987212,1.9367373e-05,True,0.5,0.4471901,0.4,0.3471901,96,False,False,False,filtered_topk,0.0,filtered_top200,96
AF,21652,265,4753,0.052809884416102,0.1925118,0.04513802,0.14737378,0.5311214,0.5311214,0.53453034,0.53453034,0.06906068,0.00010110196,True,0.4,0.3471901,0.32,0.2671901,97,False,False,False,filtered_topk,0.0,filtered_top200,97
AF,32627,265,4753,0.052809884416102,0.12633403,0.039147973,0.08718605,0.52935004,0.52935004,0.5643764,0.5643764,0.12875283,2.1015455e-06,True,0.2,0.14719012,0.18,0.12719013,98,False,False,False,filtered_topk,0.0,filtered_top200,98
AF,11488,265,4753,0.052809884416102,0.39344782,0.13972096,0.25372684,0.5166004,0.5166004,0.55887246,0.55887246,0.11774492,9.597866e-06,True,0.0,-0.052809883,0.28,0.22719012,99,False,False,False,filtered_topk,0.0,filtered_top200,99
AF,14401,265,4753,0.052809884416102,0.035030954,0.002597044,0.03243391,0.51502174,0.51502174,0.5172042,0.5172042,0.03440845,0.0057435115,True,0.5,0.4471901,0.22,0.16719012,100,False,False,False,filtered_topk,0.0,filtered_top200,100
AF,30504,265,4753,0.052809884416102,0.030881485,0.0029105796,0.027970906,0.51329774,0.51329774,0.5175631,0.5175631,0.03512621,0.011115336,True,0.6,0.5471901,0.22,0.16719012,101,False,False,False,filtered_topk,0.0,filtered_top200,101
AF,10639,265,4753,0.052809884416102,0.014593161,0.00072363834,0.013869522,0.5118649,0.5118649,0.51237947,0.51237947,0.024758935,0.013516793,True,0.6,0.5471901,0.16,0.10719012,102,False,False,False,filtered_topk,0.0,filtered_top200,102
AF,9673,265,4753,0.052809884416102,0.04003538,0.005238057,0.034797322,0.5079942,0.5079942,0.52517617,0.52517617,0.050352335,0.0036144499,True,0.3,0.24719013,0.24,0.18719012,103,False,False,False,filtered_topk,0.0,filtered_top200,103
AF,26800,265,4753,0.052809884416102,0.23781691,0.077831596,0.15998532,0.5071585,0.5071585,0.5596727,0.5596727,0.11934543,5.377162e-06,True,0.3,0.24719013,0.24,0.18719012,104,False,False,False,filtered_topk,0.0,filtered_top200,104
AF,26287,265,4753,0.052809884416102,0.15008107,0.046143144,0.103937924,0.5048206,0.5048206,0.5682695,0.5682695,0.13653898,1.7682927e-06,True,0.2,0.14719012,0.26,0.20719011,105,False,False,False,filtered_topk,0.0,filtered_top200,105
AF,31071,265,4753,0.052809884416102,0.12584758,0.03544513,0.09040245,0.49909142,0.49909142,0.5487521,0.5487521,0.09750426,9.2751245e-05,True,0.4,0.3471901,0.3,0.24719013,106,False,False,False,filtered_topk,0.0,filtered_top200,106
AF,10772,265,4753,0.052809884416102,0.1461527,0.04742728,0.09872542,0.49790522,0.49790522,0.55793756,0.55793756,0.115875125,2.3127197e-06,True,0.4,0.3471901,0.26,0.20719011,107,False,False,False,filtered_topk,0.0,filtered_top200,107
AF,9959,265,4753,0.052809884416102,0.0,0.19711359,-0.19711359,-0.49677402,0.49677402,0.38691354,0.61308646,0.22617292,0.0,True,0.0,-0.052809883,0.0,-0.052809883,108,False,False,False,filtered_topk,0.0,filtered_top200,108
AF,11660,265,4753,0.052809884416102,0.01846256,0.32996225,-0.31149969,-0.49670637,0.49670637,0.38813183,0.61186814,0.22373635,0.0,True,0.0,-0.052809883,0.0,-0.052809883,109,False,False,False,filtered_topk,0.0,filtered_top200,109
AF,22379,265,4753,0.052809884416102,0.4965507,0.3008996,0.19565111,0.49632877,0.49632877,0.62424725,0.62424725,0.2484945,1.1844485e-11,True,0.3,0.24719013,0.2,0.14719012,110,False,False,False,filtered_topk,0.0,filtered_top200,110
AF,14383,265,4753,0.052809884416102,0.118116155,0.028552279,0.08956388,0.49617198,0.49617198,0.54867035,0.54867035,0.0973407,1.0421826e-05,True,0.2,0.14719012,0.3,0.24719013,111,False,False,False,filtered_topk,0.0,filtered_top200,111
AF,19111,265,4753,0.052809884416102,0.19323409,0.030712511,0.16252157,0.49250454,0.49250454,0.52158755,0.52158755,0.0431751,0.0010304655,True,0.4,0.3471901,0.28,0.22719012,112,False,False,False,filtered_topk,0.0,filtered_top200,112
AF,12729,265,4753,0.052809884416102,0.047995284,0.007902081,0.040093202,0.49237755,0.49237755,0.53646433,0.53646433,0.07292867,8.2537845e-05,True,0.1,0.04719012,0.28,0.22719012,113,False,False,False,filtered_topk,0.0,filtered_top200,113
AF,18414,265,4753,0.052809884416102,0.050877064,0.008431353,0.04244571,0.49230707,0.49230707,0.53082067,0.53082067,0.061641335,0.0003229438,True,0.4,0.3471901,0.3,0.24719013,114,False,False,False,filtered_topk,0.0,filtered_top200,114
AF,4830,265,4753,0.052809884416102,0.10224794,0.29053444,-0.1882865,-0.49092016,0.49092016,0.37317643,0.62682354,0.25364715,1.8592429999999998e-26,True,0.0,-0.052809883,0.0,-0.052809883,115,False,False,False,filtered_topk,0.0,filtered_top200,115
AF,18971,265,4753,0.052809884416102,0.07357016,0.011456169,0.062113993,0.4866167,0.4866167,0.53100765,0.53100765,0.062015295,0.0014326391,True,0.4,0.3471901,0.2,0.14719012,116,False,False,False,filtered_topk,0.0,filtered_top200,116
AF,26930,265,4753,0.052809884416102,0.09038178,0.015504188,0.07487759,0.48167965,0.48167965,0.5345478,0.5345478,0.06909561,0.00039830396,True,0.3,0.24719013,0.24,0.18719012,117,False,False,False,filtered_topk,0.0,filtered_top200,117
AF,25786,265,4753,0.052809884416102,0.051193986,0.009440995,0.04175299,0.47933137,0.47933137,0.5274301,0.5274301,0.054860234,0.0007654594,True,0.5,0.4471901,0.26,0.20719011,118,False,False,False,filtered_topk,0.0,filtered_top200,118
AF,22658,265,4753,0.052809884416102,0.018521521,0.0007076123,0.01781391,0.47385392,0.47385392,0.5088099,0.5088099,0.017619848,0.03970529,False,0.4,0.3471901,0.14,0.08719012,119,False,False,False,filtered_topk,0.0,filtered_top200,119
AF,25692,265,4753,0.052809884416102,0.13298202,0.040304724,0.092677295,0.47203365,0.47203365,0.5507072,0.5507072,0.10141444,4.934407e-05,True,0.4,0.3471901,0.2,0.14719012,120,False,False,False,filtered_topk,0.0,filtered_top200,120
AF,20066,265,4753,0.052809884416102,0.22612028,0.09272269,0.13339758,0.471073,0.471073,0.57551855,0.57551855,0.1510371,3.564924e-07,True,0.0,-0.052809883,0.2,0.14719012,121,False,False,False,filtered_topk,0.0,filtered_top200,121
AF,1238,265,4753,0.052809884416102,0.07808815,0.010537341,0.06755081,0.4705563,0.4705563,0.52185273,0.52185273,0.043705463,0.0022387875,True,0.3,0.24719013,0.24,0.18719012,122,False,False,False,filtered_topk,0.0,filtered_top200,122
AF,8873,265,4753,0.052809884416102,0.08387382,0.022607433,0.061266392,0.47036883,0.47036883,0.53976196,0.53976196,0.07952392,6.772732e-05,True,0.4,0.3471901,0.18,0.12719013,123,False,False,False,filtered_topk,0.0,filtered_top200,123
AF,12673,265,4753,0.052809884416102,0.1435289,0.03422222,0.10930668,0.46932694,0.46932694,0.54374754,0.54374754,0.08749509,0.00034587213,True,0.3,0.24719013,0.2,0.14719012,124,False,False,False,filtered_topk,0.0,filtered_top200,124
AF,15311,265,4753,0.052809884416102,0.24756044,0.37274486,-0.12518442,-0.46148166,0.46148166,0.3739894,0.6260106,0.2520212,2.846946e-13,True,0.0,-0.052809883,0.0,-0.052809883,125,False,False,False,filtered_topk,0.0,filtered_top200,125
AF,1406,265,4753,0.052809884416102,0.037861142,0.0019116217,0.03594952,0.46112415,0.46112415,0.51236916,0.51236916,0.024738312,0.025086898,True,0.5,0.4471901,0.16,0.10719012,126,False,False,False,filtered_topk,0.0,filtered_top200,126
AF,3105,265,4753,0.052809884416102,0.1170401,0.029452616,0.08758748,0.46053982,0.46053982,0.53744644,0.53744644,0.07489288,0.0022763952,True,0.5,0.4471901,0.16,0.10719012,127,False,False,False,filtered_topk,0.0,filtered_top200,127
AF,15089,265,4753,0.052809884416102,0.32866302,0.1357091,0.19295391,0.46023616,0.46023616,0.55634654,0.55634654,0.11269307,2.6155828e-06,True,0.1,0.04719012,0.26,0.20719011,128,False,False,False,filtered_topk,0.0,filtered_top200,128
AF,27061,265,4753,0.052809884416102,0.009610849,0.1792433,-0.16963245,-0.45933405,0.45933405,0.39580244,0.60419756,0.20839512,0.0,True,0.0,-0.052809883,0.0,-0.052809883,129,False,False,False,filtered_topk,0.0,filtered_top200,129
AF,6286,265,4753,0.052809884416102,0.068433076,0.013973494,0.054459583,0.45840245,0.45840245,0.5276568,0.5276568,0.055313587,0.00074217364,True,0.4,0.3471901,0.28,0.22719012,130,False,False,False,filtered_topk,0.0,filtered_top200,130
AF,27934,265,4753,0.052809884416102,0.056139447,0.011382613,0.044756833,0.45410115,0.45410115,0.5358729,0.5358729,0.07174575,0.00022585188,True,0.3,0.24719013,0.22,0.16719012,131,False,False,False,filtered_topk,0.0,filtered_top200,131
AF,404,265,4753,0.052809884416102,0.07221403,0.021028249,0.05118578,0.45407444,0.45407444,0.54787207,0.54787207,0.09574413,1.880305e-05,True,0.3,0.24719013,0.18,0.12719013,132,False,False,False,filtered_topk,0.0,filtered_top200,132
AF,8420,265,4753,0.052809884416102,0.086792454,0.020152157,0.066640295,0.4531995,0.4531995,0.5364862,0.5364862,0.07297242,0.0004316861,True,0.3,0.24719013,0.24,0.18719012,133,False,False,False,filtered_topk,0.0,filtered_top200,133
AF,21832,265,4753,0.052809884416102,0.010871167,0.00085143594,0.010019732,0.45161608,0.45161608,0.5158065,0.5158065,0.031612992,0.005947654,True,0.2,0.14719012,0.2,0.14719012,134,False,False,False,filtered_topk,0.0,filtered_top200,134
AF,16483,265,4753,0.052809884416102,0.044428065,0.007741821,0.036686245,0.45152187,0.45152187,0.52428377,0.52428377,0.048567533,0.0009632248,True,0.5,0.4471901,0.3,0.24719013,135,False,False,False,filtered_topk,0.0,filtered_top200,135
AF,728,265,4753,0.052809884416102,0.06595666,0.015912646,0.050044015,0.45138693,0.45138693,0.5332283,0.5332283,0.06645656,0.000731383,True,0.2,0.14719012,0.24,0.18719012,136,False,False,False,filtered_topk,0.0,filtered_top200,136
AF,29190,265,4753,0.052809884416102,0.5266362,0.1672073,0.35942888,0.44534424,0.44534424,0.54655886,0.54655886,0.093117714,4.6769906e-05,True,0.3,0.24719013,0.26,0.20719011,137,False,False,False,filtered_topk,0.0,filtered_top200,137
AF,21785,265,4753,0.052809884416102,0.17399026,0.051481877,0.12250839,0.44471616,0.44471616,0.56029123,0.56029123,0.12058246,9.4751165e-05,True,0.4,0.3471901,0.18,0.12719013,138,False,False,False,filtered_topk,0.0,filtered_top200,138
AF,10916,265,4753,0.052809884416102,0.007731427,0.29089317,-0.28316173,-0.4443873,0.4443873,0.38887972,0.6111203,0.22224057,0.0,True,0.0,-0.052809883,0.0,-0.052809883,139,False,False,False,filtered_topk,0.0,filtered_top200,139
AF,12206,265,4753,0.052809884416102,0.04501769,0.0028164778,0.042201214,0.44130734,0.44130734,0.5096622,0.5096622,0.019324422,0.04472558,False,0.5,0.4471901,0.14,0.08719012,140,False,False,False,filtered_topk,0.0,filtered_top200,140
AF,28599,265,4753,0.052809884416102,0.10309552,0.034338098,0.068757415,0.43965286,0.43965286,0.5432422,0.5432422,0.08648443,8.416853e-05,True,0.3,0.24719013,0.3,0.24719013,141,False,False,False,filtered_topk,0.0,filtered_top200,141
AF,207,265,4753,0.052809884416102,0.13717571,0.043530073,0.09364563,0.43958643,0.43958643,0.5487799,0.5487799,0.09755981,7.236806e-05,True,0.2,0.14719012,0.2,0.14719012,142,False,False,False,filtered_topk,0.0,filtered_top200,142
AF,2551,265,4753,0.052809884416102,0.25162145,0.058186114,0.19343534,0.43719286,0.43719286,0.5304685,0.5304685,0.060937047,0.00029818728,True,0.3,0.24719013,0.2,0.14719012,143,False,False,False,filtered_topk,0.0,filtered_top200,143
AF,23670,265,4753,0.052809884416102,0.38500884,0.116366476,0.26864237,0.43516117,0.43516117,0.5440774,0.5440774,0.08815479,5.0937848e-05,True,0.4,0.3471901,0.18,0.12719013,144,False,False,False,filtered_topk,0.0,filtered_top200,144
AF,18073,265,4753,0.052809884416102,0.1120283,0.03576565,0.07626265,0.4340656,0.4340656,0.5563485,0.5563485,0.112697005,6.589968e-06,True,0.1,0.04719012,0.1,0.04719012,145,False,False,False,filtered_topk,0.0,filtered_top200,145
AF,23003,265,4753,0.052809884416102,0.05494546,0.011108116,0.043837346,0.4335203,0.4335203,0.5315685,0.5315685,0.063137054,0.00028278725,True,0.0,-0.052809883,0.32,0.2671901,146,False,False,False,filtered_topk,0.0,filtered_top200,146
AF,13286,265,4753,0.052809884416102,0.24792895,0.12290305,0.1250259,0.4312147,0.4312147,0.5840093,0.5840093,0.16801858,8.2472e-07,True,0.3,0.24719013,0.18,0.12719013,147,False,False,False,filtered_topk,0.0,filtered_top200,147
AF,17199,265,4753,0.052809884416102,0.13964476,0.04397305,0.095671706,0.42987868,0.42987868,0.5515718,0.5515718,0.10314357,7.74401e-05,True,0.2,0.14719012,0.2,0.14719012,148,False,False,False,filtered_topk,0.0,filtered_top200,148
AF,32149,265,4753,0.052809884416102,0.1307783,0.04914906,0.08162924,0.42899624,0.42899624,0.5536646,0.5536646,0.10732925,1.5195809e-05,True,0.1,0.04719012,0.22,0.16719012,149,False,False,False,filtered_topk,0.0,filtered_top200,149
AF,2937,265,4753,0.052809884416102,0.052690152,0.01158109,0.041109063,0.4280547,0.4280547,0.5300688,0.5300688,0.06013763,0.0004485105,True,0.2,0.14719012,0.28,0.22719012,150,False,False,False,filtered_topk,0.0,filtered_top200,150
AF,10180,265,4753,0.052809884416102,0.15877064,0.052311532,0.1064591,0.42796862,0.42796862,0.5578463,0.5578463,0.115692616,1.4175027e-05,True,0.0,-0.052809883,0.14,0.08719012,151,False,False,False,filtered_topk,0.0,filtered_top200,151
AF,21144,265,4753,0.052809884416102,0.05234375,0.23319483,-0.18085107,-0.4276671,0.4276671,0.3978147,0.6021853,0.20437062,1.5255419999999998e-26,True,0.0,-0.052809883,0.02,-0.032809883,152,False,False,False,filtered_topk,0.0,filtered_top200,152
AF,12340,265,4753,0.052809884416102,0.05104658,0.4508267,-0.39978012,-0.42746574,0.42746574,0.3844825,0.6155175,0.231035,0.0,True,0.0,-0.052809883,0.0,-0.052809883,153,False,False,False,filtered_topk,0.0,filtered_top200,153
AF,28514,265,4753,0.052809884416102,0.093573116,0.026212474,0.06736064,0.4258168,0.4258168,0.53976834,0.53976834,0.07953668,0.00021921755,True,0.3,0.24719013,0.24,0.18719012,154,False,False,False,filtered_topk,0.0,filtered_top200,154
AF,19317,265,4753,0.052809884416102,0.31642836,0.15465438,0.16177398,0.42157277,0.42157277,0.5618176,0.5618176,0.12363517,1.3575099e-05,True,0.3,0.24719013,0.26,0.20719011,155,False,False,False,filtered_topk,0.0,filtered_top200,155
AF,26312,265,4753,0.052809884416102,0.07441038,0.020385562,0.054024816,0.42025563,0.42025563,0.54762477,0.54762477,0.09524953,3.6346584e-05,True,0.1,0.04719012,0.12,0.06719011,156,False,False,False,filtered_topk,0.0,filtered_top200,156
AF,22397,265,4753,0.052809884416102,0.15879275,0.06699552,0.09179723,0.41986862,0.41986862,0.56321293,0.56321293,0.12642586,4.5003544e-06,True,0.1,0.04719012,0.18,0.12719013,157,False,False,False,filtered_topk,0.0,filtered_top200,157
AF,9447,265,4753,0.052809884416102,0.024410378,0.0027129247,0.021697454,0.41979614,0.41979614,0.51657265,0.51657265,0.03314531,0.00834475,True,0.3,0.24719013,0.2,0.14719012,158,False,False,False,filtered_topk,0.0,filtered_top200,158
AF,24996,265,4753,0.052809884416102,0.03701356,0.008030701,0.02898286,0.41790235,0.41790235,0.5329952,0.5329952,0.06599045,0.0004800896,True,0.2,0.14719012,0.12,0.06719011,159,False,False,False,filtered_topk,0.0,filtered_top200,159
AF,2095,265,4753,0.052809884416102,0.049285084,0.008504497,0.04078059,0.41763702,0.41763702,0.5351143,0.5351143,0.07022858,0.00025082295,True,0.1,0.04719012,0.26,0.20719011,160,False,False,False,filtered_topk,0.0,filtered_top200,160
AF,28548,265,4753,0.052809884416102,0.059780367,0.3775539,-0.31777355,-0.414911,0.414911,0.41385737,0.58614266,0.17228526,5.9562354e-34,True,0.0,-0.052809883,0.0,-0.052809883,161,False,False,False,filtered_topk,0.0,filtered_top200,161
AF,2613,265,4753,0.052809884416102,0.77803653,0.55266947,0.22536707,0.41461316,0.41461316,0.6005375,0.6005375,0.20107496,3.3737436e-08,True,0.1,0.04719012,0.18,0.12719013,162,False,False,False,filtered_topk,0.0,filtered_top200,162
AF,31462,265,4753,0.052809884416102,0.017806605,0.0010342974,0.016772307,0.4128365,0.4128365,0.5105852,0.5105852,0.021170378,0.036892787,False,0.4,0.3471901,0.14,0.08719012,163,False,False,False,filtered_topk,0.0,filtered_top200,163
AF,10877,265,4753,0.052809884416102,0.3761645,0.14890882,0.22725567,0.41259238,0.41259238,0.5488224,0.5488224,0.097644806,2.8931163e-05,True,0.1,0.04719012,0.14,0.08719012,164,False,False,False,filtered_topk,0.0,filtered_top200,164
AF,3993,265,4753,0.052809884416102,0.19314563,0.08339552,0.109750114,0.41192797,0.41192797,0.55878156,0.55878156,0.11756313,1.0051247e-05,True,0.1,0.04719012,0.18,0.12719013,165,False,False,False,filtered_topk,0.0,filtered_top200,165
AF,8989,265,4753,0.052809884416102,0.11950177,0.03520433,0.08429744,0.4101165,0.4101165,0.5364171,0.5364171,0.07283425,0.00065088586,True,0.4,0.3471901,0.22,0.16719012,166,False,False,False,filtered_topk,0.0,filtered_top200,166
AF,23291,265,4753,0.052809884416102,0.016170401,0.0015212431,0.014649158,0.40822357,0.40822357,0.51154184,0.51154184,0.023083687,0.025915178,False,0.5,0.4471901,0.16,0.10719012,167,False,False,False,filtered_topk,0.0,filtered_top200,167
AF,31858,265,4753,0.052809884416102,0.19932194,0.05692663,0.14239532,0.40784618,0.40784618,0.5275528,0.5275528,0.055105567,0.0007675639,True,0.5,0.4471901,0.24,0.18719012,168,False,False,False,filtered_topk,0.0,filtered_top200,168
AF,248,265,4753,0.052809884416102,0.056714326,0.015133945,0.04158038,0.40766767,0.40766767,0.5358415,0.5358415,0.07168305,0.00022432623,True,0.1,0.04719012,0.18,0.12719013,169,False,False,False,filtered_topk,0.0,filtered_top200,169
AF,389,265,4753,0.052809884416102,0.041774765,0.0064502847,0.03532448,0.40764263,0.40764263,0.5151928,0.5151928,0.030385613,0.027131353,False,0.4,0.3471901,0.22,0.16719012,170,False,False,False,filtered_topk,0.0,filtered_top200,170
AF,1017,265,4753,0.052809884416102,0.09305719,0.0317653,0.061291892,0.4072676,0.4072676,0.5388061,0.5388061,0.07761216,0.00019034263,True,0.5,0.4471901,0.22,0.16719012,171,False,False,False,filtered_topk,0.0,filtered_top200,171
AF,12544,265,4753,0.052809884416102,0.010812205,0.15206103,-0.14124882,-0.40601978,0.40601978,0.40937442,0.5906256,0.18125117,0.0,True,0.0,-0.052809883,0.0,-0.052809883,172,False,False,False,filtered_topk,0.0,filtered_top200,172
AF,18556,265,4753,0.052809884416102,0.030151827,0.004135546,0.026016282,0.40573034,0.40573034,0.5156501,0.5156501,0.031300187,0.009272489,True,0.5,0.4471901,0.22,0.16719012,173,False,False,False,filtered_topk,0.0,filtered_top200,173
AF,6251,265,4753,0.052809884416102,0.11401091,0.040251717,0.07375919,0.40322646,0.40322646,0.5516742,0.5516742,0.103348374,4.001249e-05,True,0.1,0.04719012,0.16,0.10719012,174,False,False,False,filtered_topk,0.0,filtered_top200,174
AF,3362,265,4753,0.052809884416102,0.11767394,0.04768781,0.069986135,0.40157133,0.40157133,0.5629997,0.5629997,0.12599945,4.729421e-06,True,0.0,-0.052809883,0.12,0.06719011,175,False,False,False,filtered_topk,0.0,filtered_top200,175
AF,6566,265,4753,0.052809884416102,0.13879716,0.045112133,0.09368503,0.3985546,0.3985546,0.5452592,0.5452592,0.090518355,0.00020604103,True,0.2,0.14719012,0.16,0.10719012,176,False,False,False,filtered_topk,0.0,filtered_top200,176
AF,9900,265,4753,0.052809884416102,0.38408756,0.18367922,0.20040834,0.39596295,0.39596295,0.5550588,0.5550588,0.110117555,1.2999268e-05,True,0.0,-0.052809883,0.14,0.08719012,177,False,False,False,filtered_topk,0.0,filtered_top200,177
AF,11002,265,4753,0.052809884416102,0.020526238,0.0021199605,0.018406278,0.39572328,0.39572328,0.51539326,0.51539326,0.030786514,0.008140831,True,0.2,0.14719012,0.2,0.14719012,178,False,False,False,filtered_topk,0.0,filtered_top200,178
AF,4457,265,4753,0.052809884416102,0.1502727,0.04826886,0.10200384,0.3945903,0.3945903,0.54081196,0.54081196,0.08162391,0.00019015146,True,0.1,0.04719012,0.18,0.12719013,179,False,False,False,filtered_topk,0.0,filtered_top200,179
AF,10116,265,4753,0.052809884416102,0.05395047,0.0071985787,0.04675189,0.39380026,0.39380026,0.51542264,0.51542264,0.030845284,0.020747362,True,0.5,0.4471901,0.2,0.14719012,180,False,False,False,filtered_topk,0.0,filtered_top200,180
AF,5839,265,4753,0.052809884416102,0.1090286,0.039597936,0.069430664,0.3928276,0.3928276,0.5497894,0.5497894,0.09957886,7.3212184e-05,True,0.1,0.04719012,0.14,0.08719012,181,False,False,False,filtered_topk,0.0,filtered_top200,181
AF,11567,265,4753,0.052809884416102,0.05623526,0.006607669,0.04962759,0.39222935,0.39222935,0.51595336,0.51595336,0.031906724,0.016100114,True,0.4,0.3471901,0.2,0.14719012,182,False,False,False,filtered_topk,0.0,filtered_top200,182
AF,12019,265,4753,0.052809884416102,0.031876475,0.0042690965,0.027607378,0.39156795,0.39156795,0.51604986,0.51604986,0.032099724,0.008943514,True,0.3,0.24719013,0.2,0.14719012,183,False,False,False,filtered_topk,0.0,filtered_top200,183
AF,27614,265,4753,0.052809884416102,0.18466981,0.0266949,0.15797491,0.39132178,0.39132178,0.5176298,0.5176298,0.035259604,0.011460973,True,0.3,0.24719013,0.24,0.18719012,184,False,False,False,filtered_topk,0.0,filtered_top200,184
AF,4238,265,4753,0.052809884416102,0.30965507,0.5609179,-0.25126284,-0.39107588,0.39107588,0.38972288,0.6102771,0.22055423,4.7764713e-14,True,0.0,-0.052809883,0.0,-0.052809883,185,False,False,False,filtered_topk,0.0,filtered_top200,185
AF,8368,265,4753,0.052809884416102,0.088119105,0.029605068,0.058514036,0.39075983,0.39075983,0.5380951,0.5380951,0.07619023,0.00031208637,True,0.2,0.14719012,0.24,0.18719012,186,False,False,False,filtered_topk,0.0,filtered_top200,186
AF,12095,265,4753,0.052809884416102,0.017334906,0.0023007672,0.015034139,0.39030862,0.39030862,0.51449215,0.51449215,0.028984308,0.0096975835,True,0.5,0.4471901,0.2,0.14719012,187,False,False,False,filtered_topk,0.0,filtered_top200,187
AF,20688,265,4753,0.052809884416102,0.054296874,0.011061271,0.043235604,0.3869535,0.3869535,0.5224792,0.5224792,0.044958353,0.009354527,True,0.4,0.3471901,0.16,0.10719012,188,False,False,False,filtered_topk,0.0,filtered_top200,188
AF,23628,265,4753,0.052809884416102,0.037146226,0.008013031,0.029133193,0.3866994,0.3866994,0.5285929,0.5285929,0.05718577,0.0006823619,True,0.1,0.04719012,0.24,0.18719012,189,False,False,False,filtered_topk,0.0,filtered_top200,189
AF,29590,265,4753,0.052809884416102,0.008490566,0.16010982,-0.15161926,-0.3863297,0.3863297,0.41484147,0.5851585,0.17031705,0.0,True,0.0,-0.052809883,0.0,-0.052809883,190,False,False,False,filtered_topk,0.0,filtered_top200,190
AF,10284,265,4753,0.052809884416102,0.09655808,0.021301514,0.07525656,0.3862234,0.3862234,0.5396679,0.5396679,0.07933581,0.0005364804,True,0.1,0.04719012,0.22,0.16719012,191,False,False,False,filtered_topk,0.0,filtered_top200,191
AF,9328,265,4753,0.052809884416102,0.039770048,0.0069146296,0.032855418,0.38528284,0.38528284,0.52187616,0.52187616,0.043752313,0.0042301626,True,0.2,0.14719012,0.26,0.20719011,192,False,False,False,filtered_topk,0.0,filtered_top200,192
AF,30236,265,4753,0.052809884416102,0.037359964,0.0048382273,0.032521736,0.38524157,0.38524157,0.5175937,0.5175937,0.035187364,0.029551968,False,0.1,0.04719012,0.22,0.16719012,193,False,False,False,filtered_topk,0.0,filtered_top200,193
AF,23543,265,4753,0.052809884416102,0.030579304,0.0054032486,0.025176056,0.3840742,0.3840742,0.51581323,0.51581323,0.031626463,0.009025256,True,0.4,0.3471901,0.22,0.16719012,194,False,False,False,filtered_topk,0.0,filtered_top200,194
AF,17671,265,4753,0.052809884416102,0.31633255,0.1461051,0.17022745,0.38371637,0.38371637,0.5514642,0.5514642,0.1029284,5.661619e-05,True,0.2,0.14719012,0.22,0.16719012,195,False,False,False,filtered_topk,0.0,filtered_top200,195
AF,14363,265,4753,0.052809884416102,0.13820018,0.05491926,0.08328092,0.38319847,0.38319847,0.55660975,0.55660975,0.1132195,3.2705848e-05,True,0.3,0.24719013,0.1,0.04719012,196,False,False,False,filtered_topk,0.0,filtered_top200,196
AF,5975,265,4753,0.052809884416102,0.05417895,0.00995465,0.0442243,0.3804997,0.3804997,0.51717365,0.51717365,0.034347296,0.0072792624,True,0.5,0.4471901,0.22,0.16719012,197,False,False,False,filtered_topk,0.0,filtered_top200,197
AF,26008,265,4753,0.052809884416102,0.15906546,0.047525905,0.11153955,0.37956664,0.37956664,0.5272737,0.5272737,0.05454743,0.0010097942,True,0.5,0.4471901,0.22,0.16719012,198,False,False,False,filtered_topk,0.0,filtered_top200,198
AF,13703,265,4753,0.052809884416102,0.1459316,0.2535623,-0.1076307,-0.37930143,0.37930143,0.39815292,0.60184705,0.20369416,1.2836287e-11,True,0.0,-0.052809883,0.0,-0.052809883,199,False,False,False,filtered_topk,0.0,filtered_top200,199
AF,17754,265,4753,0.052809884416102,0.012617924,0.00083335524,0.011784569,0.3792216,0.3792216,0.50880396,0.50880396,0.017607927,0.036871344,False,0.5,0.4471901,0.12,0.06719011,200,False,False,False,filtered_topk,0.0,filtered_top200,200
