label,step_k,auc_mean,auc_std,average_precision_mean,f1_mean,precision_lift_at_50_mean,n_folds
AF,1,0.8002016463096913,0.0397378058301115,0.36239718002802623,0.0,0.3591901029977796,5
AF,2,0.8696032671405316,0.03243841259575039,0.4088086821873265,0.0,0.39919010299777963,5
AF,3,0.8993769543792819,0.024299389949343955,0.4755439669540694,0.16123995407577496,0.4391901029977795,5
AF,4,0.915820077543421,0.022448059068065563,0.5203134709834407,0.17010989010989014,0.48319010299777954,5
AF,5,0.9289480680452396,0.021504650775441697,0.5392516711566221,0.18021321961620468,0.48319010299777965,5
AF,6,0.9386612701624903,0.020249514870105075,0.5737144107658652,0.2390845563466797,0.5231901029977796,5
AF,7,0.9466199443015609,0.018158821523622505,0.6015019790425918,0.30900949271312134,0.5431901029977796,5
AF,8,0.9525816612837372,0.016370465777842236,0.6120609427114988,0.3028050596234423,0.5511901029977796,5
AF,9,0.9567413552033767,0.015704719585995314,0.6297870493433734,0.36990222083528373,0.5671901029977796,5
AF,10,0.9598176173723996,0.015394583112027863,0.6391356588041464,0.38197593104569855,0.5711901029977796,5
AF,11,0.9625168259616961,0.015064476070017542,0.6505767063304104,0.38513309430682313,0.5871901029977795,5
AF,12,0.9645293293945535,0.014583098221850796,0.6584246182877475,0.3704876532320161,0.5911901029977795,5
AF,13,0.9662202563130642,0.014217505941200605,0.6704438861008322,0.3821065117483501,0.6151901029977795,5
AF,14,0.967875496132749,0.013697872831082291,0.6770126274882415,0.40024185209373203,0.6151901029977795,5
AF,15,0.9700267715894105,0.01260267041443528,0.6915278989390197,0.4178491724558676,0.6111901029977795,5
AF,16,0.9712970760930062,0.012185222703499001,0.692069780377832,0.42861398422020364,0.6231901029977795,5
AF,17,0.9724164580846797,0.011923249596506631,0.7081939328928641,0.40659028484983456,0.6231901029977795,5
AF,18,0.9740599483948845,0.012098302055581859,0.7199381669664506,0.3953429027113237,0.6271901029977796,5
AF,19,0.9748935579231395,0.012069475877916463,0.7268269707694978,0.4163485651603285,0.6271901029977796,5
AF,20,0.9758859549922363,0.011757175735154989,0.7313058169537141,0.42417222701466867,0.6351901029977796,5
AF,21,0.9768386969447308,0.011558849969615863,0.740021250925192,0.4486922901144362,0.6391901029977796,5
AF,22,0.9775373813379946,0.011268872799778333,0.7440757189905318,0.43226956672697037,0.6431901029977796,5
AF,23,0.9784228215321352,0.010629140942414106,0.7487413231982332,0.4330563360489322,0.6511901029977796,5
AF,24,0.9790183374632045,0.010304498966294467,0.7507885319663937,0.44660469907293854,0.6551901029977796,5
AF,25,0.9795661995892055,0.009998583804372024,0.7526561788304088,0.43803559454812213,0.6551901029977796,5
AF,26,0.9800862730601875,0.009829821499750317,0.7576946659768302,0.4493405906789841,0.6471901029977796,5
AF,27,0.9805586927261013,0.009687053598450688,0.7611618436004063,0.45148938979133124,0.6551901029977796,5
AF,28,0.9809596212422612,0.009540728185452091,0.7642401467389778,0.4504717412603469,0.6591901029977796,5
AF,29,0.9813129043070745,0.00939525686606172,0.7716215941391227,0.46695557626592105,0.6631901029977796,5
AF,30,0.9818051515312893,0.009132090500351532,0.7712641990822847,0.46496233953584226,0.6671901029977796,5
AF,31,0.9821663789853778,0.008995792399303605,0.7722648306309927,0.46754293140258046,0.6631901029977796,5
AF,32,0.9824759887934824,0.00891196610561806,0.77348918929311,0.46260909952158036,0.6631901029977796,5
AF,33,0.9827141492204412,0.008826972970543977,0.777614961464402,0.4781957537199256,0.6671901029977796,5
AF,34,0.9829681775416459,0.008725900720741968,0.7787555794113175,0.4969659971005396,0.6671901029977796,5
AF,35,0.9831864811722777,0.008648944460179853,0.7805343614083453,0.504103293934967,0.6671901029977796,5
AF,36,0.9833690851735015,0.008588331024583763,0.7765002691300642,0.4945606314762131,0.6791901029977796,5
AF,37,0.983500058998159,0.008583298473812517,0.7781708882304412,0.5008645814279618,0.6791901029977796,5
AF,38,0.9836469174245058,0.008570326326279692,0.7793352669563772,0.5169000880153415,0.6831901029977796,5
AF,39,0.9837898287173801,0.008503270261725976,0.7799048307837593,0.5148880141708404,0.6871901029977796,5
AF,40,0.9838970027890988,0.008467611468944102,0.7826651902203918,0.5203298247845581,0.6871901029977796,5
AF,41,0.9840280100286428,0.008418486842433511,0.7843914639395384,0.523314713683882,0.6871901029977796,5
AF,42,0.9841153314808956,0.00841416916324099,0.7861818166960359,0.5199053992122115,0.6871901029977796,5
AF,43,0.9841748601012681,0.008430553506718123,0.7853731817188286,0.5102629395941933,0.6831901029977796,5
AF,44,0.9842661328638542,0.008436569971578675,0.7833825914681958,0.51878913480976,0.6831901029977796,5
AF,45,0.9843415627933592,0.008388207627623816,0.7834912280954278,0.5219297277645901,0.6831901029977796,5
AF,46,0.9844248995203919,0.008367192472843928,0.7850497091472458,0.5241444529301351,0.6871901029977796,5
AF,47,0.9844685560696576,0.008356762119771634,0.7861678077161282,0.5316839535192841,0.6831901029977796,5
AF,48,0.984504264052787,0.008369716684656482,0.7862170799793718,0.5444112335516049,0.6871901029977796,5
AF,49,0.9845320360003633,0.008372238417830856,0.7867879579163813,0.5444112335516049,0.6871901029977796,5
AF,50,0.9845478997177487,0.008372930556693114,0.7867566147460276,0.5417866523489951,0.6871901029977796,5
AF,51,0.984575667488464,0.008391715412039017,0.7869359588053435,0.5374708432816236,0.6871901029977796,5
AF,52,0.9845756507810208,0.008410058009539503,0.7872555699917717,0.5388462620790138,0.6911901029977796,5
AF,53,0.9845756298967168,0.008439919761251616,0.7878615500893534,0.5431032037526938,0.6911901029977796,5
AF,54,0.98469861338663,0.008401476607024234,0.7884283995401851,0.5547955114450015,0.6911901029977796,5
AF,55,0.9847541489280609,0.00841930963464313,0.7891614090736503,0.5453981396139832,0.6871901029977796,5
AF,56,0.9847977804161614,0.008455807307417306,0.7893869684588978,0.5472952800055604,0.6871901029977796,5
AF,57,0.9847977637087183,0.0085141175083107,0.7896385670552922,0.5467031685542129,0.6871901029977796,5
AF,58,0.9847580334086212,0.008568841711722149,0.7895539814671579,0.5428070646581089,0.6871901029977796,5
AF,59,0.9847341960639351,0.0086345465575797,0.7928609871788417,0.5428070646581089,0.6911901029977796,5
AF,60,0.9847143100295825,0.00868663749261234,0.7924354506634609,0.5488613876935641,0.6871901029977796,5
AF,61,0.9846586951277964,0.008764795838570642,0.7920392922783149,0.5459878244751732,0.6871901029977796,5
AF,62,0.9845911678189582,0.008849715529205398,0.7919279515818838,0.5527075415397179,0.6911901029977796,5
AF,63,0.9845236405101201,0.00893495125000444,0.79306507246938,0.5490074441687345,0.6871901029977796,5
AF,64,0.9845037795369324,0.008943819021156502,0.7891013636743318,0.5503198356847584,0.6871901029977796,5
AF,65,0.9844600853959194,0.008995534216012383,0.7899141217395051,0.5516830294530154,0.6831901029977796,5
AF,66,0.9844283078388191,0.009043746828968208,0.7891132522366303,0.5478868256568117,0.6791901029977796,5
AF,67,0.9843488681229292,0.009153959603914857,0.7896574392843344,0.5410739300990799,0.6831901029977796,5
AF,68,0.9842853088318678,0.009233336358670994,0.7896289871718245,0.54531205373902,0.6831901029977796,5
AF,69,0.9842257259123046,0.009270024796922714,0.790870773127611,0.5477662661932324,0.6831901029977796,5
AF,70,0.9841581944266057,0.00933078511752855,0.7939234856882655,0.5415169876939541,0.6911901029977796,5
AF,71,0.9840866949231302,0.00937312460463881,0.7919863420109237,0.5415169876939541,0.6871901029977796,5
AF,72,0.9840469771536154,0.009384069771153782,0.7928978354077589,0.5450685865144207,0.6831901029977796,5
AF,73,0.9840271245341496,0.009368098216548805,0.7911614628671035,0.5586099016287696,0.6831901029977796,5
AF,74,0.9840310800213438,0.009361544647431485,0.7886105632198398,0.5789229219417897,0.6871901029977796,5
AF,75,0.9842495214883826,0.008986647882662324,0.788700640433299,0.5950988074517426,0.6871901029977796,5
AF,76,0.9844520282314024,0.008698665421511738,0.7896276096530733,0.600069934140128,0.6831901029977796,5
AF,77,0.9845751286734185,0.008517511846849892,0.7902895032718796,0.6052886450299301,0.6871901029977796,5
AF,78,0.9845711230638944,0.008563692702298908,0.7901766068187221,0.6076041802686879,0.6871901029977796,5
AF,79,0.9845393329762118,0.008631500795195512,0.791952880372139,0.6076041802686879,0.6951901029977796,5
AF,80,0.9845075595959724,0.008641318691658325,0.7908632203764745,0.6069304660245946,0.6951901029977796,5
AF,81,0.9844360600924966,0.008703367008164462,0.7920568532504734,0.6120486247131323,0.6911901029977796,5
AF,82,0.9843407441286389,0.008766920578111148,0.790291399934154,0.6086398677339963,0.6871901029977796,5
AF,83,0.9843328080930854,0.008729724852323954,0.7895849532703607,0.6048937070459215,0.6831901029977796,5
AF,84,0.9842136840225676,0.008785770588257604,0.7910056950997086,0.607088828997141,0.6831901029977796,5
AF,85,0.9841422012265351,0.008850789034037883,0.7886915467531109,0.6060309460687443,0.6751901029977796,5
AF,86,0.9841501330852278,0.009037415504158796,0.7894413090647585,0.6210333840096391,0.6911901029977796,5
AF,87,0.9840548129445092,0.0091888963849043,0.7896062744819892,0.6263131544544025,0.6911901029977796,5
AF,88,0.9839594928037909,0.009302275932433126,0.7866037727551227,0.6239369168306401,0.6871901029977796,5
AF,89,0.9838244507166971,0.009434833460614878,0.7899882769684577,0.6394603533731967,0.6831901029977796,5
AF,90,0.9836735282047748,0.00956587257218288,0.7915738727319227,0.6440065316002089,0.6831901029977796,5
AF,91,0.9835027530733864,0.009714871687347358,0.7916732036229708,0.6518845607824374,0.6911901029977796,5
AF,92,0.983463056188176,0.009929872039004613,0.7918617242914492,0.6503694092672859,0.6951901029977796,5
AF,93,0.9832803770034573,0.010095901164494447,0.7902467522849467,0.6481654121718214,0.6951901029977796,5
AF,94,0.9832802475207719,0.01014091061311235,0.7929781417149331,0.6633540845633314,0.6991901029977796,5
AF,95,0.9833239917841148,0.01018821222893198,0.7950161662762939,0.6719437340153454,0.6951901029977796,5
AF,96,0.98353056261271,0.009964098237148786,0.7959818728964559,0.6673847799236968,0.7071901029977796,5
AF,97,0.9838920908007773,0.009266855269554248,0.7959089191445127,0.6715110148657175,0.6951901029977796,5
AF,98,0.9839596974699709,0.00902604478209473,0.7951150657906818,0.6822794091497689,0.6951901029977796,5
AF,99,0.9840590482813785,0.008771688918655516,0.79595441790978,0.6937419701269508,0.6951901029977796,5
AF,100,0.9840432179788797,0.008684987999567302,0.7958701736021918,0.6894294955358387,0.6871901029977796,5
AF,101,0.9841624548246397,0.008483044583445223,0.7975332837793917,0.6942830915300215,0.6871901029977796,5
AF,102,0.9844286503414061,0.008458895955444126,0.8035434948439975,0.703980937328883,0.7071901029977796,5
AF,103,0.9847186414342506,0.008587255216835664,0.812394326347043,0.7045523536863152,0.7111901029977796,5
AF,104,0.9850283765481794,0.008618033706009842,0.8150297469171696,0.7103426940791354,0.7031901029977796,5
AF,105,0.9850562487404154,0.008646913477353786,0.8141231496779072,0.7123747668145084,0.6991901029977796,5
AF,106,0.9850324991098066,0.008728365122871097,0.8168885924970649,0.6986288226390551,0.7071901029977796,5
AF,107,0.9850405019751332,0.00876988803244418,0.8228826079166882,0.7016847244476206,0.7151901029977796,5
AF,108,0.9851238094641401,0.008771847775417415,0.8222105860117022,0.7136917214008541,0.7071901029977796,5
AF,109,0.9854653513731952,0.008341850924698444,0.8251469611053294,0.7035134410744167,0.7031901029977796,5
AF,110,0.9854971163997132,0.00831913851644761,0.82326588195081,0.7018494383417117,0.7031901029977796,5
AF,111,0.9853819854081367,0.008435108549170334,0.8249893922564411,0.6932730277852229,0.7031901029977796,5
AF,112,0.9853105903261815,0.008471683181061108,0.8226510775829647,0.7052884129492845,0.7031901029977796,5
AF,113,0.9851915038474109,0.008626914122371074,0.8207496219794482,0.6967164962569343,0.7031901029977796,5
AF,114,0.9852271575313498,0.008651928600304988,0.8244150113659001,0.7057917028417899,0.7031901029977796,5
AF,115,0.9851994565904075,0.008834091254825998,0.8230701473562554,0.6956236193549625,0.6991901029977796,5
AF,116,0.9850724382529444,0.008975646791552992,0.8240096990646026,0.7206716072738055,0.6911901029977796,5
AF,117,0.9849057397377141,0.009090037078292158,0.8203304426708702,0.7183682626369569,0.6871901029977796,5
AF,118,0.9847072553116618,0.009210899232145799,0.8187702332615663,0.7203616181186845,0.6911901029977796,5
AF,119,0.9844809655231467,0.009399937967055209,0.8173818355114177,0.7118592824507339,0.6951901029977796,5
AF,120,0.9844135969350194,0.009295754703410427,0.8155130138816048,0.7111749558380158,0.6911901029977796,5
AF,121,0.9844852217443197,0.008963006212511794,0.8122431751788215,0.6976143992554421,0.6871901029977796,5
AF,122,0.9845012358286944,0.008752660898424428,0.807960327505936,0.6989471531305688,0.6831901029977796,5
AF,123,0.9843861131908398,0.008850484553694471,0.80620425000435,0.6904082041289202,0.6871901029977796,5
AF,124,0.9842749251558752,0.008919714741353571,0.8045366368823977,0.6970455454613045,0.6871901029977796,5
AF,125,0.9841995369949783,0.009039841941165508,0.8077951150829614,0.6964462131006248,0.6991901029977796,5
AF,126,0.9840050289404244,0.009208420760153645,0.8066646792323571,0.6866668649459985,0.7071901029977796,5
AF,127,0.983905749135651,0.009442307901699873,0.8085776709471961,0.6928698625492921,0.7071901029977796,5
AF,128,0.9839254722724314,0.009400192039588104,0.810103580777986,0.695603637591548,0.7191901029977796,5
AF,129,0.9837745957059782,0.009491450247539746,0.8063982885463048,0.6966131917371317,0.7031901029977796,5
AF,130,0.9835601974402108,0.009621538396575811,0.8060923691857337,0.689003040580463,0.7071901029977796,5
AF,131,0.9834252305366118,0.00979514016081176,0.8045907226500038,0.6959938289129817,0.7071901029977796,5
AF,132,0.983377685329925,0.009727791521526991,0.8053352089694824,0.6969010725681184,0.7111901029977796,5
AF,133,0.9833499843889826,0.009702794017104078,0.8053439382893899,0.696755497046894,0.7151901029977796,5
AF,134,0.9831713859972829,0.009815053635903955,0.8012338825866344,0.6868440045728557,0.6911901029977796,5
AF,135,0.9829769531262237,0.009937269014992629,0.7975208538724805,0.6845648302918901,0.7071901029977796,5
AF,136,0.9830641200346262,0.009643038902200425,0.7943036579451073,0.6800192528802154,0.6951901029977796,5
AF,137,0.9827782431496873,0.00986917434357938,0.7943233614483706,0.6773699606189064,0.6991901029977796,5
AF,138,0.9825518990619816,0.010110832912248615,0.7903433191255673,0.6759816965195824,0.7031901029977796,5
AF,139,0.9827067436462116,0.009974606815138731,0.7885636097946123,0.6677484163483142,0.7031901029977796,5
AF,140,0.9825399490631824,0.010115029911740063,0.7881801706565434,0.6747924179507209,0.6911901029977796,5
AF,141,0.9824169279815218,0.010055832134909322,0.7848268902860323,0.6631348113549251,0.6871901029977796,5
AF,142,0.9821389746015535,0.010165323412681837,0.7802555481711912,0.6620397575134417,0.6831901029977796,5
AF,143,0.981928519292398,0.010346171471735418,0.7825819658028055,0.6689904406206927,0.6751901029977796,5
AF,144,0.9816267953975171,0.010440178173814702,0.7811163475300609,0.6682786798813963,0.6831901029977796,5
AF,145,0.9812893217508982,0.010591172695869587,0.7840606972052738,0.6634220393424727,0.6751901029977796,5
AF,146,0.9809994810250433,0.010741668710089892,0.7781813847905739,0.6691853512423377,0.6631901029977796,5
AF,147,0.9808923361913504,0.010782676090859407,0.7837320796648646,0.6762671562036978,0.6591901029977796,5
AF,148,0.9806423218333913,0.010871683760942934,0.7837170877696602,0.6665021809458034,0.6631901029977796,5
AF,149,0.9804636983805265,0.010848004075261283,0.7811012855136463,0.6681575207516287,0.6671901029977796,5
AF,150,0.9802731249288629,0.010817109102615413,0.7826161815638948,0.677006712144399,0.6631901029977796,5
AF,151,0.9801023414437526,0.010670525671315075,0.7779217618651402,0.6645413864839473,0.6591901029977796,5
AF,152,0.9797847538314866,0.010721875806672068,0.7695446485914282,0.6630714713686385,0.6591901029977796,5
AF,153,0.9795982361116767,0.010920798215144571,0.7750834884688158,0.6561424584346589,0.6591901029977796,5
AF,154,0.9792687569766627,0.011055898613219733,0.7747908764762643,0.6602679186717182,0.6511901029977796,5
AF,155,0.9793320573023536,0.010903252249771109,0.7784369374401288,0.6604774982537713,0.6671901029977796,5
AF,156,0.9795187295660137,0.010403019976017716,0.7799608604736923,0.6570205215903752,0.6551901029977796,5
AF,157,0.979479086979994,0.01011908099226629,0.7846065530176247,0.654147552578655,0.6511901029977796,5
AF,158,0.9792725579200068,0.010160643419718668,0.7819084067839697,0.6534462945730491,0.6551901029977796,5
AF,159,0.9788834791579866,0.010308841406933732,0.781446756225258,0.6513415349461656,0.6471901029977796,5
AF,160,0.9785380318840671,0.01057183403721717,0.7695584022306114,0.6507201116729878,0.6471901029977796,5
AF,161,0.9785104604258101,0.010998514733184908,0.7736287485634338,0.6472645823215476,0.6551901029977796,5
AF,162,0.9784548747620494,0.010913699805673164,0.767993384903007,0.6508378368464811,0.6511901029977796,5
AF,163,0.9780301632003943,0.01106878169983829,0.765817265121113,0.6515743616287095,0.6591901029977796,5
AF,164,0.9775895127378591,0.011083964656825847,0.7637747384658656,0.6488214795430697,0.6631901029977796,5
AF,165,0.9771289511798067,0.01121204154717085,0.7562223742328117,0.6456523840075619,0.6511901029977796,5
AF,166,0.9766803229131098,0.011440934210860983,0.7558387676286079,0.634922689189915,0.6551901029977796,5
AF,167,0.976406237306259,0.011835164957507027,0.7567069331322449,0.6329554709856016,0.6471901029977796,5
AF,168,0.9760886455171318,0.012168868452606238,0.7559015158736023,0.6340537704687095,0.6511901029977796,5
AF,169,0.9755765122585643,0.012435420120651611,0.7521743545162263,0.62357284626738,0.6391901029977796,5
AF,170,0.9752868093691165,0.01283490656211494,0.7519238771760364,0.6221850025546299,0.6471901029977796,5
AF,171,0.9748144231180891,0.013284811950300346,0.7502068378540272,0.627931000228638,0.6591901029977796,5
AF,172,0.9744333430445348,0.013480030105109297,0.7478839927407817,0.6163073864740645,0.6311901029977796,5
AF,173,0.9738378772357953,0.01375795493732503,0.7477170867777136,0.6120080879703336,0.6471901029977796,5
AF,174,0.9732185239600399,0.014151365888596626,0.7461554610624911,0.6119295392851288,0.6511901029977796,5
AF,175,0.9724324679921935,0.014410953208994196,0.7411317412474636,0.5987697751415892,0.6511901029977796,5
AF,176,0.9716980797926607,0.014596685703228082,0.723872498237768,0.5958014004087667,0.6391901029977796,5
AF,177,0.9711106627947167,0.014564867351173148,0.719847689274622,0.5935481811839514,0.6271901029977796,5
AF,178,0.9702015523303229,0.014853774935591929,0.7107323349608821,0.5869743960911725,0.6231901029977795,5
AF,179,0.9693757660623794,0.01519202702080399,0.7019198899779334,0.5865629249081068,0.6231901029977795,5
AF,180,0.968815974821883,0.015873871900356856,0.697593143759177,0.5863201945094528,0.6231901029977795,5
AF,181,0.9679862790122143,0.016493068319688883,0.7028301936760011,0.5831296531813612,0.6311901029977796,5
AF,182,0.9670771810784027,0.017081231266230745,0.7012499236575145,0.5812459177721253,0.6191901029977795,5
AF,183,0.9658781672352419,0.017840365726919223,0.693165072881376,0.576429899287042,0.6151901029977795,5
AF,184,0.9646949836945797,0.018500421438669794,0.690843284586095,0.5737820193825465,0.6191901029977795,5
AF,185,0.9633689515139554,0.019229185378205487,0.687196488307052,0.5726660607186155,0.6151901029977795,5
AF,186,0.9618007491199876,0.02001893304315571,0.6837887988008159,0.5688110136549607,0.6151901029977795,5
AF,187,0.9598197976937464,0.021031587050893395,0.6751151088919223,0.5604544542714436,0.5991901029977795,5
AF,188,0.9578190312397863,0.02193720723676399,0.6685758255561595,0.5630796846156054,0.6031901029977795,5
AF,189,0.9555799456381564,0.023219648193768285,0.6646072902699295,0.5615117003429632,0.5991901029977795,5
AF,190,0.9533570286647516,0.02439656906487084,0.6560961682023322,0.5525816459414271,0.5951901029977795,5
AF,191,0.9511062478528324,0.025290517483765023,0.6493324882556615,0.5499277712186676,0.5831901029977795,5
AF,192,0.9484821183367321,0.026388085233336935,0.6443094396376081,0.549027627695472,0.5831901029977795,5
AF,193,0.944583891727414,0.02786284517945255,0.6359227006687944,0.5481602014224952,0.5751901029977795,5
AF,194,0.9404117173476516,0.02926160809832372,0.628331805410834,0.540926650477634,0.5791901029977796,5
AF,195,0.9351044768638458,0.030604071193473113,0.6160360030056978,0.5380182529420571,0.5591901029977795,5
AF,196,0.9291222807330808,0.03280531289980725,0.60847463566513,0.5209908203984797,0.5471901029977796,5
AF,197,0.9212786874632567,0.03467570794238816,0.5952875885943323,0.5128027800458471,0.5551901029977796,5
AF,198,0.9118234482701009,0.03802357591067044,0.602972398614211,0.5169077006093629,0.5631901029977796,5
AF,199,0.9030541289835504,0.03797256159300253,0.582075077062948,0.5065846416385291,0.5511901029977796,5
AF,200,0.8882062742714771,0.04080400488454366,0.5669006985088316,0.49717535162600185,0.5391901029977795,5
GI,1,0.7567392895965795,0.016792625194692212,0.20414716705049013,0.0,0.03163341052539592,5
GI,2,0.7866481647271751,0.014719273361348225,0.27164511808911995,0.0,0.23563341052539594,5
GI,3,0.8078419273639964,0.013645728527314507,0.32816934407238013,0.003278688524590164,0.3676334105253959,5
GI,4,0.8232780596990565,0.013414040460244839,0.35215530078418494,0.01943436646846638,0.4276334105253959,5
GI,5,0.8367964834196394,0.013514775118627089,0.3906136866218807,0.03150154204098546,0.4316334105253959,5
GI,6,0.847557335011851,0.012980227586055302,0.42274197921907425,0.05353264394629307,0.4476334105253959,5
GI,7,0.856630778608908,0.01225966132373925,0.4483811088310066,0.089535803864386,0.47963341052539593,5
GI,8,0.8642426618385937,0.011585654706750971,0.47269639261022744,0.09531066526030005,0.5116334105253959,5
GI,9,0.8702555043837714,0.011905575382724338,0.4912195291348727,0.1418223441562522,0.5316334105253959,5
GI,10,0.8752023247580748,0.012238596107242247,0.5081640531020565,0.1680597986638507,0.5516334105253959,5
GI,11,0.87974445688349,0.012175544166642759,0.5188858984662097,0.19802068204508724,0.567633410525396,5
GI,12,0.8833263268462044,0.01243669543540342,0.5261775034898863,0.22022175183706358,0.563633410525396,5
GI,13,0.8864325173926444,0.012553177224378828,0.5428688750448754,0.2574083675837528,0.5796334105253959,5
GI,14,0.889574732887892,0.012597686090265247,0.5495054790859786,0.2626059607834518,0.591633410525396,5
GI,15,0.89289045778765,0.0129829222357417,0.5587116874103965,0.2881042148949464,0.5836334105253959,5
GI,16,0.8961595191817574,0.013311017105279224,0.5782076280733162,0.3148591348803964,0.6156334105253959,5
GI,17,0.8987877495372605,0.013320900207698941,0.5783468572918854,0.33919940406884364,0.6156334105253959,5
GI,18,0.9010110835482574,0.013226309610071532,0.5824185858904395,0.36015760885961356,0.6196334105253959,5
GI,19,0.9030375968825176,0.013067744945854356,0.5907207944061831,0.38091009812301035,0.6236334105253959,5
GI,20,0.9053881440636304,0.012553662692838892,0.5943955729392708,0.39570813150295536,0.6236334105253959,5
GI,21,0.9070607858654072,0.012345114321159962,0.597927395561445,0.4109433597303611,0.6196334105253959,5
GI,22,0.9086914276893834,0.011850660895013137,0.6036763202683236,0.4139552608674206,0.6236334105253959,5
GI,23,0.9101061614491334,0.011546140293459455,0.6094298284217902,0.4225569994897425,0.6196334105253959,5
GI,24,0.9113877878709988,0.011251168960897383,0.6145998212062566,0.4254449608327942,0.6316334105253959,5
GI,25,0.9126832792337787,0.010788415575379347,0.6179735901696155,0.42885039193341046,0.6356334105253959,5
GI,26,0.913851132215254,0.010329063144446787,0.6218206349901564,0.4329044292933837,0.6356334105253959,5
GI,27,0.9148629527467168,0.009973004651397178,0.6223805075250428,0.4363474953668419,0.6236334105253959,5
GI,28,0.9158393495888164,0.009594184561514368,0.6257600814756226,0.45238673942848695,0.6316334105253959,5
GI,29,0.9166163360726612,0.009404682305866165,0.630816729290754,0.4639947595669735,0.6236334105253959,5
GI,30,0.9175430168448363,0.0092023216780351,0.6342791333569743,0.4765582803281088,0.6276334105253959,5
GI,31,0.9186568395660041,0.009228146575325467,0.6334031076576372,0.48357832835797493,0.6196334105253959,5
GI,32,0.9194876674217323,0.009178007869281836,0.6372276686170875,0.487424880037101,0.6236334105253959,5
GI,33,0.9201556061776532,0.00912330068952456,0.6385348944662218,0.48897192117957144,0.6276334105253959,5
GI,34,0.9207822792860518,0.009118631895508022,0.6373967226797224,0.5005498233346298,0.6356334105253959,5
GI,35,0.9213246075583003,0.00908074416451942,0.6394266768650827,0.5007092412784643,0.6396334105253959,5
GI,36,0.9218220073393553,0.00898823497823465,0.6420464812080044,0.5109557687693362,0.6396334105253959,5
GI,37,0.9224193626297581,0.008767062594035887,0.6464443815299212,0.522244168649312,0.6396334105253959,5
GI,38,0.9229264069688539,0.008646808268262135,0.6497741067773285,0.5261180290111108,0.6396334105253959,5
GI,39,0.9233488369343851,0.008582027070922652,0.6528113563133013,0.5329125866014447,0.6436334105253959,5
GI,40,0.9237204922058799,0.008520426734568381,0.6536526424933724,0.5339623808985081,0.6476334105253959,5
GI,41,0.9240489958107732,0.008470653434463918,0.6539420383964316,0.5353548549611964,0.6436334105253959,5
GI,42,0.9243043448391216,0.00842165598510434,0.6565854256647948,0.5380815634110239,0.6476334105253959,5
GI,43,0.9246926934965058,0.008315545586172438,0.6586715969978074,0.5425715740410872,0.6436334105253959,5
GI,44,0.925111772602617,0.008068343664480723,0.6604827315607302,0.5390826867612757,0.6396334105253959,5
GI,45,0.925434602444942,0.007959659781087473,0.6624625289638356,0.5442468796635463,0.6436334105253959,5
GI,46,0.9256804990933037,0.007903174307562573,0.6649274358925752,0.5496139885649742,0.6476334105253959,5
GI,47,0.9259450835983024,0.0078620171366913,0.6624448932807223,0.5489168163214102,0.6436334105253959,5
GI,48,0.9261927975018679,0.00785384944267702,0.660463940122053,0.5531928440389473,0.6516334105253959,5
GI,49,0.9266689626160733,0.007729291423827814,0.6606633096684255,0.5516919481322471,0.6516334105253959,5
GI,50,0.9269579498075917,0.007757771257927465,0.660047846234572,0.5492119543078731,0.639633410525396,5
GI,51,0.9271586973473251,0.007751848177299794,0.6595449748398886,0.5349489405462562,0.6396334105253959,5
GI,52,0.9273257555754503,0.007736942073176838,0.6591328548251987,0.5341249928557807,0.635633410525396,5
GI,53,0.9274664085814092,0.007768138002977372,0.6608675090148812,0.5338387379273322,0.635633410525396,5
GI,54,0.9275995470116015,0.007805179090277943,0.6637252747664361,0.5330455044513182,0.635633410525396,5
GI,55,0.9277064419420761,0.007818824044337128,0.6643506193856472,0.5370964330093717,0.639633410525396,5
GI,56,0.9278020515320305,0.007857076640402855,0.6640704000081348,0.5371428716095802,0.6396334105253959,5
GI,57,0.9278939669737717,0.007868181217095689,0.6654706081480642,0.5369387410081661,0.6436334105253959,5
GI,58,0.9279708468969547,0.00789453376855153,0.6661473054561224,0.5378479112337515,0.6436334105253959,5
GI,59,0.9280458995899276,0.007907368849822115,0.6680544333480907,0.5348824697118155,0.6476334105253959,5
GI,60,0.9280984164082662,0.007920761631879106,0.6686280365284214,0.5365028105225536,0.6476334105253959,5
GI,61,0.9281471894155926,0.007937162613901174,0.6686268490755036,0.5351170690727345,0.6476334105253959,5
GI,62,0.9281828215189248,0.007951087425320622,0.6687940450903015,0.5396975660214188,0.6476334105253959,5
GI,63,0.9282128513826091,0.007958951481227309,0.6685114982306033,0.5366383880974457,0.6436334105253959,5
GI,64,0.9282428677694229,0.00797251809124448,0.6679431506044231,0.5387216284089951,0.6436334105253959,5
GI,65,0.9282709852969887,0.007997741915364683,0.6693958195606383,0.5448989014952526,0.6436334105253959,5
GI,66,0.9283365522892078,0.008008590037884188,0.6699869082808901,0.5449869241357883,0.6476334105253959,5
GI,67,0.9283609309932647,0.008018162989712608,0.669808474755919,0.5433700116893296,0.6476334105253959,5
GI,68,0.9284545992771346,0.007996594838170468,0.6692638515209508,0.5433848628031741,0.6476334105253959,5
GI,69,0.9284920657205223,0.007998674718690616,0.669447473765192,0.5433317260457555,0.6556334105253959,5
GI,70,0.928550175440205,0.008098274001398209,0.669576269773579,0.5431375277509252,0.6516334105253959,5
GI,71,0.9285445838122663,0.008106265998553465,0.6697819746316707,0.5409984903177701,0.6556334105253959,5
GI,72,0.9285708124555914,0.008134237937367781,0.6709047029743366,0.5415436204062842,0.6556334105253959,5
GI,73,0.9285876659721728,0.00816467420237795,0.6710121405340601,0.5455956860542752,0.6556334105253959,5
GI,74,0.9285839327728695,0.008187807563691658,0.6727312869790654,0.5428558467974944,0.6556334105253959,5
GI,75,0.928580310890396,0.008186042138199612,0.6731179141470306,0.543182776355971,0.6556334105253959,5
GI,76,0.9285504093222763,0.008186207023371288,0.6704999795710677,0.5525557317257728,0.6516334105253959,5
GI,77,0.9285843688080014,0.008129269040492607,0.6710260220290706,0.5538281702783908,0.6476334105253959,5
GI,78,0.9286357214157217,0.007990505113836551,0.6701183875527386,0.5576889807688975,0.6516334105253959,5
GI,79,0.9287613262751885,0.008080122816890058,0.6704716510484089,0.5631090545469298,0.6516334105253959,5
GI,80,0.9287819640333945,0.008153405250908276,0.6709925989976465,0.5619987284688318,0.6516334105253959,5
GI,81,0.9287950829711505,0.00817168270454735,0.67101725515309,0.5629928851207583,0.6556334105253959,5
GI,82,0.9288007050546945,0.008192210328892018,0.6728521351973835,0.564215145067053,0.6556334105253959,5
GI,83,0.9288999202912074,0.008142618699421454,0.6724364148714346,0.5603910359914173,0.6556334105253959,5
GI,84,0.9288718261094016,0.008142225267992659,0.6732756500712629,0.564566133816729,0.6556334105253959,5
GI,85,0.9288905295652512,0.008116809518846541,0.6728643072597081,0.5603796681684924,0.6556334105253959,5
GI,86,0.9288963948691707,0.008060084830926335,0.6749129502705924,0.5643626439324116,0.6596334105253959,5
GI,87,0.9289699188393132,0.008002855205572411,0.6743201701012378,0.5640938892629374,0.6556334105253959,5
GI,88,0.928996138993271,0.007957742358019102,0.6738319834942201,0.5617654290990327,0.6596334105253959,5
GI,89,0.9289892242974268,0.007851962676309335,0.6742211184361354,0.569864029777811,0.6516334105253959,5
GI,90,0.9291001772516237,0.007727229166155607,0.6755928425594497,0.5703068387000283,0.6516334105253959,5
GI,91,0.9290665368599947,0.007696393176042436,0.6741544382129472,0.5676783742564642,0.6476334105253959,5
GI,92,0.9290965880532147,0.007653882850738221,0.6728815157913492,0.5621961385922575,0.6436334105253959,5
GI,93,0.9294491260122004,0.007559931382864669,0.6739492064863226,0.5686585994894602,0.6476334105253959,5
GI,94,0.9296405290930302,0.007472124561605869,0.6776419441901533,0.56841302784434,0.6516334105253959,5
GI,95,0.9299683827307337,0.007307457766361921,0.6778521753755405,0.5709558835294285,0.6476334105253959,5
GI,96,0.9301967112700151,0.007234332103935944,0.6785014369094914,0.5728857770200306,0.6476334105253959,5
GI,97,0.9302378989214747,0.00721274515280358,0.6793223367129342,0.5706417934020281,0.6476334105253959,5
GI,98,0.9304512394826554,0.007065015361049529,0.6792152210548934,0.5737032090032038,0.6476334105253959,5
GI,99,0.9307187986619823,0.007019315884918574,0.6802125346126691,0.5777164890960769,0.6476334105253959,5
GI,100,0.9308534837487935,0.006980836845493736,0.6814093079407906,0.5791877684970843,0.6476334105253959,5
GI,101,0.930993936299565,0.0069199779706562705,0.683135468662354,0.5825191605473294,0.6516334105253959,5
GI,102,0.9311642237769225,0.006985096210332959,0.6819663519282899,0.5809043702628609,0.6516334105253959,5
GI,103,0.9311734380301544,0.006986298417235576,0.6805059876150681,0.5807108794939493,0.6556334105253959,5
GI,104,0.9311507944466719,0.007002836522407375,0.68135142230456,0.5767909317522018,0.6516334105253959,5
GI,105,0.9311768132965057,0.007026378892180407,0.6832650892642884,0.5839533523495506,0.6476334105253959,5
GI,106,0.9313694806563717,0.0071080973969243596,0.6845864359717057,0.5804619275878945,0.6556334105253959,5
GI,107,0.9315359951405163,0.007241238934222887,0.6840507980226844,0.5845494250732243,0.6556334105253959,5
GI,108,0.9314534371039643,0.007282756093761553,0.6837855128938373,0.5824759952143569,0.6556334105253959,5
GI,109,0.931410140905883,0.007356034485212535,0.6828872969048712,0.58150352724716,0.6596334105253959,5
GI,110,0.9318536535785877,0.007297326847535831,0.6829817861969293,0.5885576571600114,0.6636334105253959,5
GI,111,0.9319919173582158,0.007275120144970023,0.6837049189832803,0.5979852834823702,0.6596334105253959,5
GI,112,0.9319036493731675,0.00727274473044526,0.6819709451098932,0.600753898654736,0.6556334105253959,5
GI,113,0.9318621726587487,0.007263101835967219,0.6824757028900355,0.5967386639211665,0.6636334105253959,5
GI,114,0.9317403288012633,0.007217051676637017,0.6814333429098618,0.6017153643200703,0.6716334105253959,5
GI,115,0.931689572571601,0.007269661629748569,0.6814802959899579,0.6040636426121828,0.6716334105253959,5
GI,116,0.9315919505771104,0.007346809100944893,0.6813662801237815,0.6042118140604913,0.6676334105253959,5
GI,117,0.9315916450660019,0.0073672883093297255,0.6831887488862296,0.6072805880001804,0.6676334105253959,5
GI,118,0.9313891262197656,0.007391842092953027,0.681684942452504,0.6030293544887192,0.6716334105253959,5
GI,119,0.9313007696269452,0.007386016260549325,0.6823161991202609,0.6070624800879612,0.6756334105253959,5
GI,120,0.9310757908859127,0.007356308919000145,0.6831870799330823,0.6041998977209089,0.6756334105253959,5
GI,121,0.9309275289660928,0.007365937676679646,0.68178492838938,0.6056202755736162,0.6756334105253958,5
GI,122,0.930674389401721,0.007346391061756116,0.6806566199236954,0.6073831214053668,0.6716334105253959,5
GI,123,0.9303933542006227,0.007263163695051164,0.6807931497098412,0.6048641622557424,0.6676334105253959,5
GI,124,0.93053528528084,0.007289069678102838,0.680456867467528,0.601795698332686,0.6636334105253959,5
GI,125,0.9306789634728627,0.007447607053161198,0.6802125884978272,0.6070511496122581,0.6636334105253959,5
GI,126,0.9306542429656519,0.007565380699918806,0.6795060313174793,0.606224986773639,0.6796334105253959,5
GI,127,0.9305508436383111,0.007646460933250602,0.6772590619595773,0.6073599879008619,0.6796334105253959,5
GI,128,0.9304717919227192,0.007735071814864126,0.6779839885257193,0.6045598694048876,0.6796334105253959,5
GI,129,0.9303083499528617,0.007821147655315946,0.6777729940497099,0.6085855677132079,0.683633410525396,5
GI,130,0.9302946609540864,0.007986455823603826,0.6789672712955631,0.6081216121177672,0.683633410525396,5
GI,131,0.9302322167756563,0.008177515581071073,0.6782246114584904,0.6034330881784841,0.683633410525396,5
GI,132,0.9300706084030347,0.00828061976904484,0.6784561725318483,0.603868049116956,0.6916334105253958,5
GI,133,0.9298042151321997,0.008316870471030052,0.6786492403485169,0.6025322161012117,0.6796334105253959,5
GI,134,0.9295734752942325,0.008345898284854705,0.6778925520008237,0.5974273838867141,0.683633410525396,5
GI,135,0.9295372782235015,0.008539612791429676,0.6755008789622136,0.5969231858822323,0.6796334105253959,5
GI,136,0.9292987572436322,0.008651225608690973,0.6733409692436568,0.6002484135830999,0.6756334105253959,5
GI,137,0.9289777753243506,0.008754013493816203,0.6727858303500158,0.591504897452034,0.6756334105253959,5
GI,138,0.9286400086523632,0.00883014096350344,0.6745497044627455,0.5845942156586637,0.6676334105253958,5
GI,139,0.9283829258829627,0.008893971206744029,0.6761444337839996,0.592629164572396,0.6716334105253959,5
GI,140,0.9281202806678236,0.008941903181750487,0.6743150307384582,0.592781806111705,0.6676334105253958,5
GI,141,0.9277825373415967,0.009019778111956743,0.6756328506729768,0.5925892627894915,0.6716334105253959,5
GI,142,0.9276941084830364,0.00918004693992736,0.6744774983265653,0.5916410508867266,0.6716334105253959,5
GI,143,0.9273639038211556,0.009250830982843723,0.6735936596386048,0.5936031234374175,0.6676334105253959,5
GI,144,0.9270563476241435,0.009265635037152178,0.6730423843837693,0.5899106171817842,0.6636334105253959,5
GI,145,0.9267842479066758,0.009304385244695896,0.6705595722451656,0.5928933569229654,0.6556334105253959,5
GI,146,0.9264972850048082,0.009285093794097395,0.6688646638808708,0.5870374995374995,0.6636334105253959,5
GI,147,0.9261356806136998,0.009186550765718473,0.6674233564372124,0.5900729463456822,0.6676334105253958,5
GI,148,0.9260284554468343,0.008707243597623844,0.6670421091153563,0.5808712282695554,0.6716334105253958,5
GI,149,0.9256555912894251,0.00862508274784862,0.6671535913304257,0.580375144868394,0.6756334105253959,5
GI,150,0.9252411771968037,0.008636849878495563,0.6664953188280108,0.5773387945044376,0.6716334105253958,5
GI,151,0.9249164996436694,0.008695996487903562,0.6646530444748195,0.5790245901168306,0.6636334105253959,5
GI,152,0.9246103978875228,0.008811143382609002,0.6643456087260968,0.5775336606567956,0.6596334105253959,5
GI,153,0.924224063120314,0.00883511372688884,0.662945715250172,0.5812059230475333,0.6636334105253959,5
GI,154,0.9240291328134571,0.008747124747460996,0.6630106755703286,0.5818671241475191,0.6516334105253959,5
GI,155,0.9238414639931017,0.008730236916820856,0.6638597928482406,0.5826934262783133,0.6556334105253958,5
GI,156,0.9234233813264862,0.008684927889517188,0.6615967562526429,0.5808617141150222,0.6476334105253959,5
GI,157,0.9230395083696992,0.00850651812335463,0.6623132741046766,0.5829310503511682,0.6436334105253959,5
GI,158,0.9225427580252484,0.008413810870963642,0.6595527422502449,0.5800087419605557,0.6436334105253959,5
GI,159,0.9220891231614712,0.008346409271777414,0.657277473990555,0.5843534702972601,0.6396334105253959,5
GI,160,0.9221146398652245,0.008701597928728164,0.6587288706098744,0.5835173910514201,0.6436334105253959,5
GI,161,0.921752663533708,0.008684726085666799,0.6584273164263766,0.586246474300785,0.6396334105253959,5
GI,162,0.9211808364077048,0.008637686831344592,0.6568888480388194,0.5836035487432586,0.6356334105253959,5
GI,163,0.9205734246127092,0.008566474809385358,0.655655631844391,0.5828068969756501,0.6316334105253959,5
GI,164,0.9199717966237063,0.008460638060599242,0.6536012811404627,0.5829323587246279,0.6396334105253959,5
GI,165,0.9193794565331974,0.008400285215206176,0.6525064874268579,0.575698233316471,0.6476334105253958,5
GI,166,0.9188225776975022,0.008394606424811744,0.6510145569932854,0.5794407513865173,0.6476334105253959,5
GI,167,0.9182300575262878,0.00836963767342696,0.6493887664150823,0.578093865381428,0.6476334105253959,5
GI,168,0.9175776519780874,0.008315879722841188,0.6523539709578061,0.5873743433433051,0.6516334105253959,5
GI,169,0.916981895023327,0.00816037263353158,0.6504329957529826,0.5884152241541656,0.6516334105253959,5
GI,170,0.9162287618578157,0.007956375946374775,0.6496282516373416,0.5814918605241186,0.6636334105253959,5
GI,171,0.9158670980411356,0.008120492339944097,0.6500322023217482,0.5873269023331716,0.6556334105253959,5
GI,172,0.9151793957196143,0.008000710178322124,0.6478564543716987,0.5842616411145102,0.6516334105253959,5
GI,173,0.914530904088125,0.008005678888825859,0.6460422231442775,0.5906063324264179,0.6476334105253959,5
GI,174,0.9139326355540266,0.007866604764154413,0.6464736370337942,0.5873681671409974,0.6516334105253959,5
GI,175,0.9130235910181049,0.007766772424894039,0.645695401580262,0.5876985768600862,0.6556334105253958,5
GI,176,0.9121031982142276,0.007777620962252363,0.6427308891441296,0.5841596896005805,0.6596334105253959,5
GI,177,0.9113456165140947,0.007985671027823946,0.6427229511078274,0.5840306292657489,0.6596334105253958,5
GI,178,0.9105974168383163,0.0080308991246503,0.64076205365806,0.5799718292604072,0.6436334105253959,5
GI,179,0.909871749641425,0.00787468423934253,0.6398586551959737,0.5767618502270803,0.6356334105253959,5
GI,180,0.9100701639846527,0.007914376785156135,0.6408100517078288,0.5720403094280627,0.6556334105253959,5
GI,181,0.9091596383724753,0.007716441681196208,0.6370917805053711,0.5737516492799313,0.6476334105253959,5
GI,182,0.9082465900386655,0.007704451487731349,0.6340955677891845,0.5705989766523426,0.6436334105253959,5
GI,183,0.9071219179059922,0.007581553742626187,0.6335630932906491,0.5662163211502695,0.6396334105253959,5
GI,184,0.9059506928416784,0.007379430537355157,0.6283057067322394,0.5615024789472549,0.6436334105253959,5
GI,185,0.9048052263219712,0.007294667319530592,0.6251827567516293,0.5610654557142645,0.6396334105253959,5
GI,186,0.9037999796382523,0.007304621089148044,0.6217918382372988,0.5625093425340651,0.6316334105253959,5
GI,187,0.9027346164545206,0.007418167591500762,0.6187004430799152,0.5601635532280531,0.6356334105253959,5
GI,188,0.9016152162189872,0.007464208536174312,0.6160999623947682,0.54926693237183,0.6236334105253959,5
GI,189,0.9004021306147323,0.007375117342042395,0.6141664449392016,0.5434305063056856,0.6196334105253959,5
GI,190,0.8990225375300606,0.007272584752738826,0.6119283041149932,0.5401030899538688,0.6156334105253959,5
GI,191,0.8974854067244238,0.007232721582848652,0.6090093827003831,0.5355604337856759,0.6116334105253959,5
GI,192,0.8957137318891816,0.007203842417861769,0.6072485294920897,0.540255838732729,0.6156334105253959,5
GI,193,0.8949792316116536,0.006345473466454482,0.6066723211838341,0.5364817656432663,0.6116334105253959,5
GI,194,0.8932746597074228,0.006039345538553462,0.6055770103815785,0.5243843846126853,0.6236334105253959,5
GI,195,0.890985376894909,0.00598873149095472,0.5999047738402465,0.524595146477844,0.6156334105253959,5
GI,196,0.8882778604111575,0.005965813731156699,0.596243834226436,0.5327876409458301,0.6156334105253959,5
GI,197,0.8852823591179403,0.005921973442180757,0.5881658043376203,0.515348979567191,0.6036334105253959,5
GI,198,0.8815948112816816,0.006106464019043624,0.5822725440573502,0.5099236447763121,0.6036334105253959,5
GI,199,0.8768738867123211,0.00688191217099491,0.5754783552543553,0.5053426597079437,0.5996334105253959,5
GI,200,0.8674164036607597,0.008733961567306735,0.5607253294534646,0.49499995631957905,0.5916334105253959,5
QUC,1,0.8312733497128508,0.018801736416590685,0.3782989040758843,0.2870242140489932,0.3070929919405131,5
QUC,2,0.8641254405947555,0.017182061628007894,0.48252328656975746,0.45928380903209315,0.4750929919405132,5
QUC,3,0.8819068918892906,0.015056042492475868,0.5165849324746203,0.5381831118646115,0.3990929919405132,5
QUC,4,0.8916154591277999,0.013457179526117878,0.5462661582093917,0.5783096834628212,0.4110929919405132,5
QUC,5,0.8984136010861008,0.011848958372443794,0.5591864564239117,0.572909512175519,0.4630929919405132,5
QUC,6,0.9037786789634976,0.011214669088540298,0.5733603149943305,0.5852974998048962,0.4590929919405132,5
QUC,7,0.908950184884894,0.011066578246251336,0.5920019623037381,0.5960240475266367,0.4750929919405132,5
QUC,8,0.912747449804218,0.01088713349218595,0.6137601355025731,0.6088022607782987,0.5430929919405132,5
QUC,9,0.9160764486772873,0.01062046499376479,0.6246740569720148,0.6214530799602742,0.5510929919405132,5
QUC,10,0.9189695691110609,0.010261813219563418,0.6351726825405846,0.6313233205583939,0.5750929919405131,5
QUC,11,0.9215632659306129,0.010052394201663173,0.6465117480662258,0.635972427448308,0.6030929919405131,5
QUC,12,0.9238312416277468,0.009981539101432802,0.6554501093419942,0.6471924188360056,0.6150929919405131,5
QUC,13,0.9262461644481317,0.00913231944713979,0.6624429001824877,0.6473653464128187,0.6110929919405131,5
QUC,14,0.9281240732546847,0.00865680117824603,0.67166864168654,0.6516678722860978,0.6590929919405132,5
QUC,15,0.9303873319382314,0.008770173076726118,0.6805940232873746,0.6588483791180069,0.6590929919405132,5
QUC,16,0.9319492313098914,0.008522071372278055,0.6858297053303926,0.6620513883894826,0.6630929919405132,5
QUC,17,0.9333814811345904,0.008208499734256901,0.6974128534610378,0.6663347930379394,0.6750929919405132,5
QUC,18,0.9347242971475822,0.008032834300133527,0.7021472177656226,0.6724342806097114,0.6750929919405132,5
QUC,19,0.9359666523569083,0.007805605746418535,0.7045543839146823,0.673459673406113,0.6750929919405132,5
QUC,20,0.93712140139282,0.007624639150331482,0.7085214814927657,0.6777647441272754,0.6830929919405132,5
QUC,21,0.9384495793498931,0.00716917956077633,0.7176242346937209,0.6807229468320954,0.6830929919405131,5
QUC,22,0.9395283877090321,0.00705895984918657,0.7210736246837628,0.6805669756192437,0.6870929919405132,5
QUC,23,0.940479569608043,0.006841136210164778,0.7236897552775843,0.6841411193295219,0.6950929919405132,5
QUC,24,0.941272607262005,0.006742752408515054,0.727180064368639,0.6816796261301554,0.6990929919405132,5
QUC,25,0.9420792197132245,0.006639770572354508,0.7269238609800253,0.6860187023322253,0.6870929919405132,5
QUC,26,0.9428287634307015,0.006505622095622536,0.7298554522200231,0.6896720302203472,0.6870929919405132,5
QUC,27,0.9434720886435283,0.0064040117097419955,0.7310007749398661,0.6923193557351184,0.6870929919405132,5
QUC,28,0.9440986630203071,0.0063653493271112385,0.7324715110519684,0.6911291641671914,0.6910929919405132,5
QUC,29,0.9446697719415885,0.006355980692307824,0.7345327776620517,0.6959982446097434,0.6910929919405132,5
QUC,30,0.9451753586838528,0.006330629184111841,0.7351587421085679,0.6975275342647694,0.6830929919405132,5
QUC,31,0.9456757654902936,0.006317038693651131,0.7377238446628717,0.6926976975767111,0.6990929919405132,5
QUC,32,0.946181296987912,0.006275714897554071,0.7401944653020259,0.6952694102792901,0.7030929919405132,5
QUC,33,0.9466398167289176,0.006256645525837582,0.7434076375305597,0.6978098384944772,0.7030929919405131,5
QUC,34,0.947064635206994,0.006222165722465332,0.7460885004073174,0.6997928670762752,0.7070929919405131,5
QUC,35,0.9475029709974627,0.006192986586219638,0.7493669585768828,0.6963362244438106,0.7070929919405131,5
QUC,36,0.947953234432466,0.0061741357500759795,0.7513171991397642,0.7007123623382256,0.7070929919405131,5
QUC,37,0.9484473296966092,0.006233197521845444,0.7542971026874931,0.702302021338409,0.7190929919405132,5
QUC,38,0.9488033033704717,0.00619741522017222,0.7555435952870531,0.7069636768778929,0.727092991940513,5
QUC,39,0.9491474987759126,0.006167492693273885,0.7546290534698924,0.7077950385144798,0.7230929919405131,5
QUC,40,0.9494931986363531,0.006071835029192044,0.7565181574598546,0.704153826309229,0.727092991940513,5
QUC,41,0.9500531409112691,0.005746398169490715,0.7578964332592085,0.7053802509591441,0.723092991940513,5
QUC,42,0.9503502918021779,0.0056819953477687795,0.7587472886425025,0.7101856611674798,0.723092991940513,5
QUC,43,0.9505971224711522,0.005652244836404984,0.7574135271385136,0.7095262278640402,0.723092991940513,5
QUC,44,0.9508827843777687,0.005670359868169473,0.760262109495596,0.7106350112997148,0.7350929919405131,5
QUC,45,0.9511330662097883,0.005653880060224746,0.761146337330982,0.7050117563494803,0.7350929919405131,5
QUC,46,0.951378286372641,0.005650613365173346,0.7610365705790445,0.7075352814435979,0.739092991940513,5
QUC,47,0.9515664741524745,0.005651546058357006,0.7631852460874067,0.7096252172831392,0.743092991940513,5
QUC,48,0.9517630417885016,0.005625822512995594,0.7631813563891894,0.7086213281800897,0.7430929919405133,5
QUC,49,0.9519461498506111,0.005623094904535116,0.7628792516634334,0.7103757500388025,0.7390929919405133,5
QUC,50,0.9521611932067826,0.005602087196522959,0.7648090338755622,0.7073167164359951,0.7350929919405131,5
QUC,51,0.9523610951340522,0.0056417223329687195,0.7633232619028462,0.7095707011188223,0.7350929919405131,5
QUC,52,0.952520579748626,0.00564098699093044,0.7638672330806374,0.7100775982641092,0.7390929919405131,5
QUC,53,0.9526566516230549,0.0056271792572277005,0.7647258248328683,0.7100241704294126,0.7390929919405131,5
QUC,54,0.9528078321684665,0.005606563592066047,0.7665962637149214,0.7123466777052849,0.743092991940513,5
QUC,55,0.952943869340635,0.005589877341121757,0.7665261982241364,0.7124912854017685,0.7470929919405132,5
QUC,56,0.9531051957111074,0.0055636948871677335,0.7662252915108125,0.714579964181672,0.7470929919405132,5
QUC,57,0.9532395188198606,0.005550080507596818,0.7687821221453394,0.7132707558255756,0.7430929919405131,5
QUC,58,0.953390689094079,0.005536780231877723,0.7702483793958718,0.7177432891425495,0.751092991940513,5
QUC,59,0.9536127108592506,0.005368817380735645,0.770638604665751,0.714249573017724,0.743092991940513,5
QUC,60,0.9537083609828135,0.0053630532053336915,0.7705562004938113,0.7142054970035258,0.743092991940513,5
QUC,61,0.9537972534223511,0.005353328450914117,0.7720383909860169,0.7142683235857052,0.7470929919405132,5
QUC,62,0.9538862558016928,0.005374428363149396,0.7709593239781894,0.7183795880408429,0.7470929919405132,5
QUC,63,0.9539517330072569,0.005369567049503369,0.7715097520852161,0.7191808125050492,0.7470929919405132,5
QUC,64,0.9540273149531109,0.005365520001518303,0.7733573923256459,0.7153751676467881,0.7430929919405133,5
QUC,65,0.9541045659889269,0.005372879058658578,0.7743576489430289,0.7158441619146358,0.7430929919405133,5
QUC,66,0.9542205999497375,0.005406902538878504,0.774083361157813,0.7202301704692952,0.7350929919405133,5
QUC,67,0.9543720461935763,0.0053021350719794046,0.7749800519252171,0.7205317674368112,0.7430929919405133,5
QUC,68,0.9544915307679442,0.005238246878682623,0.77608578815949,0.720485528615258,0.7510929919405133,5
QUC,69,0.9545840737077498,0.005186916638395351,0.7750888935832275,0.7231171075626265,0.7470929919405132,5
QUC,70,0.9546563916122478,0.0051570099308818566,0.7744286347137873,0.7223369170869438,0.7470929919405132,5
QUC,71,0.9547520919927995,0.00514218672232149,0.7762821321257419,0.7232040735656252,0.7470929919405132,5
QUC,72,0.9548711182099057,0.005164344374596708,0.7777176060396973,0.7252429208064326,0.7470929919405132,5
QUC,73,0.9549265073288836,0.005163435242033694,0.7768960646838493,0.7279166554072269,0.7430929919405133,5
QUC,74,0.9550343010879075,0.0052694402193480625,0.7780741830739876,0.7294584698507725,0.7470929919405132,5
QUC,75,0.9550628507347632,0.0052662904256243846,0.7789307261946371,0.7255697463885492,0.751092991940513,5
QUC,76,0.9551367480359267,0.005265285055508989,0.7795380103786178,0.7259827479553949,0.751092991940513,5
QUC,77,0.9551602751540452,0.005269432267946407,0.7800808918095596,0.7243173982025641,0.751092991940513,5
QUC,78,0.9551770490263077,0.0052617209101686775,0.7809895703485388,0.7245894181476957,0.751092991940513,5
QUC,79,0.9552107355798745,0.005278751712820428,0.7801293522038698,0.7264378834269667,0.751092991940513,5
QUC,80,0.9552107330860459,0.00527674682186846,0.7803211319743306,0.7269308328285546,0.751092991940513,5
QUC,81,0.9552157781015094,0.005275551499315156,0.7808105513665403,0.7264636732871426,0.751092991940513,5
QUC,82,0.9552359670397035,0.0052818632627033135,0.781089582689963,0.7251264080171307,0.751092991940513,5
QUC,83,0.9552527550718407,0.005303990978823745,0.7807551551608102,0.7248856463657287,0.751092991940513,5
QUC,84,0.9553130759272837,0.005264863874615348,0.7823818708293665,0.726453886666037,0.7630929919405132,5
QUC,85,0.9554864534079449,0.00528325620139823,0.7822807694558193,0.7277749285806848,0.759092991940513,5
QUC,86,0.9554915150771123,0.005286186877978891,0.7816104097256441,0.7285481568988234,0.759092991940513,5
QUC,87,0.9555635384139454,0.005328950463404596,0.7826782368240892,0.7280588300599196,0.759092991940513,5
QUC,88,0.9555668957414021,0.005324502888210864,0.7820916482934958,0.7285376911470636,0.759092991940513,5
QUC,89,0.9555618648858133,0.005321605373358819,0.7815130606116438,0.7288416302752259,0.7550929919405132,5
QUC,90,0.9555752922512994,0.005327091234251811,0.7816330319220055,0.7292733604083204,0.7550929919405132,5
QUC,91,0.9555769618907494,0.005333197880541587,0.7810159197631811,0.7296143099222434,0.7550929919405132,5
QUC,92,0.9555735223937504,0.005352009572719391,0.7817266863929941,0.7300474624720195,0.7550929919405132,5
QUC,93,0.9555937507682526,0.005398733367120461,0.7810976159875697,0.7305446230848986,0.751092991940513,5
QUC,94,0.9555937155165044,0.005423301884742717,0.782385087225364,0.7282496511119362,0.7550929919405132,5
QUC,95,0.9556036847869468,0.005428759930347051,0.7822291852331724,0.7292097461413307,0.751092991940513,5
QUC,96,0.9555851121878979,0.005435223230810868,0.7821747379958612,0.7284334026459541,0.751092991940513,5
QUC,97,0.9555614945733852,0.005445262395758009,0.7813010260434574,0.7279025565988471,0.7470929919405132,5
QUC,98,0.9555462484882147,0.00543761349633331,0.7831462721896294,0.7284409896172249,0.747092991940513,5
QUC,99,0.9555176558122469,0.005454679389818112,0.7826836537043989,0.728917484711286,0.747092991940513,5
QUC,100,0.9554873465790349,0.005466316443136461,0.7822397346462678,0.7297405921884378,0.747092991940513,5
QUC,101,0.9554553935322938,0.005465665851071083,0.7814583548044273,0.7280738241862931,0.747092991940513,5
QUC,102,0.9554369383545351,0.005481949215901412,0.7819867095198803,0.728917484711286,0.747092991940513,5
QUC,103,0.9553831405941471,0.0055032542486466735,0.781405952642014,0.728919850704369,0.747092991940513,5
QUC,104,0.9553226256850167,0.005520128542793956,0.7816655012997685,0.7208415409942261,0.7510929919405132,5
QUC,105,0.9553226575975703,0.005542153448299716,0.7817989027325221,0.7212131013290675,0.7510929919405132,5
QUC,106,0.9552587159564624,0.005552801204299896,0.7817097735461898,0.7200757781274038,0.755092991940513,5
QUC,107,0.9552452494505459,0.005533920260017508,0.7801293106452427,0.7178828859443763,0.7470929919405132,5
QUC,108,0.9552385961269112,0.005579847260660164,0.7800742468601009,0.7195766480400299,0.7470929919405132,5
QUC,109,0.9551712996521748,0.005621979840837364,0.7808587086028155,0.7200920288427215,0.7470929919405132,5
QUC,110,0.9551376919289561,0.005658575944914745,0.7816033988568654,0.7170966307600268,0.751092991940513,5
QUC,111,0.9550955677807209,0.0056507496105948135,0.7822250751872882,0.7185385693257865,0.7510929919405132,5
QUC,112,0.9550768730263337,0.005647754841358024,0.7826982075740414,0.7182065236997144,0.7470929919405132,5
QUC,113,0.9550950550241788,0.005706125129811184,0.7822308352207761,0.7188241538015504,0.7550929919405132,5
QUC,114,0.9551801376120208,0.005855548625767706,0.7844325883815182,0.7190732928862673,0.759092991940513,5
QUC,115,0.9552217426212033,0.005987521739988978,0.7863163062294867,0.7217174275392103,0.7550929919405133,5
QUC,116,0.9552437211562346,0.006093036442956853,0.7864736382050246,0.722925494609657,0.7550929919405133,5
QUC,117,0.955275881063953,0.006017422803053623,0.7867926600052243,0.7220157981898314,0.7470929919405133,5
QUC,118,0.9552743422025708,0.005998518229136787,0.7857948938885099,0.7224331075565987,0.7430929919405131,5
QUC,119,0.9552641855568293,0.005973903715209978,0.7848935171300959,0.7219635132862093,0.7430929919405131,5
QUC,120,0.9552204997646074,0.0059852730616618,0.7848692533489745,0.7241847718314349,0.7430929919405131,5
QUC,121,0.9551364816189384,0.006000683976685835,0.7853478628560235,0.7241500099356369,0.7430929919405131,5
QUC,122,0.9550457366028219,0.006014252312083825,0.7860760025137689,0.7183830621972072,0.7470929919405132,5
QUC,123,0.9549634550072948,0.006016964342314346,0.7852736403024159,0.71659041829949,0.7430929919405131,5
QUC,124,0.9548879433113274,0.005991495171948765,0.7849656306261006,0.7190741440342991,0.7390929919405131,5
QUC,125,0.9548410489760052,0.006006429951267348,0.7841737224296282,0.7211467592038019,0.7350929919405133,5
QUC,126,0.9548825876239831,0.0059381259057582885,0.7837230110561297,0.7198757425862079,0.7390929919405131,5
QUC,127,0.9548758107501568,0.005917512480203637,0.7879463655190447,0.723275262688883,0.7430929919405133,5
QUC,128,0.9548185657154056,0.005950749418824184,0.7863877219499328,0.7195615412936777,0.7390929919405133,5
QUC,129,0.9547059396349183,0.005979400895834071,0.7862499885065326,0.7182634270001308,0.7470929919405133,5
QUC,130,0.9546117878797222,0.00595105468165345,0.7849115014361846,0.7195238267002655,0.7510929919405132,5
QUC,131,0.9545996609402332,0.0060112915048562586,0.7822748361367339,0.7215800209400032,0.7430929919405131,5
QUC,132,0.95472133906942,0.006239511800897307,0.784709865942619,0.7206234401346748,0.747092991940513,5
QUC,133,0.9546421952176191,0.00628729444014493,0.785324122957858,0.7214460621769814,0.747092991940513,5
QUC,134,0.9545176873114167,0.006349545456226762,0.7838276275034579,0.7192029374422317,0.747092991940513,5
QUC,135,0.9544149460916108,0.006420949902682372,0.7835590066694411,0.7177265183526657,0.747092991940513,5
QUC,136,0.9542551924816838,0.00648790238003134,0.7829275464435249,0.7156899926845173,0.747092991940513,5
QUC,137,0.9541914806954989,0.006489093276054567,0.7829602169902555,0.7152005068616981,0.751092991940513,5
QUC,138,0.9540182469692684,0.006570107000066799,0.7815380466191579,0.7141626374186434,0.7550929919405132,5
QUC,139,0.9539007241081864,0.00669136458676477,0.7789795233215916,0.7172364967275819,0.7470929919405132,5
QUC,140,0.9537645831251144,0.006786503339396793,0.7776629984343277,0.7149809464038785,0.7430929919405133,5
QUC,141,0.9537714835068639,0.006711549621225018,0.7751219119423641,0.7107685042835208,0.7390929919405131,5
QUC,142,0.9537141612902277,0.006686926735025426,0.7764462311359578,0.712774691978904,0.7390929919405131,5
QUC,143,0.953606582423155,0.006708000635606384,0.776079934445875,0.7084230560062796,0.7390929919405133,5
QUC,144,0.9534536164654662,0.006735675654262677,0.7766542469045492,0.70984708786536,0.7390929919405131,5
QUC,145,0.9532822009094325,0.006751774733791353,0.7762086506171672,0.7074755685476654,0.7350929919405131,5
QUC,146,0.953070451605098,0.00684061270149359,0.772876713020586,0.7094575231402336,0.7390929919405133,5
QUC,147,0.952922562321817,0.006878990462091513,0.773852007655477,0.7086328623478317,0.7390929919405131,5
QUC,148,0.9527123965987082,0.006919033655783823,0.7736348792376931,0.7103886682455117,0.7350929919405133,5
QUC,149,0.9525948453756083,0.00693479885299448,0.7729871639851303,0.7114918859077617,0.7350929919405133,5
QUC,150,0.9523999079427228,0.006976703724733491,0.773156912792403,0.7091351781388877,0.7310929919405131,5
QUC,151,0.9521880731296518,0.0070679932563397375,0.7709418080661442,0.7111751183830106,0.7310929919405131,5
QUC,152,0.9522251072467018,0.0071140946544950845,0.7742952852102851,0.7099239836384088,0.7270929919405131,5
QUC,153,0.9520330854799834,0.0072880376544550195,0.774376394330821,0.7090390272018131,0.7270929919405131,5
QUC,154,0.9518817728039191,0.007384620295988857,0.7731332032042975,0.7113907054391412,0.7310929919405132,5
QUC,155,0.9519536368315931,0.00747146914864592,0.773214687563968,0.7097527811924068,0.7270929919405131,5
QUC,156,0.9519255983350849,0.007344049926302296,0.7721733366872883,0.706068982190968,0.7230929919405132,5
QUC,157,0.9517251606150587,0.00735909954730877,0.772297490741927,0.7035037998145601,0.7230929919405132,5
QUC,158,0.9514577695542185,0.007440732647324957,0.7728781533061149,0.7023568488066896,0.7310929919405131,5
QUC,159,0.9512781282098824,0.00759144557011633,0.7711665341260832,0.7031712124020217,0.7190929919405131,5
QUC,160,0.9511132073868852,0.007664614660327452,0.771155884073785,0.7029022187137292,0.7150929919405132,5
QUC,161,0.9509049411581497,0.007752282141788306,0.7683055020152857,0.7049872619098814,0.7190929919405132,5
QUC,162,0.9507431916821639,0.007902546333032097,0.767690332176697,0.7020794906113157,0.7150929919405131,5
QUC,163,0.9504573096423293,0.007964367306851967,0.765833998376198,0.6992651379525013,0.7150929919405131,5
QUC,164,0.9503636156526388,0.008182263729056574,0.7678727627763664,0.6997597877970272,0.7110929919405131,5
QUC,165,0.9501966082558473,0.00812145008702098,0.7654314618196267,0.6990053742967985,0.7110929919405132,5
QUC,166,0.9499462872833975,0.008093255695191837,0.7624054428040521,0.6974840912699494,0.7070929919405132,5
QUC,167,0.9499282713153683,0.007968965619173056,0.7616962235415313,0.697258129900493,0.7110929919405132,5
QUC,168,0.9495450128730212,0.008049728089382074,0.7607358904478445,0.6962858702812212,0.7150929919405132,5
QUC,169,0.9492325628925148,0.008028339020946934,0.7590712769147578,0.6925626556322847,0.7110929919405132,5
QUC,170,0.9489957706026256,0.007996165181572822,0.7592689413924629,0.6934694885089059,0.7030929919405132,5
QUC,171,0.9486340559237503,0.008047902543449632,0.7575190753533065,0.6933227448429957,0.7030929919405132,5
QUC,172,0.948382323148377,0.008045769015221868,0.7582018281415517,0.693709088355106,0.7070929919405132,5
QUC,173,0.947936437354916,0.00820626428362288,0.7562810678969655,0.6949985958940682,0.7070929919405132,5
QUC,174,0.9474874821232742,0.008248569029378533,0.7570993761880794,0.692776270533831,0.7190929919405132,5
QUC,175,0.9470623219061292,0.008191021468919372,0.7564339874482426,0.6919104878301786,0.7190929919405132,5
QUC,176,0.9465798086587697,0.008195593584826029,0.7545860379131738,0.6901432433264185,0.7230929919405132,5
QUC,177,0.946149806356188,0.008283904190553651,0.7490702125878178,0.689034966505349,0.7190929919405132,5
QUC,178,0.9455885570614224,0.00835903907324075,0.7453222962971957,0.6846608934479058,0.7190929919405132,5
QUC,179,0.9452346536880653,0.0084911415491733,0.7430513154331492,0.687065650894261,0.7030929919405132,5
QUC,180,0.9448879963664764,0.008544585745264949,0.7415923506806166,0.6835388266688986,0.7030929919405132,5
QUC,181,0.9445100561617746,0.008492529575455448,0.7438183340208202,0.6813818274227416,0.7230929919405132,5
QUC,182,0.9443495954880083,0.008693430367704204,0.7434769698406374,0.6820663100406675,0.7150929919405131,5
QUC,183,0.94376133490055,0.008818394172131757,0.7422950497833533,0.6794888934927843,0.7150929919405131,5
QUC,184,0.9431633753905878,0.00891237075797446,0.7415151593709014,0.6779219541014581,0.7110929919405131,5
QUC,185,0.9425667002446755,0.009075297591974169,0.7402966088331072,0.6769527900531743,0.7070929919405132,5
QUC,186,0.942059327836524,0.009242135370591922,0.7396545925886718,0.679325563091253,0.7150929919405132,5
QUC,187,0.9411101215570644,0.00946773540213035,0.7373414598696699,0.6766062150869158,0.7030929919405132,5
QUC,188,0.9406018638819923,0.009563400748471366,0.7341544825214033,0.6786977511294183,0.7070929919405132,5
QUC,189,0.9398969010298999,0.010017288706717626,0.7315484789256177,0.6740500783809248,0.7030929919405132,5
QUC,190,0.9389610601506234,0.010219803530852467,0.7261484268347658,0.674740516317655,0.7030929919405132,5
QUC,191,0.9381562112589787,0.011144845141092853,0.7252559896650796,0.6681958148709225,0.6950929919405132,5
QUC,192,0.9377542089887679,0.01079422945761186,0.723952236714317,0.6679313320851282,0.6950929919405131,5
QUC,193,0.9364396644127924,0.010916871335879728,0.7209145416586507,0.6655605757518932,0.6910929919405132,5
QUC,194,0.9348263115219921,0.011008477391531043,0.7190837370531928,0.6599721131130808,0.6830929919405131,5
QUC,195,0.9334645720409336,0.010816932911024101,0.7118721488498595,0.6594224804247073,0.6870929919405132,5
QUC,196,0.9315646786127164,0.01081024014578117,0.7055158066726481,0.6582501953317833,0.6910929919405132,5
QUC,197,0.9295029479595579,0.011532359129507414,0.6987595325968826,0.6563740489636045,0.6830929919405132,5
QUC,198,0.9263495311539905,0.01254580421874597,0.688909808404228,0.6529040992640949,0.6790929919405132,5
QUC,199,0.9204940608831217,0.01656016819904422,0.6858610421881931,0.6551436487354882,0.6670929919405132,5
QUC,200,0.9106356326304622,0.01917616616006485,0.6807987083372325,0.6512902359389138,0.6830929919405132,5
QUO,1,0.8507824297589333,0.012881753253635263,0.5592060055461497,0.11397424457425151,0.346013616520955,5
QUO,2,0.892222626495893,0.01168505079362585,0.6352414439651547,0.35350779056927956,0.45001361652095506,5
QUO,3,0.910094298871017,0.01099294709084692,0.7002740248413526,0.46038216134201715,0.546013616520955,5
QUO,4,0.9206232273784654,0.011573288454183745,0.7360145705223117,0.5093421535242163,0.5860136165209551,5
QUO,5,0.9280828694995845,0.011364103336768717,0.7652640728136534,0.5428504828504829,0.638013616520955,5
QUO,6,0.9349594371609449,0.010820967281490604,0.800483299836622,0.6154377178437972,0.674013616520955,5
QUO,7,0.9405974542537112,0.009453620752842737,0.8151175251448217,0.6509915835647645,0.6900136165209549,5
QUO,8,0.9448562203039831,0.008422703265768775,0.8266002465962631,0.6758871893935807,0.698013616520955,5
QUO,9,0.9481659015727943,0.008173444388690266,0.8369997031834145,0.6881661886032553,0.706013616520955,5
QUO,10,0.95095398502867,0.008172132005000783,0.8485242934922171,0.7118530259834286,0.714013616520955,5
QUO,11,0.9532901013968249,0.008003731423404086,0.8554674668162887,0.7279078402446839,0.722013616520955,5
QUO,12,0.955161879991904,0.007823309537385501,0.8589574035281065,0.7373492067933671,0.726013616520955,5
QUO,13,0.9567542333254829,0.007533376669089704,0.8620860164181178,0.7421863525468633,0.726013616520955,5
QUO,14,0.9581103812665595,0.00724833853896712,0.8680790358215413,0.7475944451840629,0.730013616520955,5
QUO,15,0.9592282823342625,0.006982503733401077,0.8713192536033448,0.7493457497869429,0.726013616520955,5
QUO,16,0.9602279260406272,0.00668858918334237,0.875568532600455,0.7531684665949052,0.726013616520955,5
QUO,17,0.9611163961643154,0.006442641268835352,0.8772132326558513,0.7569636373584906,0.726013616520955,5
QUO,18,0.9618482609076914,0.006245624091824171,0.8795024173523043,0.7635244185751973,0.726013616520955,5
QUO,19,0.9625189482350553,0.006130354059629768,0.8815519604602562,0.7675759251478155,0.730013616520955,5
QUO,20,0.9632042775182528,0.005872162499919237,0.8839364144055747,0.7726599798267282,0.734013616520955,5
QUO,21,0.9639405971411475,0.005601266043198244,0.887452454797064,0.7770588440993403,0.742013616520955,5
QUO,22,0.9645170410909735,0.0054563676564057615,0.8897810007371929,0.7798632019740417,0.738013616520955,5
QUO,23,0.9650469448994817,0.005321292085155867,0.8908742517386212,0.7840724803538375,0.738013616520955,5
QUO,24,0.9656176741356596,0.005254118379852644,0.8926878375462703,0.7906048819915312,0.742013616520955,5
QUO,25,0.966079503426071,0.00517373728080212,0.8935705583023275,0.7913611552416231,0.734013616520955,5
QUO,26,0.9665277670605128,0.0050645806328642835,0.89510649129087,0.7954977685843057,0.738013616520955,5
QUO,27,0.9669748093832361,0.004973941301361042,0.8945028543348539,0.7923509111179504,0.738013616520955,5
QUO,28,0.9674309401758785,0.0049009403410396005,0.8966619803222355,0.8004107720747898,0.742013616520955,5
QUO,29,0.9677667808032293,0.0048489025648605424,0.8973604318624957,0.8048824161351975,0.742013616520955,5
QUO,30,0.9680459401967315,0.004796664472408802,0.8988057319598213,0.8050555350772098,0.746013616520955,5
QUO,31,0.9683092175722635,0.0047442462178607266,0.8996802568669917,0.8070866115876731,0.746013616520955,5
QUO,32,0.9685293984177552,0.004714415007733992,0.9007231551027145,0.8079128721646868,0.746013616520955,5
QUO,33,0.9687768172068738,0.004696855453755447,0.9002080254758166,0.8070986061742165,0.742013616520955,5
QUO,34,0.9690854575466095,0.004658658475223119,0.9022152270475117,0.8077056693612367,0.754013616520955,5
QUO,35,0.9693260299373604,0.004639508930386746,0.9031092560713333,0.8098693144888252,0.750013616520955,5
QUO,36,0.9695836375097286,0.004571260193207386,0.903884123460478,0.8079234356249673,0.750013616520955,5
QUO,37,0.969801529614525,0.004524848221234186,0.9045467309813164,0.8124111452765499,0.750013616520955,5
QUO,38,0.9699955905585635,0.004472462269773985,0.905393526133861,0.8135139687675081,0.750013616520955,5
QUO,39,0.9701657931602042,0.004417644402382563,0.9066066761303612,0.8145961586250297,0.754013616520955,5
QUO,40,0.9703144476907944,0.004387655616826063,0.9078736462019847,0.8143062784976726,0.754013616520955,5
QUO,41,0.9704812384922121,0.00433889120562533,0.9085555945471144,0.815293735747253,0.754013616520955,5
QUO,42,0.9706673425476012,0.004279374329780925,0.9088920334080159,0.8143927174600689,0.754013616520955,5
QUO,43,0.9708137106263403,0.004221183969453577,0.9093644648291749,0.8145877509131548,0.754013616520955,5
QUO,44,0.9709430625713005,0.0041762835442414915,0.9098346587792718,0.8142491473893253,0.754013616520955,5
QUO,45,0.9710542531586667,0.004137493104482912,0.9102196396154216,0.813569447340573,0.754013616520955,5
QUO,46,0.971162040519277,0.0041048150029942216,0.9100903827894227,0.8125264217142074,0.754013616520955,5
QUO,47,0.9712812036809876,0.004073286857214696,0.910383960312315,0.8135164384457685,0.754013616520955,5
QUO,48,0.971420730818377,0.003976021509015367,0.9110334309267125,0.8122104925624909,0.758013616520955,5
QUO,49,0.9715829248965957,0.003843031373319275,0.9118552758631161,0.815534069542676,0.758013616520955,5
QUO,50,0.9717066218447566,0.0037973659955052724,0.9119459845550789,0.8154444157933197,0.758013616520955,5
QUO,51,0.9718201670320455,0.003780312661041879,0.9124146307315529,0.815032893384163,0.758013616520955,5
QUO,52,0.9719075310363425,0.0037478285758633153,0.912538873595361,0.8170167348714845,0.758013616520955,5
QUO,53,0.9719972015619037,0.0037432425087660305,0.9131853999114543,0.8162108521373452,0.758013616520955,5
QUO,54,0.9720914430902627,0.003750496997128813,0.9133151690297036,0.8169324861481527,0.758013616520955,5
QUO,55,0.9722106043510687,0.0037545661880612263,0.9136846326120509,0.8167959547467698,0.758013616520955,5
QUO,56,0.9723161073547022,0.0037523229699773114,0.9139153231796392,0.8174776596621586,0.758013616520955,5
QUO,57,0.9724454272946386,0.003768655214217946,0.9142906053013633,0.8199749877969025,0.758013616520955,5
QUO,58,0.9725520652416852,0.003794620342661427,0.9145293656301113,0.8203031723696579,0.762013616520955,5
QUO,59,0.972613327513038,0.003790824490373067,0.914585008022734,0.8215787601097848,0.762013616520955,5
QUO,60,0.9726689070240416,0.003773535489314218,0.9154244528232744,0.8249108811310535,0.762013616520955,5
QUO,61,0.972724493013638,0.0037645078668181865,0.9155681115910845,0.8244960560167502,0.762013616520955,5
QUO,62,0.9728004831177394,0.0037168895138349626,0.9159611739748492,0.8245737147276,0.758013616520955,5
QUO,63,0.9728356346947411,0.0037061546004530355,0.9156176078785097,0.8243391182380388,0.758013616520955,5
QUO,64,0.972871918732342,0.003704817235796673,0.9157437113787701,0.8248435458289848,0.758013616520955,5
QUO,65,0.9729093381530216,0.0036854822506524497,0.9158338904945872,0.8262142583712795,0.758013616520955,5
QUO,66,0.9729467533839522,0.0036638013049410316,0.9156071556699313,0.8258297953336481,0.758013616520955,5
QUO,67,0.9729989066763081,0.0036122746738426223,0.9155643414815063,0.8253412298450826,0.754013616520955,5
QUO,68,0.9730306675440745,0.003602880781841739,0.9156489782285773,0.8246558805297175,0.758013616520955,5
QUO,69,0.9730499435816986,0.0035881709424530335,0.915735325607338,0.8242824255603045,0.754013616520955,5
QUO,70,0.9730862828101857,0.0035721414114387845,0.9160596012127258,0.8239180895895896,0.758013616520955,5
QUO,71,0.9731146781072088,0.0035601394949074474,0.9161557765699253,0.8239210728058006,0.758013616520955,5
QUO,72,0.9731362619333668,0.003550950226508472,0.9162293206041628,0.8255657244504523,0.758013616520955,5
QUO,73,0.9731476268721556,0.0035457413873355792,0.91633703557047,0.8270154114502686,0.758013616520955,5
QUO,74,0.9731635224809463,0.0035330502302740254,0.9164275817342222,0.8257689759082212,0.758013616520955,5
QUO,75,0.9731601134092326,0.0035258713143705997,0.9163385891512856,0.8252750374533282,0.758013616520955,5
QUO,76,0.9731544314764881,0.0035233340031364624,0.9160089348620257,0.8244073584945429,0.758013616520955,5
QUO,77,0.9731510288833671,0.0035250361870300586,0.9157046955589486,0.8259172576886791,0.758013616520955,5
QUO,78,0.9731510150985769,0.003507543793434172,0.9158147883230139,0.8260670541571663,0.758013616520955,5
QUO,79,0.9731589354045141,0.0034978157070539315,0.9161472605089298,0.8252457056306426,0.758013616520955,5
QUO,80,0.9731793309455521,0.0034709347604995077,0.9160208897746124,0.8266130735380003,0.758013616520955,5
QUO,81,0.9731963627650255,0.0034649464701470914,0.9159446227725834,0.8253776374010597,0.758013616520955,5
QUO,82,0.973194069200947,0.003447010811986764,0.915964497754806,0.8270358994374287,0.758013616520955,5
QUO,83,0.9732270476303485,0.00344846543028486,0.9160566326162105,0.8284643833143246,0.754013616520955,5
QUO,84,0.9732293146464214,0.0034331565888268455,0.9155225245929491,0.8274766907877422,0.754013616520955,5
QUO,85,0.9732702947327123,0.003465865370047979,0.9161980222475308,0.8288083380195287,0.758013616520955,5
QUO,86,0.9732634508688838,0.0034406173875472955,0.9162265038000268,0.8259021552425239,0.754013616520955,5
QUO,87,0.9732679779827718,0.003431011709794267,0.9164213151317322,0.8256287138638949,0.754013616520955,5
QUO,88,0.9732554789281742,0.0034188032159125806,0.9164108777700564,0.8256418292938891,0.758013616520955,5
QUO,89,0.9732406817318099,0.0033867401335654426,0.9163589811787594,0.8247521784907461,0.754013616520955,5
QUO,90,0.9732463636645544,0.0033781065449089254,0.9160921118500924,0.8253054697123423,0.754013616520955,5
QUO,91,0.9732667310023772,0.00331390284876286,0.9158702386497091,0.8255465941112645,0.746013616520955,5
QUO,92,0.9733555642635773,0.003405660570136405,0.9159855539246472,0.8260336391237753,0.746013616520955,5
QUO,93,0.9733907799411465,0.0034133387331933213,0.9158173397735343,0.8244275737548833,0.746013616520955,5
QUO,94,0.973506744410835,0.003503197358279469,0.9161049212075125,0.8251368937946889,0.746013616520955,5
QUO,95,0.9735203806976898,0.003519030428251018,0.9163531603720407,0.8241776011129897,0.746013616520955,5
QUO,96,0.9735351469623298,0.0035080053581833226,0.9164624098422095,0.8255373756647512,0.746013616520955,5
QUO,97,0.9735544894410909,0.0035402806351526855,0.9167982225838124,0.823965101248675,0.746013616520955,5
QUO,98,0.9735908568727931,0.0035422589542386676,0.9168148815857198,0.8244333644042264,0.746013616520955,5
QUO,99,0.9735670129488199,0.0035406593390586217,0.9166707995651727,0.8236932662157379,0.746013616520955,5
QUO,100,0.9735443313955958,0.0035572521747162704,0.9162462857982379,0.8224106994706372,0.746013616520955,5
QUO,101,0.9735023510068253,0.003567020087530166,0.9161497882333315,0.822680095839386,0.746013616520955,5
QUO,102,0.9734490004679426,0.003563368798579333,0.915722521007942,0.8221527079290745,0.746013616520955,5
QUO,103,0.9733763761802801,0.003564602103317726,0.9156494584207104,0.8221783789620852,0.746013616520955,5
QUO,104,0.9733162120756583,0.003567899748121065,0.9151493330334732,0.825220491200907,0.746013616520955,5
QUO,105,0.9732956827730167,0.0034868095585886684,0.9148689890522148,0.8231301393867477,0.750013616520955,5
QUO,106,0.9732275316756258,0.0034411646217360576,0.9150774559702374,0.8237565557627379,0.750013616520955,5
QUO,107,0.9731526021339686,0.0034165192934428627,0.9148409556620104,0.8255978568140389,0.750013616520955,5
QUO,108,0.9730980953149901,0.0033647272138168736,0.9153668113251119,0.821175233786661,0.754013616520955,5
QUO,109,0.9731003086014164,0.003322496211061655,0.9152889577109914,0.8257778756797229,0.750013616520955,5
QUO,110,0.9731252844040794,0.0033841207988062143,0.9156256284485702,0.8229131812778776,0.750013616520955,5
QUO,111,0.9731808374188023,0.0033107220501050463,0.9156555862343934,0.8264320565458878,0.750013616520955,5
QUO,112,0.9732046247423757,0.003236443062918316,0.9152001921064521,0.8234364986307716,0.746013616520955,5
QUO,113,0.9732681147185798,0.0031623275372394503,0.9163752838743046,0.8249562080748902,0.750013616520955,5
QUO,114,0.9734056658981111,0.0031506442572775905,0.9162867156929442,0.8215446747634634,0.750013616520955,5
QUO,115,0.9734170442337504,0.0030907019936443686,0.9162003854224878,0.8234619428255188,0.750013616520955,5
QUO,116,0.9733568577708714,0.003045908894049771,0.9167579091719193,0.8232746534433832,0.750013616520955,5
QUO,117,0.9732943677092074,0.0029812040265853055,0.9168222879727044,0.8243377567020357,0.750013616520955,5
QUO,118,0.973275222756403,0.0030183953928608295,0.9168081521927508,0.8275230503734413,0.750013616520955,5
QUO,119,0.9731945985187856,0.002969449860283383,0.9164820673295038,0.826743952901665,0.750013616520955,5
QUO,120,0.973103810584685,0.0029406263519960694,0.9162454561216198,0.82953345724267,0.750013616520955,5
QUO,121,0.9730005028929389,0.0029072503962883217,0.9162609552603372,0.8282620511793022,0.746013616520955,5
QUO,122,0.9728699658310329,0.00288480032729289,0.9159875491834685,0.8287793931495969,0.746013616520955,5
QUO,123,0.9727564087598584,0.0028460651936460576,0.9160319036330951,0.830793677562496,0.750013616520955,5
QUO,124,0.9726621584640626,0.0028300794088668923,0.9155576227815605,0.8324635292800423,0.746013616520955,5
QUO,125,0.9725542339797044,0.0027600246717049055,0.915426719811989,0.8319685027079478,0.746013616520955,5
QUO,126,0.9724599349716154,0.002724976096630375,0.9150931713787186,0.829449173822329,0.746013616520955,5
QUO,127,0.9723519946075928,0.002672373232280171,0.9148975262317686,0.831142469267666,0.746013616520955,5
QUO,128,0.97223837459967,0.002623310030789491,0.91497543779132,0.8278725819711724,0.746013616520955,5
QUO,129,0.9721350951628643,0.0026223294031539612,0.9146612774460718,0.8311762187077687,0.746013616520955,5
QUO,130,0.9720385293326723,0.0025951216483247968,0.9151400496036448,0.8269089276505761,0.746013616520955,5
QUO,131,0.9719932594610616,0.0026466138209537238,0.9150032738804221,0.8304924317352939,0.754013616520955,5
QUO,132,0.971889986502849,0.002657405000804805,0.9149532541166986,0.828182572517755,0.758013616520955,5
QUO,133,0.9717561085173007,0.002684330483042757,0.9150131811274151,0.8260728290452202,0.758013616520955,5
QUO,134,0.9716799907422488,0.0027150408701534243,0.9138438394688911,0.82597365382821,0.750013616520955,5
QUO,135,0.9717990003186376,0.0026096776289334066,0.915058886034697,0.8249668857826415,0.754013616520955,5
QUO,136,0.9717478871313734,0.0026260478653617873,0.9150918404870957,0.8266194374170655,0.762013616520955,5
QUO,137,0.9718757159475393,0.002947395416247534,0.916307232342849,0.8296065759513651,0.766013616520955,5
QUO,138,0.9718453482487721,0.003062114338558314,0.9156042491215505,0.8298011165878016,0.758013616520955,5
QUO,139,0.9719565228142294,0.0030664058722072135,0.9168385889092132,0.8317327728234117,0.758013616520955,5
QUO,140,0.9719598731906686,0.003038943660607603,0.9168148982429652,0.8300911354158561,0.758013616520955,5
QUO,141,0.9718770137480325,0.003051618561041441,0.9159972276784888,0.8285877018142465,0.754013616520955,5
QUO,142,0.9717782254760376,0.0030349864492370425,0.9159831994752473,0.8276288478697001,0.754013616520955,5
QUO,143,0.9716692218727869,0.0030296602064863597,0.9159424070461204,0.8271074046373057,0.754013616520955,5
QUO,144,0.9715658705378264,0.003012772657961992,0.9156196380918017,0.8266676593747428,0.750013616520955,5
QUO,145,0.9714591544080016,0.0030182603331582753,0.9149174252608097,0.8251956935889527,0.758013616520955,5
QUO,146,0.9714284655986252,0.0029502730063004886,0.914176276266774,0.8260232658246951,0.758013616520955,5
QUO,147,0.9712854666984688,0.0029644355433757763,0.9135791225682146,0.8249824329179685,0.754013616520955,5
QUO,148,0.9711413002162403,0.0029732285173721547,0.9135969480425393,0.8255534108339744,0.754013616520955,5
QUO,149,0.9709948851321426,0.0029965192673997716,0.9127331173557927,0.8246057310469181,0.754013616520955,5
QUO,150,0.9711784688727068,0.0030080070504993894,0.9133254166102901,0.8273087399805691,0.754013616520955,5
QUO,151,0.9710796009566941,0.0030166253522238475,0.9131614926841459,0.8280283752572952,0.754013616520955,5
QUO,152,0.9710578683685981,0.00308165780805225,0.9130387878732338,0.8244643691808198,0.746013616520955,5
QUO,153,0.9709816941353904,0.0031072730671906387,0.9125153521659023,0.8269263441097923,0.746013616520955,5
QUO,154,0.9709543336804105,0.003133045912954536,0.9133035849512414,0.8260880992247385,0.750013616520955,5
QUO,155,0.9708350683224556,0.0031593315628265757,0.9127785457133584,0.8279541364229411,0.754013616520955,5
QUO,156,0.9707350457815563,0.003129020329928496,0.9122262482393483,0.8286748486575523,0.746013616520955,5
QUO,157,0.9706032641703445,0.003074774927220859,0.9119809112715274,0.8304691016582575,0.746013616520955,5
QUO,158,0.9704135821601652,0.003042388749957819,0.9114056315483332,0.8280819847015406,0.746013616520955,5
QUO,159,0.9702250978361775,0.0030400506836663946,0.9104400574432299,0.826023436486846,0.746013616520955,5
QUO,160,0.9700082974712447,0.003050843913607114,0.9096815283135145,0.8271756884270646,0.746013616520955,5
QUO,161,0.969819839889233,0.0029996241244951392,0.9091387451780119,0.8221919204506125,0.750013616520955,5
QUO,162,0.9696838231016779,0.0030784782350848985,0.9088966734151802,0.8229347684052216,0.754013616520955,5
QUO,163,0.9694806477733492,0.003112103115834546,0.9081690203745725,0.8221821778200846,0.754013616520955,5
QUO,164,0.9692479852658893,0.0031486246076821273,0.9071749529993995,0.8224509453771859,0.750013616520955,5
QUO,165,0.9690096682012955,0.0031873414360584266,0.9068305548502353,0.826991839679261,0.754013616520955,5
QUO,166,0.9690121994689511,0.003198517841636896,0.906635615008317,0.824570047627318,0.750013616520955,5
QUO,167,0.9688725126555869,0.0032244190931391536,0.906715575669162,0.8245376814056329,0.754013616520955,5
QUO,168,0.9686443321058358,0.0032197023375338295,0.9056969292668521,0.8236728916034094,0.754013616520955,5
QUO,169,0.9684116315026989,0.003220217222095299,0.9050144391475705,0.8218376824795776,0.754013616520955,5
QUO,170,0.9681312721858861,0.0032423090488439095,0.904430923960635,0.8214694476146622,0.754013616520955,5
QUO,171,0.9678769435314667,0.0031949878250102574,0.9037788028656625,0.8212445036281893,0.754013616520955,5
QUO,172,0.9676679539700294,0.0031254849460131784,0.9031535762455378,0.8221958839284997,0.750013616520955,5
QUO,173,0.9673705354581325,0.003099267379708006,0.901703324706135,0.8220943999596969,0.746013616520955,5
QUO,174,0.9671389249396498,0.003052212511550698,0.9013047325630155,0.8217423018162652,0.746013616520955,5
QUO,175,0.9669866674192283,0.003060943579191812,0.9010438039518229,0.821369466519252,0.746013616520955,5
QUO,176,0.9666971506050949,0.003045645216270265,0.900960783290626,0.8181028408661609,0.750013616520955,5
QUO,177,0.9666379325819163,0.0030374894117515564,0.9008080618215775,0.8202157848601775,0.746013616520955,5
QUO,178,0.9664620122406982,0.0030265136664101872,0.8987610826122012,0.8181898840683404,0.746013616520955,5
QUO,179,0.9662654791122179,0.002964770700490727,0.8986234123031653,0.8198508553304571,0.746013616520955,5
QUO,180,0.9659691316371368,0.002993949872237613,0.8980020283509423,0.8185945620289097,0.746013616520955,5
QUO,181,0.965635363616351,0.0029820603512256748,0.8965650267489849,0.8147163222144274,0.742013616520955,5
QUO,182,0.9652278784042201,0.003012427495206915,0.8961246862512604,0.8145237707882792,0.746013616520955,5
QUO,183,0.9648281983445963,0.0030186717226602148,0.8959973964795562,0.811121098529406,0.746013616520955,5
QUO,184,0.9645208707539631,0.0031152207989630066,0.8952036426483664,0.8123297508665519,0.742013616520955,5
QUO,185,0.9643967418220306,0.0033578870286326795,0.8950525891297387,0.8098125804813374,0.742013616520955,5
QUO,186,0.964073230331695,0.003265369626885853,0.8946921105743307,0.8104544794079398,0.746013616520955,5
QUO,187,0.9636735701345831,0.003158487601095243,0.894385353386412,0.8086089481907063,0.746013616520955,5
QUO,188,0.9631592690274713,0.00308507419820638,0.8932940812002641,0.8070901208648079,0.738013616520955,5
QUO,189,0.9625858326705783,0.002990240702811866,0.8924614208455252,0.8049755144621743,0.738013616520955,5
QUO,190,0.962307697218014,0.003237428117722041,0.8915074522523341,0.8012976811788685,0.742013616520955,5
QUO,191,0.9618931356885947,0.003268742150387076,0.8907253483359954,0.799184533735849,0.742013616520955,5
QUO,192,0.9613026890946059,0.003299204034959724,0.8891400490012995,0.7958779546455472,0.742013616520955,5
QUO,193,0.9605794252714833,0.0033047913262622347,0.8882420901543764,0.7943943524964068,0.738013616520955,5
QUO,194,0.959848261845471,0.0033003931831174942,0.8862010183505591,0.7928666930681111,0.738013616520955,5
QUO,195,0.9591042514734823,0.003233492804534941,0.8859360129993477,0.7946048256430444,0.738013616520955,5
QUO,196,0.9581628757648,0.0033113891308044273,0.8828592836669223,0.7877499595267878,0.738013616520955,5
QUO,197,0.9572861282602909,0.0030445025763339217,0.8814065465194426,0.7914591293009972,0.738013616520955,5
QUO,198,0.9560178016526757,0.0033414583423006933,0.8739440516162477,0.7892707877341973,0.738013616520955,5
QUO,199,0.9545020047634141,0.0036210524010415147,0.8739077187000277,0.7847401835603762,0.738013616520955,5
QUO,200,0.9521939767156086,0.0035353668609225232,0.8739425324207234,0.7870404799878484,0.750013616520955,5
REC,1,0.683170886532183,0.018553941484899018,0.30966362203408115,0.0,0.23879481873105785,5
REC,2,0.7678801225161769,0.018612165007287504,0.38703557120619203,0.0023952095808383233,0.3267948187310578,5
REC,3,0.8111827664664496,0.014385247828536313,0.45011076956789814,0.018275954814416354,0.4147948187310579,5
REC,4,0.8394583713609265,0.011950261910228424,0.503877151886656,0.03216954900204746,0.44679481873105786,5
REC,5,0.8578278142810504,0.012324822728765762,0.5548969006119273,0.08203517862324669,0.5427948187310578,5
REC,6,0.8682830098927038,0.012388108178678147,0.5740864575731065,0.1136062516783773,0.5587948187310579,5
REC,7,0.8769695370343277,0.01206274516068392,0.6090435058514012,0.1620625529666518,0.5827948187310579,5
REC,8,0.8841512459972473,0.011229651180460726,0.6207951770189928,0.20215388749589164,0.5827948187310579,5
REC,9,0.8900594153182023,0.011755459051772122,0.6362949790045392,0.23656435393157885,0.5987948187310578,5
REC,10,0.8956487747022184,0.012836952766340042,0.6453459747845641,0.2746324837795039,0.6067948187310578,5
REC,11,0.8996231012308842,0.012937753671069597,0.6616825250027383,0.3284429160633584,0.6347948187310578,5
REC,12,0.9036231091136585,0.013119665436228396,0.6703762914497253,0.3457977438876343,0.6587948187310578,5
REC,13,0.9065532731457282,0.013584797861357908,0.6799709239592289,0.38720932793058155,0.6427948187310578,5
REC,14,0.9089989052781574,0.014069712830671412,0.6868302535219755,0.4165236301076966,0.6667948187310578,5
REC,15,0.9112954223983204,0.014422457530003496,0.6954695907005093,0.4258708103967831,0.6747948187310578,5
REC,16,0.9132931213777751,0.014648578352215462,0.7005216297054991,0.4657545854378126,0.6907948187310577,5
REC,17,0.9152397634032139,0.01499038715683393,0.7026334149177854,0.48658020011868086,0.6787948187310577,5
REC,18,0.9168746178131043,0.015033924878045293,0.7023074930142251,0.47809412809412805,0.6827948187310577,5
REC,19,0.9191283782844947,0.014920552495853116,0.7102639771919239,0.48738493558632,0.6987948187310578,5
REC,20,0.9207691342189392,0.014977185217224099,0.7139351445909974,0.4972939389653468,0.6987948187310578,5
REC,21,0.9221821415317208,0.015071828264257158,0.7178044001637833,0.5143864561397383,0.6907948187310577,5
REC,22,0.9232532763584895,0.015077383380580855,0.7200151592331665,0.5150391444646208,0.6987948187310578,5
REC,23,0.9242018808293236,0.015143219999870226,0.7232356630578253,0.5291164183179446,0.7027948187310578,5
REC,24,0.9253757367001475,0.015094510867399106,0.7280319174555722,0.5309852324794747,0.7027948187310578,5
REC,25,0.9264539267660723,0.014928049512572237,0.7293789713680279,0.5484299727143711,0.7027948187310578,5
REC,26,0.9272601258584858,0.014727898051651707,0.731428729827949,0.5507676954673731,0.6987948187310578,5
REC,27,0.9280416115477571,0.014418830871226923,0.7344727901482544,0.5540649462398053,0.6867948187310577,5
REC,28,0.9290131334359213,0.014309450897384926,0.7344796417839705,0.5527490555288443,0.6867948187310577,5
REC,29,0.9297269908556289,0.014144399159717198,0.7365086914571796,0.5443863006185742,0.7107948187310578,5
REC,30,0.930390501895334,0.013972588362866719,0.7378590760041298,0.5501469165925165,0.7067948187310578,5
REC,31,0.9310738790566114,0.01352974526910188,0.7423678722804983,0.5582623170307763,0.7067948187310578,5
REC,32,0.931579233473218,0.013403059023320325,0.7420460197548502,0.554222962309008,0.6987948187310578,5
REC,33,0.9320009175499318,0.013337591785878405,0.7453920418327533,0.5641756004439747,0.7067948187310578,5
REC,34,0.9324314263362595,0.013204522035251024,0.7454160829871551,0.5561436482136026,0.6987948187310578,5
REC,35,0.9327811474920196,0.013176956640624482,0.7472160187820928,0.5613012269159249,0.7067948187310578,5
REC,36,0.9330789501477581,0.013133896936338974,0.7480006868166699,0.5651314455185237,0.7107948187310578,5
REC,37,0.9333941105225984,0.013119824308314248,0.7482158229393787,0.5720694675204779,0.7027948187310578,5
REC,38,0.9337323844471875,0.013093967055350361,0.7477299905506734,0.5704180723470985,0.7067948187310578,5
REC,39,0.9341944245493401,0.012921431863713154,0.7464657209833272,0.5667750910083222,0.7067948187310578,5
REC,40,0.9345584304851693,0.012845754439375268,0.7477193446217382,0.5685817402794068,0.7067948187310578,5
REC,41,0.9348864223238371,0.01286561484774222,0.7478317055726095,0.5725747976144584,0.7067948187310578,5
REC,42,0.9352690165535418,0.012892218866794904,0.7488126901535723,0.5719661319073084,0.7107948187310578,5
REC,43,0.935545187083922,0.012865741217875704,0.7498847575672973,0.5738422803316011,0.7067948187310578,5
REC,44,0.9357912192446605,0.01284302812547161,0.7507304425076315,0.5714387071500474,0.7187948187310578,5
REC,45,0.9360213370709927,0.012879054157044165,0.7520657093664047,0.5784743949401113,0.7147948187310578,5
REC,46,0.9362241991120829,0.012906715965922874,0.7527627246892183,0.579999504482648,0.7067948187310578,5
REC,47,0.9364299469231632,0.012936789695908456,0.7537038316345891,0.5861103110052728,0.7147948187310578,5
REC,48,0.9365881541096993,0.012943723243797816,0.7540236380756752,0.5884247571724923,0.7147948187310578,5
REC,49,0.9367866598873558,0.01301511189041923,0.7540004339035958,0.5872525550881532,0.7107948187310578,5
REC,50,0.9368887906290453,0.013031268253789034,0.7553213009141692,0.5902526588135154,0.7107948187310578,5
REC,51,0.9369994258972978,0.013027463720492412,0.7543724397577203,0.5867911989230208,0.7107948187310578,5
REC,52,0.9370798879418036,0.01300019517109322,0.7540513040903,0.5832164416475958,0.7067948187310578,5
REC,53,0.9371417188743527,0.012952472216978412,0.7544363026268354,0.5836726845984563,0.7067948187310578,5
REC,54,0.9371904760820591,0.012890828240888812,0.7542676650605754,0.5826914882422105,0.7027948187310578,5
REC,55,0.9372334630927304,0.0128506553485685,0.7546229091871431,0.5865706570191371,0.7067948187310578,5
REC,56,0.9373039291298113,0.012805952790211149,0.7547570429317398,0.5831552321938114,0.7107948187310578,5
REC,57,0.9374019857514233,0.012749023477342346,0.755716920108623,0.5922294468277564,0.7107948187310578,5
REC,58,0.9376764772883547,0.012637735029026273,0.7559803014993607,0.5901641129722704,0.7147948187310578,5
REC,59,0.9378294618870658,0.012577674332758916,0.7570614372736703,0.5887066717643086,0.7187948187310578,5
REC,60,0.9380083395254806,0.012504077377097935,0.758162856647158,0.5944693888014652,0.7147948187310578,5
REC,61,0.9381121348005376,0.012472047498349365,0.7583686200314401,0.5960168409969062,0.7107948187310578,5
REC,62,0.9381828276391516,0.012440793512656121,0.758371494029059,0.5946060352537142,0.7147948187310578,5
REC,63,0.9382449376543918,0.01241259823789598,0.7583927632311969,0.6080038667799863,0.7187948187310578,5
REC,64,0.9382578717129639,0.012413736143198536,0.7584858783855102,0.6047869609863328,0.7147948187310578,5
REC,65,0.9382880389090742,0.012458944274030695,0.7590902265018027,0.6061292434493794,0.7227948187310578,5
REC,66,0.9383254488881585,0.012485523787238256,0.7598371675222294,0.6045429536109472,0.7227948187310578,5
REC,67,0.938318012440036,0.012501515176552446,0.7598436088078485,0.608362074597512,0.7187948187310578,5
REC,68,0.9383481001213152,0.012458000885380061,0.7609542542648045,0.6109594127716411,0.7227948187310578,5
REC,69,0.9383262847620548,0.012472069543374837,0.7612226243982215,0.6091082969200684,0.7227948187310578,5
REC,70,0.9383003288850219,0.012481035037997447,0.7609549924042113,0.6064268745736603,0.7107948187310578,5
REC,71,0.9382584429642506,0.012478764880243583,0.7605520918135475,0.6050929141146503,0.7107948187310578,5
REC,72,0.9383063063640421,0.012471303540864327,0.7606469532812967,0.6055905717563557,0.7107948187310578,5
REC,73,0.9382989695749242,0.012484996198351106,0.7604118533358084,0.6086360839728217,0.7107948187310578,5
REC,74,0.9382657361857369,0.012488404690363527,0.758908495147329,0.6191616480310302,0.7147948187310578,5
REC,75,0.93837513635068,0.012553634718770754,0.7609312951697833,0.6224397145503459,0.7227948187310578,5
REC,76,0.9385149794839087,0.012586150759352339,0.7632145433205177,0.6218071977888557,0.7227948187310578,5
REC,77,0.9386649037922543,0.012598602914488551,0.7640453757772135,0.6314789104185923,0.7227948187310578,5
REC,78,0.9387367848560313,0.012687550415986196,0.7642809787973085,0.627187833353649,0.7187948187310578,5
REC,79,0.9387784195524109,0.012743497015781445,0.7642275924510462,0.6282654716754232,0.7187948187310578,5
REC,80,0.9388041837318658,0.012788822665751895,0.765994131743792,0.6259885598088462,0.7307948187310578,5
REC,81,0.9389190331612418,0.012859099584538012,0.76692388900123,0.6312529865420874,0.7307948187310578,5
REC,82,0.9389087059148938,0.012956939117143051,0.7679647594391157,0.6317215263941837,0.7307948187310578,5
REC,83,0.9389374223869584,0.012981365619688899,0.7666855461863735,0.6338759328017103,0.7227948187310578,5
REC,84,0.9389213575802599,0.01306933875275588,0.7678402513521883,0.6352241863167236,0.7267948187310578,5
REC,85,0.9389052635723173,0.013053269498597145,0.7681223520740776,0.6374831757630286,0.7307948187310578,5
REC,86,0.938907900085486,0.013112699158578461,0.764889643130392,0.6350042515599237,0.7267948187310578,5
REC,87,0.9391262000590841,0.013377915315018727,0.7667799291987409,0.637344581510392,0.7267948187310578,5
REC,88,0.9394837372791377,0.013863799605030059,0.7680601707148871,0.6355409996473771,0.7267948187310578,5
REC,89,0.9397294381072593,0.014137022841776446,0.7699493390644723,0.644924494826165,0.7387948187310578,5
REC,90,0.93986166783595,0.014266196747491234,0.7697923280314286,0.6432651436288604,0.7387948187310578,5
REC,91,0.9401341034803824,0.014342328735833139,0.7694857177302562,0.6542400818551656,0.7387948187310578,5
REC,92,0.9404498226452299,0.014234602596768245,0.7697753508280896,0.6601776518124401,0.7347948187310578,5
REC,93,0.9408301945821924,0.014196297086007727,0.770146392300302,0.6607889062347447,0.7307948187310578,5
REC,94,0.9412542005481906,0.014234544947743816,0.771986481110622,0.6725589628913665,0.7307948187310578,5
REC,95,0.9415428278920001,0.014167497812296356,0.7733139234403257,0.6668637293516074,0.7347948187310578,5
REC,96,0.9416887642473611,0.014172910064881573,0.7738758394502825,0.6730413833357192,0.7427948187310578,5
REC,97,0.9417162613254486,0.014171382707951536,0.7704291277915403,0.6755699157770129,0.7227948187310578,5
REC,98,0.9417006527140124,0.014195058168528176,0.77056186860824,0.6784927832706644,0.7227948187310578,5
REC,99,0.9417196193748086,0.014225113786443953,0.7694823948522158,0.6830541140037873,0.7267948187310578,5
REC,100,0.941804975485337,0.014262468874422066,0.7708335043820781,0.680211609792805,0.7267948187310578,5
REC,101,0.9420133312329675,0.014227793453278327,0.7724720016918143,0.6924643260919987,0.7227948187310578,5
REC,102,0.9420901394991519,0.014221271195333082,0.7718910289391141,0.6932587198107042,0.7227948187310578,5
REC,103,0.9421888991055767,0.014176568780376335,0.7735689116257721,0.6932223207946825,0.7267948187310578,5
REC,104,0.9422125518008595,0.014185195490039992,0.7758669599579558,0.6971337434442821,0.7307948187310578,5
REC,105,0.9422040480238474,0.014225910595274116,0.7763448724123567,0.699348432364048,0.7307948187310578,5
REC,106,0.9421694027935548,0.014184620191378856,0.7758172242347613,0.7003455073210915,0.7307948187310578,5
REC,107,0.9421074145178322,0.014209378958081952,0.7753837014269942,0.6998273108943969,0.7347948187310578,5
REC,108,0.9420094816033086,0.014182136421380326,0.7751665106446993,0.6991729105807087,0.7347948187310578,5
REC,109,0.9419087059867257,0.014193662161601141,0.7746427220275004,0.70115671752746,0.7387948187310578,5
REC,110,0.9417287286013558,0.014200002515825316,0.7736002418736698,0.7013237908034947,0.7307948187310578,5
REC,111,0.9415933573497481,0.014187179586727423,0.7731423771079575,0.7009405453394532,0.7267948187310578,5
REC,112,0.9414493945612399,0.014238825981527297,0.7721649913525148,0.6995682495816954,0.7307948187310578,5
REC,113,0.9413284669007446,0.01430548856204511,0.7727768731936013,0.70066581376355,0.7387948187310578,5
REC,114,0.9411528797896688,0.014346863619408885,0.7733747797189787,0.7001508214416898,0.7427948187310578,5
REC,115,0.9409669881373836,0.014363066329655198,0.7723527088028506,0.6988621147986456,0.7307948187310578,5
REC,116,0.9409580032737811,0.014179032987901971,0.7712045401078439,0.7022727799473767,0.7227948187310578,5
REC,117,0.9407981089736644,0.014140543880584078,0.7708945613965023,0.7068011340982364,0.7307948187310578,5
REC,118,0.9406770801862943,0.014118174493325107,0.7702478150006934,0.7047670112599752,0.7267948187310578,5
REC,119,0.9405805146707689,0.014077456439153164,0.769620945466221,0.7084748256369439,0.7227948187310578,5
REC,120,0.9405687710547801,0.01394344093663487,0.7697250940251854,0.7007803635910893,0.7307948187310578,5
REC,121,0.9405340798208165,0.013844851343025339,0.7711268064909959,0.7042581320773351,0.7267948187310578,5
REC,122,0.9405715644426527,0.013609678802588402,0.7712093276510659,0.7004441980410726,0.7227948187310578,5
REC,123,0.9403987256527172,0.013643173238094207,0.770594486947653,0.7029533819596503,0.7227948187310578,5
REC,124,0.9401855277766777,0.013701244363298231,0.7698262255282955,0.69478792091845,0.7227948187310578,5
REC,125,0.9399694732069669,0.013753788661184254,0.7665376207607653,0.6876741267926764,0.7147948187310578,5
REC,126,0.9398267937740912,0.013748998553536718,0.7684279980945719,0.6947360553922904,0.7227948187310578,5
REC,127,0.9396901907296893,0.013767549563942633,0.7692486732916254,0.6986096367257014,0.7227948187310578,5
REC,128,0.9398962614721732,0.013735590997202948,0.768125726168105,0.6957878379906252,0.7267948187310578,5
REC,129,0.939930286699156,0.013774283468101554,0.768702383310581,0.6996542080128103,0.7267948187310578,5
REC,130,0.9400849892367182,0.013981192868341001,0.7697865147908847,0.6989902583574377,0.7307948187310578,5
REC,131,0.9400928621107048,0.014121025795091108,0.7690798582556193,0.6915592297763453,0.7267948187310578,5
REC,132,0.9399862089239569,0.01429906008258846,0.7715768256939777,0.6965307071433677,0.7307948187310578,5
REC,133,0.9400666131593691,0.014290391628723585,0.7711682197843623,0.6861164327670164,0.7267948187310578,5
REC,134,0.9402657715457888,0.014358951714327299,0.7742058727757468,0.6916646506333612,0.7187948187310578,5
REC,135,0.9406648745972568,0.014457716918931333,0.7751987085709113,0.6993704274725647,0.7267948187310578,5
REC,136,0.9409928901404635,0.014664354023001425,0.775325622540012,0.7012440111269876,0.7227948187310578,5
REC,137,0.9409410263576392,0.014816897948093996,0.777118846465721,0.7015808036807034,0.7267948187310578,5
REC,138,0.9407854816999255,0.01492084502364385,0.7770343563878525,0.7044742432029183,0.7267948187310578,5
REC,139,0.9406543860725943,0.01500124142337412,0.7774279118842747,0.70235867909406,0.7267948187310578,5
REC,140,0.9405159839817155,0.014983552207821747,0.7759178477776503,0.7023711712972107,0.7347948187310578,5
REC,141,0.9406665555582757,0.014471476359412554,0.7778436538436809,0.706833407195026,0.7267948187310578,5
REC,142,0.9406117996342811,0.014379234492638329,0.7777430118063897,0.7055823013511778,0.7267948187310578,5
REC,143,0.9405467952292188,0.014317239147343144,0.7789685585344392,0.7069587100500659,0.7307948187310578,5
REC,144,0.9403680523225327,0.014264603571993622,0.7775415402890468,0.7076060627337031,0.7307948187310578,5
REC,145,0.9401245795961714,0.014169640397020566,0.777174196636705,0.7088343505255466,0.7267948187310578,5
REC,146,0.9399026323403576,0.014156818515481272,0.7761604008594001,0.712825666892303,0.7307948187310578,5
REC,147,0.9395944511252831,0.01417655886103035,0.7768265953618846,0.7041494037981211,0.7267948187310578,5
REC,148,0.9393925805835421,0.014337726052511454,0.7763065709946567,0.7000593187269057,0.7307948187310578,5
REC,149,0.9390065759296258,0.014429309240675373,0.774888528115433,0.7049891624846559,0.7307948187310578,5
REC,150,0.938666819362626,0.014541837982906567,0.7745470685633371,0.712416424448715,0.7267948187310578,5
REC,151,0.9389523350093878,0.01343106481488334,0.7770588806491961,0.7085529092566876,0.7267948187310578,5
REC,152,0.9388153020664591,0.013102567891102996,0.7767225616558451,0.7085267606793876,0.7267948187310578,5
REC,153,0.9386538168763258,0.013107874829681744,0.7764232238771316,0.7038372775522459,0.7307948187310578,5
REC,154,0.9385125773614735,0.013214185292221127,0.7754906783320272,0.7084016365676814,0.7267948187310578,5
REC,155,0.9381912044922543,0.013246148252742923,0.774403902307205,0.7038393542847934,0.7307948187310578,5
REC,156,0.9378065786679841,0.013298726426578101,0.772307524696593,0.6974282946088378,0.7227948187310578,5
REC,157,0.9376293120637594,0.01348544713250137,0.7719939670142508,0.6991860945799304,0.7267948187310578,5
REC,158,0.9372147541836631,0.013430952013724217,0.7708222543225235,0.7009968311068656,0.7347948187310578,5
REC,159,0.9368161194764243,0.013415330076900326,0.7699851408743005,0.7038490240542286,0.7307948187310578,5
REC,160,0.9363551270899194,0.013404613838672915,0.7706016051566678,0.7010973996136869,0.7307948187310578,5
REC,161,0.9358874249134127,0.013430686434540758,0.7705199437727901,0.69857303930913,0.7307948187310578,5
REC,162,0.9354801888314211,0.01344678856717839,0.7681127138012764,0.6932192552766647,0.7347948187310578,5
REC,163,0.9355719776168311,0.013573624715937408,0.770157069311791,0.6913574049540326,0.7467948187310578,5
REC,164,0.935453330432947,0.013845116980639031,0.7659795430662891,0.7003856169435074,0.7227948187310578,5
REC,165,0.9350541707904055,0.013930231939961006,0.7645273344257693,0.6969151715999652,0.7267948187310578,5
REC,166,0.9346620724458876,0.01379570217707808,0.7640562060091977,0.6907876849617754,0.7347948187310578,5
REC,167,0.9341952574562651,0.013778043115287398,0.7632056162964268,0.6929902611553249,0.7307948187310578,5
REC,168,0.9336722511531595,0.013820451510028432,0.7622019351164513,0.6963376572668447,0.7187948187310578,5
REC,169,0.9332472592157479,0.013855959988572782,0.7615092269674464,0.6902331285843318,0.7307948187310578,5
REC,170,0.9330355015388134,0.014054476774779863,0.7625121238502208,0.6883329055877251,0.7347948187310578,5
REC,171,0.9327208398962348,0.014056122443878131,0.761876959425675,0.6837563629937689,0.7427948187310578,5
REC,172,0.9329384998472744,0.013907755628181584,0.763765332590763,0.689077963273537,0.7387948187310578,5
REC,173,0.9327546498147944,0.01409371374589596,0.7632810412696955,0.6808902452723752,0.7387948187310578,5
REC,174,0.932471331225903,0.014349255244010971,0.7647752894647495,0.6778499376328128,0.7427948187310578,5
REC,175,0.9323628873626602,0.014748974327303502,0.7646026769646148,0.6768454200949409,0.7507948187310578,5
REC,176,0.9318678178427902,0.015027983232109564,0.7641927023421796,0.6735723750293269,0.7427948187310578,5
REC,177,0.9313395272076249,0.015378023862804438,0.7633289829152812,0.6796553150795409,0.7427948187310578,5
REC,178,0.9308243520222887,0.015588353029405451,0.7583987489351357,0.6769579766521578,0.7267948187310578,5
REC,179,0.9307059702105649,0.01601983241667877,0.7586191173061612,0.6774036603247209,0.7347948187310578,5
REC,180,0.9302980867666649,0.01601307624759956,0.7572023311443148,0.6758205442755362,0.7187948187310578,5
REC,181,0.930839096027054,0.01409743619931083,0.7557900013235109,0.6789531688936289,0.7267948187310578,5
REC,182,0.9302628061360426,0.014066450680949484,0.7537783323056839,0.6764161435627074,0.7227948187310578,5
REC,183,0.9297252477443687,0.014331630486323356,0.7542690697400245,0.6724916640198306,0.7227948187310578,5
REC,184,0.9292347007944823,0.014376243053653825,0.753297355226307,0.6681294414183091,0.7187948187310578,5
REC,185,0.9285638874449889,0.014415674211967244,0.7507424339106687,0.665657413165772,0.7187948187310578,5
REC,186,0.9277719002388439,0.014476296574963828,0.7501345044680761,0.6684775831657184,0.7307948187310578,5
REC,187,0.9271208664690544,0.014638018960917572,0.7483206083963317,0.662065579737389,0.7227948187310578,5
REC,188,0.9262926678153095,0.014831134092952532,0.7455053670119179,0.6630498962355518,0.7267948187310578,5
REC,189,0.9254414499927337,0.01507863554687229,0.7403737968271039,0.6618146241922636,0.7067948187310578,5
REC,190,0.9244795904370318,0.015487880336044866,0.7392760685996439,0.6634772154101735,0.7107948187310578,5
REC,191,0.9235104900034632,0.01587132029301315,0.7358143638845279,0.6613334101143551,0.7147948187310578,5
REC,192,0.9222634141215573,0.016198300737854898,0.7344862997711502,0.6546882466675662,0.7187948187310578,5
REC,193,0.9212244799593409,0.016315315283190076,0.7333693177640728,0.6546423598200939,0.7227948187310578,5
REC,194,0.9206811894415585,0.016547606250554018,0.7302074289222045,0.6476909931807621,0.7267948187310578,5
REC,195,0.9201744812740215,0.016143402977306903,0.7301956272857533,0.6516482279415993,0.7267948187310578,5
REC,196,0.9191232665989342,0.016181786866947878,0.7251379043804679,0.6496539827403904,0.7147948187310578,5
REC,197,0.9179737865836113,0.016701867522101142,0.7253631626358776,0.6485133890940069,0.7267948187310578,5
REC,198,0.9162123116448324,0.017128115638948508,0.7227673871347651,0.640236145759223,0.7227948187310578,5
REC,199,0.9152052418175467,0.018418459143925633,0.7202231181550823,0.6407291401191076,0.7267948187310578,5
REC,200,0.9118042871167619,0.01849663686458619,0.7145138645548155,0.6370163262280292,0.7147948187310578,5
RES,1,0.6317917664751302,0.016283131693536967,0.12851571216604313,0.0,0.05309850528096984,5
RES,2,0.7197584431033459,0.01844449904640794,0.16496638653121745,0.0,0.10909850528096983,5
RES,3,0.7629181653678871,0.011264259220217666,0.19206745469931477,0.0,0.19709850528096987,5
RES,4,0.78941861920338,0.010829331124328542,0.21529486494875041,0.0,0.18509850528096986,5
RES,5,0.8086316680118009,0.01111062607560664,0.24011921845089926,0.0,0.20509850528096987,5
RES,6,0.8240218360239673,0.011899194355722845,0.2582380874607813,0.0,0.19709850528096987,5
RES,7,0.8367273150099335,0.013421116994305234,0.27395766562559953,0.0,0.20509850528096987,5
RES,8,0.8478278007735719,0.014615838255448087,0.29649478354275555,0.0,0.24509850528096985,5
RES,9,0.8573646657360012,0.015203966801972018,0.3191260015695653,0.0,0.28109850528096986,5
RES,10,0.865957617265753,0.015500024692989263,0.33172019408207054,0.0,0.28509850528096986,5
RES,11,0.8727011538171217,0.016254468414576385,0.34994195949615126,0.0,0.3050985052809699,5
RES,12,0.8784290116339678,0.016650518872925044,0.37329603872136374,0.0,0.3170985052809699,5
RES,13,0.8849883073678979,0.016468158271958456,0.3859240412800263,0.0,0.33309850528096985,5
RES,14,0.8891862424103113,0.016484836865606808,0.3968258010558683,0.0,0.3570985052809698,5
RES,15,0.8926448456744005,0.01635217696083257,0.4029542876293858,0.0,0.36909850528096977,5
RES,16,0.896153747752456,0.015907544814330037,0.41141908348683726,0.0,0.3970985052809698,5
RES,17,0.8990740239571189,0.015814189967045783,0.42200604597526414,0.0,0.40509850528096986,5
RES,18,0.9020362858356767,0.015625811689690485,0.4334662472697711,0.004705882352941176,0.40909850528096986,5
RES,19,0.904622940951497,0.01528570300759698,0.44112861353790966,0.004705882352941176,0.42109850528096987,5
RES,20,0.9070481228939876,0.014962976616124453,0.446366798526436,0.004705882352941176,0.4170985052809698,5
RES,21,0.9095830461059646,0.0147027996215635,0.45319411127262105,0.009467787114845938,0.40509850528096986,5
RES,22,0.9116501001070663,0.014202611804278844,0.45417593392860667,0.02309542902967121,0.41309850528096986,5
RES,23,0.913507747988738,0.013980654219111256,0.46101971575978523,0.02309542902967121,0.41309850528096986,5
RES,24,0.9153446326223825,0.013587162333245879,0.47001638208753027,0.02309542902967121,0.42109850528096987,5
RES,25,0.917375778530392,0.013398946492798908,0.4786443333179079,0.03197492163009404,0.44109850528096983,5
RES,26,0.9190251348729532,0.013235494736554327,0.4866054450477327,0.04102691832254017,0.44509850528096984,5
RES,27,0.9204494865577185,0.013115390160838694,0.4953650310095073,0.04102691832254017,0.45309850528096984,5
RES,28,0.9218027207257012,0.013073586881577583,0.49503075800553453,0.04102691832254017,0.44509850528096984,5
RES,29,0.9229682620664136,0.012958383126414324,0.49950909244215247,0.03626501356063541,0.44909850528096984,5
RES,30,0.9242387378839412,0.012971100913010642,0.5000503640013829,0.050058117008911274,0.44109850528096983,5
RES,31,0.9254177667231126,0.012416740832976326,0.5019506670785151,0.05482002177081604,0.45309850528096984,5
RES,32,0.926486966032337,0.011990495102213668,0.5096601622928149,0.05482002177081604,0.46909850528096986,5
RES,33,0.9273603111131479,0.011784895841033899,0.5114722222485258,0.05466328195890381,0.46909850528096986,5
RES,34,0.9280637279934881,0.011640745599848321,0.5162999144081176,0.05466328195890381,0.47709850528096986,5
RES,35,0.9287200905712801,0.011479147527089874,0.5173987001056206,0.05466328195890381,0.47309850528096986,5
RES,36,0.9292089539902382,0.011434885920003423,0.5201706256866867,0.06334208862298749,0.46909850528096986,5
RES,37,0.9301582882808876,0.011285653544036633,0.5232165080519273,0.06753684517729461,0.47309850528096986,5
RES,38,0.9305296546820134,0.011217370311705773,0.5213790541073394,0.07568094826521793,0.46509850528096985,5
RES,39,0.9309483930827198,0.011228616653525848,0.525398918894865,0.07969432619163933,0.47709850528096986,5
RES,40,0.9312440729393388,0.011229516959349376,0.5270697943608954,0.083621394915342,0.47709850528096986,5
RES,41,0.9315032260671146,0.011202922061987516,0.5270067337716784,0.08320958983641269,0.47709850528096986,5
RES,42,0.9316995474970471,0.01118825103418144,0.5292761511551738,0.09900103519668736,0.4890985052809699,5
RES,43,0.9319638962104108,0.011147676052104455,0.5300536487733876,0.10265223794582827,0.46909850528096986,5
RES,44,0.9327358012786371,0.011082578960636323,0.5314066932575143,0.09900103519668736,0.46909850528096986,5
RES,45,0.9332252082764058,0.011111781476690997,0.5347432610093817,0.10265223794582827,0.4930985052809699,5
RES,46,0.9336256146035982,0.011106692412383481,0.5379153876220085,0.11397086183702095,0.4930985052809699,5
RES,47,0.9339177085869933,0.011231494430780442,0.5386996736837029,0.11343488987247755,0.4930985052809699,5
RES,48,0.9342262882838128,0.011282145677110052,0.5406380916005638,0.1277623847896851,0.5050985052809699,5
RES,49,0.9346785365103362,0.011370200566527678,0.5412978124262731,0.13153937856340983,0.5090985052809699,5
RES,50,0.9350300946842787,0.01157021678319647,0.5448964494140675,0.13198730689487678,0.5050985052809699,5
RES,51,0.9351740410973207,0.011601328917140935,0.5440664262022992,0.13997028380900275,0.5010985052809699,5
RES,52,0.935328495380352,0.011645913176206023,0.5449349815676984,0.14320762926807273,0.5050985052809699,5
RES,53,0.9354463238065662,0.011681182386388362,0.5463415665092672,0.14344503128375025,0.5010985052809699,5
RES,54,0.9355406279253415,0.011715640925843752,0.5487455505689243,0.1506050288250865,0.5050985052809699,5
RES,55,0.9355747734499209,0.011735999773801888,0.5481146862995521,0.1506050288250865,0.5010985052809699,5
RES,56,0.9356299801142782,0.011660272840917184,0.5488965277635268,0.142834446031377,0.5050985052809699,5
RES,57,0.9360203218035311,0.01097513701594819,0.5493461469809178,0.13867773317901194,0.5090985052809699,5
RES,58,0.9361043167145284,0.010844166549098238,0.5507371635209922,0.142834446031377,0.5090985052809699,5
RES,59,0.9361779313218642,0.010705765029299591,0.5509896707536968,0.142834446031377,0.5090985052809699,5
RES,60,0.9362305925504678,0.010584760266562838,0.5503724219664041,0.13867773317901194,0.5090985052809699,5
RES,61,0.9363383893475452,0.010444694284358083,0.5494565087606225,0.13842237056409876,0.5050985052809699,5
RES,62,0.9363755904716241,0.01038268162465107,0.5497837988011216,0.13842237056409876,0.5050985052809699,5
RES,63,0.9363500166730002,0.010336228363136728,0.5503022546691296,0.14173476348243114,0.5010985052809699,5
RES,64,0.936282666527075,0.010316798804838165,0.5477453534047644,0.1418780984083748,0.5010985052809699,5
RES,65,0.9361965740843885,0.010373790858056915,0.5489233033119574,0.15733192473725435,0.5050985052809699,5
RES,66,0.9361829596289949,0.010502731865286238,0.5461736030995671,0.16589633194920697,0.5010985052809699,5
RES,67,0.9361743881061706,0.010621267238388968,0.5429363535527403,0.18430828064438226,0.5090985052809698,5
RES,68,0.9362133076177491,0.010624503148680848,0.5417886023061047,0.17100560470125686,0.5050985052809699,5
RES,69,0.9361395120206076,0.010771394337851981,0.5458658396598542,0.19545327657198688,0.5090985052809698,5
RES,70,0.9360727659865594,0.011071797842487095,0.54479003503094,0.19054693853221555,0.4970985052809699,5
RES,71,0.9361910484107714,0.011354368601000031,0.5519861858841235,0.20573220068972325,0.5170985052809699,5
RES,72,0.9361609226474352,0.01158321762629571,0.5522716289542337,0.22277922093076002,0.5170985052809698,5
RES,73,0.935967160973999,0.01176158467094274,0.5553787566079442,0.22718127271848915,0.5170985052809698,5
RES,74,0.9361742517036402,0.011215639203253271,0.5582568476863695,0.23650559035159055,0.5130985052809699,5
RES,75,0.9361245781271851,0.011301474521444008,0.5586123619393072,0.23095497341059926,0.5130985052809698,5
RES,76,0.9359546978656528,0.011408755748478685,0.5585222728575182,0.23095497341059926,0.5170985052809699,5
RES,77,0.9356827042119557,0.011557105861848285,0.5595008121164005,0.2375953036881049,0.5290985052809698,5
RES,78,0.9356068079345932,0.011605333542655121,0.5598405163807464,0.24240658221235473,0.5290985052809698,5
RES,79,0.9354341329954531,0.011657831720895323,0.5614844170158378,0.2456323886639676,0.5250985052809698,5
RES,80,0.9353402340216471,0.011698948318684434,0.5644108703486099,0.25699858400306164,0.5250985052809698,5
RES,81,0.935358571579701,0.01210455672360207,0.5619144369266996,0.26094262475743274,0.5290985052809697,5
RES,82,0.9352124026077806,0.0121895835323335,0.5613251241210359,0.24620256410256408,0.5210985052809698,5
RES,83,0.9359453369753925,0.012355268379421276,0.5654189864218903,0.2515878851540616,0.5210985052809699,5
RES,84,0.9365608012400422,0.011993692163370956,0.5623719427838837,0.24937499999999999,0.5210985052809699,5
RES,85,0.9365504034671066,0.012267316457351187,0.5661683322811661,0.2503215223097113,0.5250985052809698,5
RES,86,0.9365293051543377,0.012558040698904021,0.5622694971615572,0.2554929221435794,0.5170985052809699,5
RES,87,0.936838173195747,0.013068416826835561,0.5667122246153709,0.25883468112207114,0.5250985052809699,5
RES,88,0.9370470459944864,0.013229458269072377,0.5686603742415993,0.2509621106842975,0.5330985052809699,5
RES,89,0.9370682486150725,0.013266005117047936,0.5676869491743826,0.26011695906432747,0.5210985052809699,5
RES,90,0.9370365804773304,0.013394563272488164,0.5662407793447966,0.26102668017561637,0.5090985052809699,5
RES,91,0.9368565067927446,0.013551482089619418,0.5641114494147619,0.26969530229039135,0.5130985052809699,5
RES,92,0.936632020627069,0.013736949669041217,0.5651260352381172,0.2584496493632914,0.5130985052809699,5
RES,93,0.9364048302786886,0.013936223426842623,0.56747126315828,0.26063064057165597,0.5370985052809698,5
RES,94,0.9362380565009953,0.013988450868946888,0.5684806951656087,0.2602722979064823,0.5370985052809698,5
RES,95,0.9363622320629759,0.013448103220549523,0.5726375676282334,0.2799599937737227,0.5330985052809698,5
RES,96,0.9365875151119377,0.012910408377910508,0.5729571869834993,0.28062786613704516,0.5370985052809698,5
RES,97,0.9365517084828279,0.012709975899542885,0.5752444072505006,0.27874479889043,0.5450985052809698,5
RES,98,0.9363486094823383,0.01269191685264368,0.5748342720542375,0.2825112909379216,0.5490985052809698,5
RES,99,0.936341928500617,0.012258331002231344,0.575100035474925,0.2828848217935629,0.5410985052809698,5
RES,100,0.9361653444051156,0.012004117376770877,0.5747726887127202,0.2815444788441692,0.5290985052809698,5
RES,101,0.9361664721889561,0.011973688506148387,0.576929166533985,0.3010864785495807,0.5210985052809698,5
RES,102,0.9361877542338005,0.0118980260259551,0.5739111140881927,0.30507905770635285,0.5330985052809698,5
RES,103,0.9363050131819893,0.011864264337794358,0.5747610271755588,0.3048839648128697,0.5210985052809698,5
RES,104,0.9363656200865128,0.01150288582541351,0.5740609840989813,0.3112870839405861,0.5330985052809698,5
RES,105,0.9364658490315074,0.010992262938794092,0.573062844497403,0.3310399475644174,0.5290985052809698,5
RES,106,0.9367613651644635,0.010329783733506674,0.5782388243991974,0.3375424822890077,0.5290985052809698,5
RES,107,0.9368580395184232,0.009951018372948494,0.5754204074685434,0.34327173669586103,0.5330985052809698,5
RES,108,0.9369981880909439,0.009773222335205368,0.5796629722875496,0.35524595303237577,0.5490985052809698,5
RES,109,0.9369070278321289,0.009429473699102898,0.5798010920478346,0.3567808522361782,0.5570985052809698,5
RES,110,0.9370390330821738,0.009209481800876555,0.577014078114121,0.3678313121804731,0.5490985052809698,5
RES,111,0.9374517851079395,0.00864009958283515,0.57649858810065,0.398062845419749,0.5450985052809698,5
RES,112,0.9379561516952144,0.00812537107516945,0.5759404470285308,0.3966109317564618,0.5370985052809698,5
RES,113,0.9381311375552588,0.007837292526623161,0.5790906030185192,0.36708768935353103,0.5410985052809698,5
RES,114,0.9380024727960745,0.00786969732653057,0.5774193430578415,0.3826043082698815,0.5410985052809698,5
RES,115,0.9378428314589614,0.00790514133590101,0.5760408928846825,0.3638610591665725,0.5410985052809698,5
RES,116,0.9377801246867413,0.007715956557064651,0.5768030970297545,0.37348834154351396,0.5370985052809698,5
RES,117,0.9378405500936313,0.007418312978129478,0.5731935909871066,0.3690232683982684,0.5370985052809698,5
RES,118,0.9380501573128454,0.007049941467068451,0.5735482683265534,0.39163696261809466,0.5450985052809699,5
RES,119,0.9380247564803492,0.006786879903348256,0.5764538781188054,0.3979162148970295,0.5450985052809698,5
RES,120,0.9384818349611853,0.007072412659746667,0.5770085910598677,0.41122862936191557,0.5410985052809698,5
RES,121,0.9386933327215023,0.007206090866267641,0.5755844090839252,0.4323235661859413,0.5530985052809699,5
RES,122,0.9387355566681723,0.006905091694919282,0.5776720341218475,0.42899847694440385,0.5410985052809698,5
RES,123,0.9386734335931542,0.006770255653348,0.5714021873925932,0.42930277085110385,0.5290985052809699,5
RES,124,0.9384963904213777,0.006613073219454998,0.5728703716602007,0.4430409356725146,0.5290985052809699,5
RES,125,0.9382304004087647,0.00652183427055768,0.5735925560537865,0.44432059899055476,0.5290985052809699,5
RES,126,0.9382286351995474,0.006656310610091064,0.5723997480516856,0.4324779560681855,0.5290985052809699,5
RES,127,0.9380015021341359,0.006637102103867442,0.5711310203135733,0.4477836061320781,0.5250985052809699,5
RES,128,0.9376671277336264,0.006701295550920859,0.5696654665359537,0.44404308707991974,0.5250985052809699,5
RES,129,0.9372991064953767,0.00671684637665069,0.5674806967048246,0.4519663439250145,0.5210985052809699,5
RES,130,0.9371507973342375,0.006805987569802651,0.5680288385999349,0.4507176363368314,0.5370985052809698,5
RES,131,0.9368557811069069,0.006875617503936214,0.5671923631517966,0.4505911075293209,0.5370985052809698,5
RES,132,0.9364587931713502,0.006924397413645495,0.5635178729520496,0.44550607755698024,0.5330985052809698,5
RES,133,0.9360174409983391,0.007086612597490122,0.556829774951434,0.4565287771108542,0.5370985052809698,5
RES,134,0.9357901693975205,0.0072774257209714385,0.5565895612604906,0.4639720517642738,0.5290985052809698,5
RES,135,0.9353218773692703,0.007500150081469759,0.5534608885410522,0.4569783443157405,0.5210985052809699,5
RES,136,0.9347364143485957,0.007748102777268569,0.5510564814894046,0.4521435559733608,0.5170985052809699,5
RES,137,0.9343498605464404,0.007955409504107598,0.5499220264911724,0.45753983465155035,0.5170985052809699,5
RES,138,0.9345510879985841,0.007499910751174801,0.5502430198657813,0.4665642496901231,0.5250985052809698,5
RES,139,0.9342109224321163,0.007803860284269371,0.5473691130246718,0.4561046096392317,0.5170985052809698,5
RES,140,0.9337275501544893,0.007946232470478464,0.5446818799432878,0.456773592115103,0.5290985052809698,5
RES,141,0.9331525127357103,0.00823264207343148,0.5442293853326892,0.4702600713386131,0.5250985052809698,5
RES,142,0.9326138770185848,0.008418984930355347,0.540439935775263,0.4652755947344532,0.5170985052809698,5
RES,143,0.932148513125072,0.008626413784973058,0.5379471954339973,0.46381069203963027,0.5010985052809699,5
RES,144,0.9315803811478742,0.009214225551306285,0.5338802624351999,0.4846668638121082,0.5010985052809699,5
RES,145,0.9309655290187802,0.009512838541381023,0.5364093829259619,0.530078620025286,0.5050985052809698,5
RES,146,0.9304369532675789,0.009653950131186008,0.5380667485834392,0.5236366500797507,0.5170985052809698,5
RES,147,0.9298618644566329,0.009735919253876452,0.5369620946960024,0.5300791603083905,0.5170985052809699,5
RES,148,0.9293208048777138,0.009778051303037051,0.5405508153799461,0.5243602662341565,0.5290985052809698,5
RES,149,0.9286750185235245,0.009991232229951534,0.5381220459912415,0.5159782284179859,0.5370985052809698,5
RES,150,0.9279589823270259,0.01019239190765271,0.5360111081049188,0.5137844821868469,0.5250985052809699,5
RES,151,0.9273946108142284,0.010255645276967448,0.5336803370919105,0.521939375793602,0.5170985052809699,5
RES,152,0.9268221012603635,0.010349850271806332,0.5291957918200707,0.5161647736873675,0.5170985052809698,5
RES,153,0.9261344788383307,0.010475036959857997,0.5310333724082771,0.511762017686237,0.5130985052809698,5
RES,154,0.9255957209378515,0.010579262632767143,0.5311001822727125,0.510996940957301,0.5210985052809698,5
RES,155,0.9250104982212622,0.010535278352446106,0.5274917117575715,0.5115243675480329,0.5210985052809698,5
RES,156,0.9244280505801303,0.010573900748127595,0.5274876747289877,0.5023707149009475,0.5210985052809699,5
RES,157,0.9236285041434273,0.010787348164927274,0.5246563743318408,0.49876386999875055,0.5170985052809699,5
RES,158,0.9231008630999608,0.010853583838538428,0.5216704304915568,0.5083930084918028,0.5130985052809699,5
RES,159,0.9222516687828864,0.01105275004953032,0.5195716979038051,0.5018744036902159,0.4970985052809699,5
RES,160,0.9215099826136033,0.011099573574252284,0.5144802382930302,0.5016838423651346,0.48509850528096987,5
RES,161,0.9210637187307101,0.011870856297039743,0.5137976737043721,0.5042639083818757,0.4890985052809699,5
RES,162,0.9206224374504514,0.012309248986076302,0.5175610007830368,0.5001653102595223,0.4890985052809699,5
RES,163,0.9199261074077605,0.01270576117452656,0.5171582667817572,0.509623222296532,0.4930985052809699,5
RES,164,0.9194447052986259,0.012882036566075075,0.518142295980311,0.5140876548949561,0.5050985052809699,5
RES,165,0.9187857295408597,0.013118757014926562,0.5161073258062474,0.49831685685476296,0.5050985052809699,5
RES,166,0.9179937515656329,0.013280550118630732,0.5162862061037887,0.49387521680122515,0.4930985052809699,5
RES,167,0.9176882889154694,0.013320344283746066,0.5165905015648925,0.4926050147216934,0.5050985052809699,5
RES,168,0.9168256274130451,0.013577498925196383,0.5168523821530185,0.49708683079955146,0.5050985052809699,5
RES,169,0.9159680596259641,0.013845051187972036,0.5083232767452358,0.5043198076686448,0.47309850528096986,5
RES,170,0.9153200361890234,0.013814136574750512,0.5107110590835386,0.5007858552646929,0.4930985052809699,5
RES,171,0.9148041966559258,0.01443571715140023,0.505906627707178,0.5009395404532375,0.48509850528096987,5
RES,172,0.9138241459982808,0.014687125047040183,0.5025982152869121,0.486763442678659,0.45709850528096985,5
RES,173,0.912655787229278,0.014981130454033518,0.5047671568992552,0.48815645951262276,0.47709850528096986,5
RES,174,0.9125994926963402,0.014594214914913377,0.5063204353100319,0.4820503981615093,0.47709850528096986,5
RES,175,0.9116670852182883,0.014883494249875355,0.5047423327491803,0.4768916007806535,0.5010985052809699,5
RES,176,0.9108211726871879,0.015143595705541002,0.5032322446455242,0.4708616870071822,0.4890985052809699,5
RES,177,0.9098946788631451,0.01546682221401903,0.5036771140055107,0.4729330659027787,0.48109850528096987,5
RES,178,0.9091254914858414,0.01562868407651696,0.5012142719139561,0.4675295427144162,0.48109850528096987,5
RES,179,0.9082487590924526,0.016242832255661723,0.4945012779734343,0.45497746385428883,0.48509850528096987,5
RES,180,0.9077145480784082,0.01664578060041624,0.4868416673953434,0.45937242617252344,0.47709850528096986,5
RES,181,0.9074710037471186,0.015633276072385825,0.4861575375270406,0.4602981429896379,0.48109850528096987,5
RES,182,0.9061889101512977,0.0158206601994368,0.48395077006667914,0.4505105587536787,0.4890985052809699,5
RES,183,0.9050981653361987,0.015984531471329326,0.4818192405895476,0.45582575865240804,0.4890985052809699,5
RES,184,0.9036017221210495,0.01623709532650005,0.4760308351842645,0.445353800837331,0.48509850528096987,5
RES,185,0.9021415473535551,0.016415218193087427,0.46710051366451283,0.44318682001161464,0.47309850528096986,5
RES,186,0.901675954328167,0.016129564979118688,0.47347585242988244,0.4362061084046208,0.4890985052809699,5
RES,187,0.9005579008733257,0.015993971130931817,0.47383159058971014,0.44198552319709067,0.48109850528096987,5
RES,188,0.8992678298115683,0.015965065318242717,0.47815012533919427,0.4344818057373224,0.48109850528096987,5
RES,189,0.8977553192314852,0.016073925871603365,0.47347223312504105,0.4287630929277311,0.47709850528096986,5
RES,190,0.8960981509748303,0.016367680080677936,0.46655541799487954,0.43391488702091524,0.48109850528096987,5
RES,191,0.8952463134143793,0.015468771018898328,0.4641110682991746,0.4280102427302007,0.47309850528096986,5
RES,192,0.8945498087805124,0.01688147553353607,0.47153156054680717,0.43163384803752125,0.47309850528096986,5
RES,193,0.8925438317292883,0.017065114274350396,0.4730661833851852,0.41484185870421336,0.47709850528096986,5
RES,194,0.8909255338264869,0.017354553463807123,0.46716069733119464,0.41937141498857633,0.46109850528096985,5
RES,195,0.8888292374791821,0.017419793760259636,0.4635168481960773,0.40449150563766656,0.46909850528096986,5
RES,196,0.8870259044147943,0.017005904597057996,0.46446346710610725,0.41119417761107524,0.45709850528096985,5
RES,197,0.8845920705095658,0.017678398475814695,0.4512667597769683,0.407907357889714,0.4490985052809699,5
RES,198,0.8832189946993347,0.016265979013760253,0.4574897988752361,0.40734788101023034,0.44909850528096984,5
RES,199,0.8812663559126547,0.01656771558699565,0.45233623388772537,0.404527730685487,0.44109850528096983,5
RES,200,0.876438118590046,0.016960398651773453,0.4383122175764571,0.3941772925776381,0.42109850528096987,5
SU,1,0.8025913140412892,0.05081610441951646,0.14157601609646764,0.0,0.14670561224692458,5
SU,2,0.8622412721928405,0.04086228738457837,0.2456694721411603,0.0,0.22270561224692456,5
SU,3,0.8942494312786744,0.028229963120977867,0.2927326860084885,0.013333333333333332,0.24670561224692458,5
SU,4,0.9160086747022952,0.02051903770267268,0.32840690386800503,0.013333333333333332,0.2827056122469246,5
SU,5,0.932666503267084,0.021877120457981507,0.33678210138097114,0.012903225806451613,0.29870561224692455,5
SU,6,0.9418019016080335,0.020353080294015686,0.35932906936534614,0.03714565004887586,0.30270561224692455,5
SU,7,0.9485580858283542,0.01824356916722909,0.37492320600322154,0.03643263757115749,0.31870561224692456,5
SU,8,0.9534802440826656,0.016580398368049424,0.41898230696453564,0.061388074291300096,0.3387056122469246,5
SU,9,0.9566538416149688,0.015451482516249174,0.44745012123818106,0.07243976769593469,0.3507056122469246,5
SU,10,0.9598855621944201,0.014360605382193706,0.4591226589051246,0.07243976769593469,0.3627056122469246,5
SU,11,0.9624649880082862,0.013656717024310924,0.4780448816779407,0.07243976769593469,0.3747056122469246,5
SU,12,0.964940360967834,0.013245957008580217,0.4808004994025922,0.07243976769593469,0.3627056122469246,5
SU,13,0.9668981603022531,0.01256129953673293,0.5269429341220875,0.11891162916779616,0.38270561224692456,5
SU,14,0.9688850847045283,0.011626023088156742,0.5570704626767788,0.10636200716845878,0.3947056122469246,5
SU,15,0.9705766044477369,0.010578697315245895,0.5610340544302067,0.1298224177256435,0.39070561224692457,5
SU,16,0.9724682487377383,0.01015170837077525,0.577407402385674,0.1298224177256435,0.41070561224692453,5
SU,17,0.9735926666267245,0.009636810271119851,0.5967947168099831,0.14272564353209516,0.41470561224692454,5
SU,18,0.9752427409735347,0.009110676013997416,0.6029870326392576,0.1548224177256435,0.41470561224692454,5
SU,19,0.9760941036352776,0.008709979392028052,0.6028955367829676,0.1669191919191919,0.41870561224692454,5
SU,20,0.9767849788579095,0.008459335615203189,0.6056659885613296,0.1669191919191919,0.41470561224692454,5
SU,21,0.9775123284985213,0.00817626494766206,0.6139928411483285,0.20034165181224006,0.42270561224692454,5
SU,22,0.978705508563046,0.007385861568070956,0.6209718264699389,0.20935616670910787,0.43870561224692456,5
SU,23,0.9797951041853896,0.006901085328467361,0.6263393900475341,0.17149102884397002,0.43870561224692456,5
SU,24,0.9805061719653521,0.00669908658531586,0.6244306380947477,0.18285466520760638,0.43470561224692456,5
SU,25,0.981127802075901,0.006608372100207276,0.6353550164653955,0.18392418392418391,0.44670561224692457,5
SU,26,0.9815917842689774,0.006578098370441199,0.645165942718563,0.21099185309711627,0.4547056122469246,5
SU,27,0.9819552285143166,0.006666370201873234,0.6447846488367271,0.21099185309711627,0.4627056122469246,5
SU,28,0.9823120641543073,0.00672637062839426,0.6508813593175635,0.2200956937799043,0.4587056122469246,5
SU,29,0.9826051594326041,0.006728863669698667,0.6487476498535463,0.21249335459861776,0.4667056122469246,5
SU,30,0.9830506375307054,0.006644819164379511,0.6564054299180297,0.23749335459861776,0.4587056122469246,5
SU,31,0.9834486534966602,0.006531170545200868,0.6630468214895897,0.2354154325206957,0.4587056122469246,5
SU,32,0.9839506751126095,0.00639746955384816,0.6646030814878952,0.23749335459861776,0.4707056122469246,5
SU,33,0.9841800300292123,0.006368596224537287,0.6748028141425382,0.24680266390792704,0.4627056122469246,5
SU,34,0.9845531148499356,0.006427117503923388,0.6742434379694131,0.2450956937799043,0.4587056122469246,5
SU,35,0.9847762968934107,0.006410126887676385,0.675894853125838,0.24680266390792704,0.4587056122469246,5
SU,36,0.984928966570261,0.006435510971965214,0.6758820388493427,0.2450956937799043,0.4627056122469246,5
SU,37,0.985047184352856,0.006456687495932337,0.6792364142866943,0.25645933014354066,0.4587056122469246,5
SU,38,0.9851727115434542,0.006463127915421117,0.6809260930421823,0.25645933014354066,0.4627056122469246,5
SU,39,0.9852496400670301,0.006481620897816846,0.6713487027345459,0.27565124933545987,0.4667056122469246,5
SU,40,0.9853053411692511,0.006524884604059518,0.6729314017065692,0.27565124933545987,0.4667056122469246,5
SU,41,0.98535442640392,0.006556180766456707,0.6733314643648383,0.27565124933545987,0.4667056122469246,5
SU,42,0.9853827344738624,0.006582635431292571,0.6716947397070854,0.26428761297182346,0.4667056122469246,5
SU,43,0.9853831992548979,0.00662051725144143,0.6721870183993244,0.26428761297182346,0.4627056122469246,5
SU,44,0.9853626653739944,0.006646623099665299,0.6735190553315534,0.2837484153273627,0.4667056122469246,5
SU,45,0.9854653347785118,0.006635955180320929,0.6713370562666462,0.2723847789637263,0.4667056122469246,5
SU,46,0.9854445648759889,0.0066770951744211035,0.6709050114824427,0.2723847789637263,0.4667056122469246,5
SU,47,0.9854171863681176,0.006697941947983157,0.672762776360115,0.2723847789637263,0.4667056122469246,5
SU,48,0.9853890997953874,0.006739325376268637,0.6726989983221238,0.2707653457653458,0.4667056122469246,5
SU,49,0.9853541685956895,0.00678401062261157,0.6644297360964987,0.2707653457653458,0.4707056122469246,5
SU,50,0.9856137923772279,0.006706405148129403,0.6668519867903372,0.2707653457653458,0.4667056122469246,5
SU,51,0.9858017854127746,0.0066547719511815305,0.6682932689859185,0.2707653457653458,0.4707056122469246,5
SU,52,0.9858305146905304,0.006667632162126616,0.6713419360308883,0.2723847789637263,0.4667056122469246,5
SU,53,0.9858234195175355,0.006695330056695414,0.6717674743151788,0.2723847789637263,0.4667056122469246,5
SU,54,0.9858030780850295,0.006744615180459244,0.6701820894762475,0.2723847789637263,0.4667056122469246,5
SU,55,0.9858438735141986,0.0067872102218555445,0.6714199455159743,0.25444634313055364,0.4707056122469246,5
SU,56,0.9858020904253293,0.006835486778494303,0.6720337719992284,0.26321809425524595,0.4707056122469246,5
SU,57,0.9856975328478551,0.0069530358967465865,0.6711814504604621,0.26321809425524595,0.4667056122469246,5
SU,58,0.9855807021461628,0.006988389370624877,0.6723705417299988,0.26894718605244916,0.4667056122469246,5
SU,59,0.9856080298186083,0.007026019188575567,0.6756141894965062,0.25942222600966236,0.4747056122469246,5
SU,60,0.9859089501213696,0.006443758665708692,0.6757856516931408,0.25780279281128177,0.4747056122469246,5
SU,61,0.9858629259055516,0.006416614964259995,0.6742590723520616,0.2508873753695485,0.4747056122469246,5
SU,62,0.9857524677875877,0.006604168432604879,0.6839843539909378,0.25846984505728143,0.4867056122469246,5
SU,63,0.9855367440272914,0.006860918510277053,0.683985824179365,0.25846984505728143,0.4747056122469246,5
SU,64,0.9856580446153483,0.006853424106323488,0.6847640727213156,0.25846984505728143,0.4827056122469246,5
SU,65,0.9855537085350864,0.006944251016427912,0.684082578383974,0.2753863567106351,0.4787056122469246,5
SU,66,0.9854696921007194,0.007073257126602019,0.6848756550729505,0.25875434007861847,0.4747056122469246,5
SU,67,0.9854522410252778,0.006969100774460571,0.6818741899621952,0.2650701295523027,0.4747056122469246,5
SU,68,0.9855216386436382,0.006844660727693848,0.6738211854081763,0.26879105978486084,0.4667056122469246,5
SU,69,0.9863571406525452,0.006439809072679648,0.6769066699982951,0.26879105978486084,0.4747056122469246,5
SU,70,0.9865962378153839,0.006407294789478203,0.6801885400807495,0.2773259104249747,0.4827056122469246,5
SU,71,0.9867954473245135,0.006447879371202573,0.6858164838412404,0.26879105978486084,0.4747056122469246,5
SU,72,0.986907808139841,0.00628813252664356,0.6843245389669607,0.26879105978486084,0.4827056122469246,5
SU,73,0.9868993331481472,0.006281578510422164,0.6921106110795667,0.2966241560390097,0.4787056122469246,5
SU,74,0.9868018780058716,0.00625744688817996,0.6929919278407362,0.2966241560390097,0.4787056122469246,5
SU,75,0.9866845897853475,0.006200609109705837,0.6906586517601373,0.3017921146953405,0.4827056122469246,5
SU,76,0.9868148519327449,0.005818004699900982,0.6855874759204444,0.3017921146953405,0.4867056122469246,5
SU,77,0.9866765432636706,0.005847442453560622,0.6853324263074813,0.3017921146953405,0.4827056122469246,5
SU,78,0.9865316405136557,0.005805691985975525,0.6845120405638554,0.30652024708304737,0.4747056122469246,5
SU,79,0.9864957652274795,0.005792310068482597,0.6829154277953731,0.31542712967414044,0.4707056122469246,5
SU,80,0.986425194763225,0.00578646973409714,0.6808550604598841,0.32869269949066215,0.4747056122469246,5
SU,81,0.9863546315611741,0.00573906368589682,0.6742784476232422,0.32918488016860137,0.4627056122469246,5
SU,82,0.986480100654143,0.005695473688754447,0.6729666756640752,0.354376797720451,0.4747056122469246,5
SU,83,0.9864257503218063,0.005681217259842311,0.6779030547965192,0.39261993596358924,0.4787056122469246,5
SU,84,0.9862876486255372,0.005654173326881549,0.6800580590764242,0.39261993596358924,0.4787056122469246,5
SU,85,0.9860723823840724,0.005641364789527917,0.6792084817505749,0.4107485909343495,0.4787056122469246,5
SU,86,0.9863383787493396,0.004751683316710503,0.6777824647325279,0.41759069619750744,0.4827056122469246,5
SU,87,0.9862328843475907,0.004640955734922879,0.6698782504292924,0.43171136371997204,0.4867056122469246,5
SU,88,0.9861134719324905,0.0045710571005345485,0.670083234333543,0.42731011127237545,0.4867056122469246,5
SU,89,0.9859938525445854,0.004544421139728573,0.6735084626016226,0.4106780946403588,0.4707056122469246,5
SU,90,0.9860195934255269,0.00459928545732144,0.6707756967865057,0.42731011127237545,0.4787056122469246,5
SU,91,0.9858936014538932,0.0046248095605098405,0.672138237725397,0.4433201175262842,0.4667056122469246,5
SU,92,0.9858537718978135,0.004399420070135118,0.6713117848030515,0.4270178233292531,0.4667056122469246,5
SU,93,0.9856598274863517,0.004313293072851757,0.6754142942487074,0.4353588917601803,0.4627056122469246,5
SU,94,0.9860108642567044,0.0035986636695961513,0.6761534830160406,0.4464509119921235,0.4627056122469246,5
SU,95,0.9859720078359178,0.003352751001342786,0.6783844136122449,0.42647801226312626,0.4707056122469246,5
SU,96,0.9860527417542218,0.0031114060079331447,0.6837071595575209,0.4351791428256174,0.4667056122469246,5
SU,97,0.9861136934297028,0.0029968880373051994,0.6895195616383926,0.4605359883413508,0.4747056122469246,5
SU,98,0.9860766888708543,0.0031212420726784585,0.6881772360763241,0.5199126117179741,0.4747056122469246,5
SU,99,0.9864616764434084,0.0038292920495003233,0.6935907416464439,0.4734615271347507,0.4667056122469246,5
SU,100,0.9864551331978934,0.004029025952590255,0.6905547963832651,0.4777849343638817,0.4707056122469246,5
SU,101,0.9865452934565729,0.003998503408442689,0.6966371062184711,0.45754350912245645,0.4707056122469246,5
SU,102,0.98647713404394,0.004085584956797367,0.7000908116002164,0.45879953379953375,0.4747056122469246,5
SU,103,0.9863237926132495,0.0041717852434719,0.7119912416070544,0.5137373299298249,0.4667056122469246,5
SU,104,0.9861350842506404,0.004250877699419241,0.7044385810635058,0.5177328957674959,0.4627056122469246,5
SU,105,0.9860084060007589,0.004270712683520485,0.704201050560144,0.5064635410189446,0.4707056122469246,5
SU,106,0.9859806062850742,0.0042342979713734085,0.7077570298987739,0.518750211784812,0.4627056122469246,5
SU,107,0.9859290627944597,0.004436089058536998,0.7053491974622774,0.5162350997781745,0.4627056122469246,5
SU,108,0.9859426649019513,0.004180134756686766,0.7013373166628314,0.5121007328531098,0.4547056122469246,5
SU,109,0.9859861473464816,0.0037925063715477966,0.7047848312079474,0.5107180176145694,0.4667056122469246,5
SU,110,0.9859575451572903,0.0036646434416416863,0.705454823682756,0.531528326745718,0.4667056122469246,5
SU,111,0.9859950508081925,0.003760655261291879,0.7077878722088047,0.5357456155643109,0.4707056122469246,5
SU,112,0.9862769114573972,0.003777032365681099,0.7026277382534818,0.5269531682044416,0.4627056122469246,5
SU,113,0.9863822424595631,0.00381981737065163,0.7041936038861756,0.5484644600377548,0.4707056122469246,5
SU,114,0.986422202735309,0.004011262019111068,0.6966501041708687,0.5546281429022051,0.4707056122469246,5
SU,115,0.9863345334124913,0.004260915313829261,0.6997352433672626,0.5456459912996584,0.4667056122469246,5
SU,116,0.9862119474143831,0.0044691337274603985,0.7055633814820437,0.55662024620723,0.4707056122469246,5
SU,117,0.9862900197350385,0.004428714128455759,0.7108179854611139,0.5831035228641248,0.4747056122469246,5
SU,118,0.986199245820148,0.004574383950466714,0.7052958968436618,0.5712433862433862,0.4827056122469246,5
SU,119,0.9860511113894956,0.004700442077403496,0.7085536539074017,0.5841066133131014,0.4707056122469246,5
SU,120,0.9859152428208577,0.004840049115611201,0.7053940828521011,0.5651686033264981,0.4707056122469246,5
SU,121,0.985655920420772,0.0048551865620997964,0.7042828803469209,0.5685706679195051,0.4707056122469246,5
SU,122,0.9855323721806764,0.004566280367586546,0.7035610598302997,0.601498142519419,0.4667056122469246,5
SU,123,0.9853020223421696,0.004507320809665758,0.7174141533990461,0.6153020640880466,0.4667056122469246,5
SU,124,0.9856667519975598,0.0035563694979142673,0.7149290655109268,0.6254055316066017,0.4667056122469246,5
SU,125,0.9858947307265653,0.0035659258538294227,0.7051544731910104,0.6390748377422152,0.4667056122469246,5
SU,126,0.9859180605558855,0.003626148144322628,0.7102473989359515,0.6239113993833,0.4667056122469246,5
SU,127,0.9858389279534929,0.003545999510406962,0.7089358530098481,0.6369413425747658,0.4667056122469246,5
SU,128,0.9856873802871112,0.0036137818371049686,0.7087310740010501,0.6404030398708435,0.4667056122469246,5
SU,129,0.9857669486217245,0.0034668661583831355,0.7041971134150926,0.6322400140847495,0.4667056122469246,5
SU,130,0.9855144272753845,0.0035201649367259274,0.702995070468417,0.6510656695647474,0.4627056122469246,5
SU,131,0.9852994624153727,0.0036394052653047496,0.697800462145979,0.6319245548965855,0.4547056122469246,5
SU,132,0.9850714292198395,0.003583276571891638,0.7032400867779948,0.6430708012116166,0.4587056122469246,5
SU,133,0.984713751164222,0.0037109614478420807,0.6910455927103667,0.6114022645265647,0.4707056122469246,5
SU,134,0.984400343502234,0.0036922945496372364,0.6781948520399005,0.6084396224243123,0.4667056122469246,5
SU,135,0.984115930188436,0.003775725472689119,0.6876942300063599,0.6411968469073969,0.4627056122469246,5
SU,136,0.983946430354559,0.0040715296004194415,0.6844122345169072,0.6294081565660514,0.4667056122469246,5
SU,137,0.9838800719684384,0.004136966894563944,0.6861344109212861,0.6217751125298295,0.4587056122469246,5
SU,138,0.983546152212158,0.00428019050305923,0.683187231054487,0.6259343403603903,0.4587056122469246,5
SU,139,0.983364738733145,0.004362408885798454,0.677023297988787,0.6126852493461787,0.4627056122469246,5
SU,140,0.9832264591128854,0.004530537651225636,0.6861200706785556,0.629781764327034,0.4587056122469246,5
SU,141,0.9829947512422909,0.004622141217449165,0.6770754011930242,0.6127442518225928,0.4747056122469246,5
SU,142,0.9829880010239707,0.005144885351304921,0.6875072127535229,0.6214192037470726,0.4627056122469246,5
SU,143,0.9826796006514196,0.005423873044493502,0.6937314170649771,0.6309858333777708,0.4667056122469246,5
SU,144,0.9823063161200951,0.005640368149995813,0.6836787080042303,0.6024041149273948,0.4667056122469246,5
SU,145,0.9817938224064401,0.005840316968811609,0.6746790220086396,0.6060267968856128,0.45070561224692457,5
SU,146,0.9813728324591455,0.005980217912276157,0.6714616505370257,0.5907053324034457,0.4627056122469246,5
SU,147,0.9814003997843127,0.005650877356283755,0.6759132791899912,0.5914671535744056,0.4547056122469246,5
SU,148,0.9810476999693172,0.005377243031299651,0.6663759635293989,0.5755267237862097,0.4627056122469246,5
SU,149,0.9807650985753371,0.005115351737896222,0.6645835734240129,0.5851289481309765,0.44670561224692457,5
SU,150,0.9812026245604099,0.005065549440200021,0.6602674755324618,0.5812888953067403,0.43470561224692456,5
SU,151,0.9809014391872142,0.005300553086296163,0.663162351191451,0.5738105471566012,0.43870561224692456,5
SU,152,0.9807859883042209,0.005591565627520889,0.6643238047344244,0.5824981465934141,0.43870561224692456,5
SU,153,0.9806823421333087,0.005723178186968157,0.6561752140543843,0.5859082877367379,0.44270561224692456,5
SU,154,0.9804971159973638,0.0060932885363238435,0.6579934670438066,0.5798354582107442,0.42670561224692455,5
SU,155,0.9803832627991802,0.005613888421355197,0.6597737703106499,0.5955701302475495,0.43870561224692456,5
SU,156,0.9799647492633403,0.005544910740250904,0.6498507422475721,0.5743796992481203,0.43070561224692455,5
SU,157,0.9801403239305951,0.005589650426945233,0.6569058132808452,0.588538198653952,0.44270561224692456,5
SU,158,0.9796567192631768,0.005865138065999163,0.6617498609455815,0.6027398497269918,0.44270561224692456,5
SU,159,0.9792814122081275,0.005888164126348742,0.6610055085473812,0.5985496714185239,0.44670561224692457,5
SU,160,0.9788165948616279,0.0060318331613523814,0.6574707831745586,0.6075117370892018,0.43870561224692467,5
SU,161,0.9782766790668795,0.006141392094933903,0.6604629604617074,0.6174928752849562,0.43470561224692467,5
SU,162,0.9777863495988539,0.006176164225177242,0.6506314403673197,0.6005899921607736,0.43870561224692467,5
SU,163,0.9771636700998734,0.0064702136017075135,0.6442440589574228,0.6021634862315249,0.43870561224692456,5
SU,164,0.9764005359506316,0.006632261867466405,0.6436633974085505,0.5986847012367249,0.43870561224692467,5
SU,165,0.9763964981653859,0.006238054025392717,0.6369947796814526,0.5811568219854386,0.43870561224692467,5
SU,166,0.9759456859786818,0.006510656929703424,0.626320137780169,0.5641211004949925,0.43070561224692466,5
SU,167,0.9754517181466129,0.007069175970967936,0.6273790955798081,0.5671978783455883,0.43470561224692467,5
SU,168,0.9748934870741852,0.007302410407244166,0.6179997864167912,0.5663203779213308,0.43470561224692467,5
SU,169,0.974066006169242,0.007564932700945921,0.6198143132762051,0.5614952073021702,0.42670561224692466,5
SU,170,0.9735125027914096,0.007671063827743539,0.6103252819586651,0.5533533343549618,0.42270561224692466,5
SU,171,0.9725814374442852,0.008053825221734534,0.5979245976005758,0.5511862641862642,0.42270561224692466,5
SU,172,0.9716935277425259,0.008307882780000593,0.6049422786806236,0.5410566814138242,0.41870561224692465,5
SU,173,0.9713140231337498,0.008151921937769637,0.6019259488017672,0.5326197176806933,0.42670561224692466,5
SU,174,0.9709606225160993,0.008621116900357075,0.6062684032854919,0.5226715663488889,0.42270561224692466,5
SU,175,0.9703275217548389,0.00899140175434315,0.6072234081089898,0.5150475366442684,0.42270561224692466,5
SU,176,0.9696296167190454,0.009378732714487147,0.6006053752194619,0.4990970938964937,0.41470561224692465,5
SU,177,0.9687943979360817,0.01001881206891045,0.5896870094867255,0.507302277888542,0.40670561224692464,5
SU,178,0.9677519449089228,0.010283021121737906,0.578333814814748,0.4946386120143134,0.40270561224692464,5
SU,179,0.9666945934709158,0.010690728328216765,0.5726720019552232,0.4981820125784651,0.39870561224692463,5
SU,180,0.9654505925050427,0.011017615238890827,0.5647306072335937,0.4801721664275466,0.3907056122469246,5
SU,181,0.9643475545436886,0.011421453846946103,0.5512385724390463,0.4685350122587755,0.3827056122469246,5
SU,182,0.964588009738615,0.010655981727020206,0.5519781938577124,0.48313248451497304,0.39470561224692463,5
SU,183,0.963210772752938,0.01083453510321446,0.5550209658769061,0.45713771364625255,0.3867056122469246,5
SU,184,0.9621428039731516,0.011030784415786577,0.550798067162404,0.4478664857004893,0.3827056122469246,5
SU,185,0.9606721532615465,0.011239954301103226,0.5436782917690127,0.43362160305733977,0.3787056122469246,5
SU,186,0.95875991336191,0.011564094388840492,0.5406074413475179,0.42549769071508203,0.3787056122469246,5
SU,187,0.9567271462989086,0.011938061395731807,0.5288366392764013,0.41615980539414643,0.3667056122469246,5
SU,188,0.9536910876420895,0.01308861560354995,0.5291337085978146,0.3945836560462005,0.3427056122469246,5
SU,189,0.9516412834492562,0.015244573381613493,0.5406725394845924,0.39100756668918796,0.3667056122469246,5
SU,190,0.9506261072591172,0.01524682729071322,0.5237450935355222,0.400432203193487,0.3587056122469246,5
SU,191,0.9481509884766984,0.015926005517397226,0.516625623396725,0.3938865219899702,0.3547056122469246,5
SU,192,0.9444098933000724,0.01719286234359828,0.5095273279793149,0.37949384790396157,0.3547056122469246,5
SU,193,0.9400867252363394,0.018537770924767234,0.5039275387550612,0.38892117791192254,0.3427056122469246,5
SU,194,0.9351666548655857,0.020770624201671084,0.5037968634930345,0.36726538128193853,0.3427056122469246,5
SU,195,0.9289962073141285,0.024444827655795757,0.495036246146283,0.3650943109987358,0.3307056122469246,5
SU,196,0.9211480382064536,0.026844954605935622,0.47955943643403487,0.36037039501408386,0.3307056122469246,5
SU,197,0.913050263527216,0.02961683921380024,0.47664429215841314,0.3746152882205514,0.3307056122469246,5
SU,198,0.9002742208109339,0.03341689056596155,0.47472822822718597,0.3788406063522546,0.31870561224692456,5
SU,199,0.8849401176840107,0.03770621370929144,0.4733989111521126,0.3824765561319713,0.3147056122469246,5
SU,200,0.8577876531644145,0.043584247537804016,0.40724481116576144,0.3733738250973113,0.3067056122469246,5
