label,latent_idx,final_selected,selection_count,selection_frequency,mean_selected_step,candidate_order,candidate_source,edge_type,stable_edge,positive_support,negative_boundary,association_rank,directional_auc,abs_cohens_d,formal_edge_weight
RES,20808,False,1,0.2,1.0,1,filtered_top200,filtered_topk,False,False,False,1,0.6387069,0.7116696,0.0
RES,664,False,0,0.0,,2,filtered_top200,filtered_topk,False,False,False,2,0.65544766,0.57425636,0.0
RES,13430,True,2,0.4,1.5,3,filtered_top200,filtered_topk,False,False,False,3,0.62888026,0.5586691,0.0
RES,11660,True,5,1.0,6.2,4,filtered_top200,filtered_topk,False,False,False,4,0.62483704,0.54793614,0.0
RES,11435,False,1,0.2,2.0,5,filtered_top200,filtered_topk,False,False,False,5,0.6231169,0.5004963,0.0
RES,31585,True,2,0.4,4.0,6,filtered_top200,filtered_topk,False,False,False,6,0.6225797,0.50046855,0.0
RES,9959,True,2,0.4,4.5,7,filtered_top200,filtered_topk,False,False,False,7,0.6117647,0.495975,0.0
RES,1137,True,2,0.4,1.0,8,filtered_top200,filtered_topk,False,False,False,8,0.63527143,0.47939008,0.0
RES,13703,False,0,0.0,,9,filtered_top200,filtered_topk,False,False,False,9,0.6236607,0.47093692,0.0
RES,28269,True,3,0.6,8.333333333333334,10,filtered_top200,filtered_topk,False,False,False,10,0.57458586,0.46738258,0.0
RES,10916,False,0,0.0,,11,filtered_top200,filtered_topk,False,False,False,11,0.60857266,0.44588712,0.0
RES,29759,True,2,0.4,2.5,12,filtered_top200,filtered_topk,False,False,False,12,0.6175926,0.4349086,0.0
RES,6743,True,3,0.6,7.333333333333333,13,filtered_top200,filtered_topk,False,False,False,13,0.59372073,0.42799348,0.0
RES,27061,False,0,0.0,,14,filtered_top200,filtered_topk,False,False,False,14,0.5918126,0.42211738,0.0
RES,1516,False,0,0.0,,15,filtered_top200,filtered_topk,False,False,False,15,0.61571187,0.42111248,0.0
RES,19435,False,1,0.2,4.0,16,filtered_top200,filtered_topk,False,False,False,16,0.57857394,0.41644457,0.0
RES,8468,False,1,0.2,6.0,17,filtered_top200,filtered_topk,False,False,False,17,0.56615984,0.40368426,0.0
RES,21935,False,0,0.0,,18,filtered_top200,filtered_topk,False,False,False,18,0.58348507,0.38779986,0.0
RES,8104,True,2,0.4,7.0,19,filtered_top200,filtered_topk,False,False,False,19,0.6021953,0.3850928,0.0
RES,29590,False,0,0.0,,20,filtered_top200,filtered_topk,False,False,False,20,0.5848902,0.38368267,0.0
RES,24761,False,0,0.0,,21,filtered_top200,filtered_topk,False,False,False,21,0.5794092,0.3772365,0.0
RES,18730,False,0,0.0,,22,filtered_top200,filtered_topk,False,False,False,22,0.573841,0.37546238,0.0
RES,2068,True,2,0.4,10.0,23,filtered_top200,filtered_topk,False,False,False,23,0.57334733,0.36746198,0.0
RES,32605,False,0,0.0,,24,filtered_top200,filtered_topk,False,False,False,24,0.5942457,0.36565793,0.0
RES,12560,False,0,0.0,,25,filtered_top200,filtered_topk,False,False,False,25,0.5819272,0.36094293,0.0
RES,12544,False,0,0.0,,26,filtered_top200,filtered_topk,False,False,False,26,0.58168846,0.36073205,0.0
RES,2767,False,1,0.2,10.0,27,filtered_top200,filtered_topk,False,False,False,27,0.52371645,0.3566488,0.0
RES,21125,False,0,0.0,,28,filtered_top200,filtered_topk,False,False,False,28,0.56316733,0.35587075,0.0
RES,29484,False,1,0.2,12.0,29,filtered_top200,filtered_topk,False,False,False,29,0.58735466,0.3544464,0.0
RES,6573,False,0,0.0,,30,filtered_top200,filtered_topk,False,False,False,30,0.5931188,0.3532102,0.0
RES,13690,False,0,0.0,,31,filtered_top200,filtered_topk,False,False,False,31,0.5873536,0.35173288,0.0
RES,26319,False,0,0.0,,32,filtered_top200,filtered_topk,False,False,False,32,0.55786884,0.35091776,0.0
RES,23183,False,1,0.2,7.0,33,filtered_top200,filtered_topk,False,False,False,33,0.5644556,0.35002714,0.0
RES,6058,False,0,0.0,,34,filtered_top200,filtered_topk,False,False,False,34,0.5938396,0.34741098,0.0
RES,32490,False,1,0.2,9.0,35,filtered_top200,filtered_topk,False,False,False,35,0.57089126,0.34189156,0.0
RES,24744,False,0,0.0,,36,filtered_top200,filtered_topk,False,False,False,36,0.5685545,0.3416912,0.0
RES,12340,False,0,0.0,,37,filtered_top200,filtered_topk,False,False,False,37,0.5531602,0.34014603,0.0
RES,17442,False,0,0.0,,38,filtered_top200,filtered_topk,False,False,False,38,0.52478987,0.3390087,0.0
RES,32727,False,1,0.2,8.0,39,filtered_top200,filtered_topk,False,False,False,39,0.55905616,0.33631402,0.0
RES,12337,False,1,0.2,11.0,40,filtered_top200,filtered_topk,False,False,False,40,0.5704,0.33630985,0.0
RES,30498,False,0,0.0,,41,filtered_top200,filtered_topk,False,False,False,41,0.59727633,0.33613822,0.0
RES,22120,False,0,0.0,,42,filtered_top200,filtered_topk,False,False,False,42,0.5135636,0.33137894,0.0
RES,19840,False,0,0.0,,43,filtered_top200,filtered_topk,False,False,False,43,0.55980337,0.32940176,0.0
RES,26144,False,0,0.0,,44,filtered_top200,filtered_topk,False,False,False,44,0.55674815,0.32910556,0.0
RES,16286,False,0,0.0,,45,filtered_top200,filtered_topk,False,False,False,45,0.5122666,0.32882038,0.0
RES,9963,False,0,0.0,,46,filtered_top200,filtered_topk,False,False,False,46,0.55189764,0.32780844,0.0
RES,29701,False,1,0.2,16.0,47,filtered_top200,filtered_topk,False,False,False,47,0.54679245,0.32571822,0.0
RES,2462,True,5,1.0,8.2,48,filtered_top200,filtered_topk,False,False,False,48,0.5567944,0.32556647,0.0
RES,28670,False,1,0.2,7.0,49,filtered_top200,filtered_topk,False,False,False,49,0.5625489,0.32480422,0.0
RES,31930,False,0,0.0,,50,filtered_top200,filtered_topk,False,False,False,50,0.5678491,0.3246986,0.0
RES,24943,False,1,0.2,13.0,51,filtered_top200,filtered_topk,False,False,False,51,0.5621842,0.32415357,0.0
RES,7702,False,0,0.0,,52,filtered_top200,filtered_topk,False,False,False,52,0.56597567,0.32354146,0.0
RES,13966,False,0,0.0,,53,filtered_top200,filtered_topk,False,False,False,53,0.55093575,0.31970447,0.0
RES,16969,False,1,0.2,19.0,54,filtered_top200,filtered_topk,False,False,False,54,0.55381125,0.3154988,0.0
RES,28961,False,0,0.0,,55,filtered_top200,filtered_topk,False,False,False,55,0.5633123,0.31355238,0.0
RES,18310,False,0,0.0,,56,filtered_top200,filtered_topk,False,False,False,56,0.55861795,0.31009954,0.0
RES,2071,False,0,0.0,,57,filtered_top200,filtered_topk,False,False,False,57,0.5887015,0.3087646,0.0
RES,29810,False,1,0.2,8.0,58,filtered_top200,filtered_topk,False,False,False,58,0.5619403,0.30763286,0.0
RES,3156,False,0,0.0,,59,filtered_top200,filtered_topk,False,False,False,59,0.5651232,0.30734652,0.0
RES,14602,False,0,0.0,,60,filtered_top200,filtered_topk,False,False,False,60,0.52428395,0.30695945,0.0
RES,20028,True,2,0.4,9.5,61,filtered_top200,filtered_topk,False,False,False,61,0.5520071,0.30692723,0.0
RES,7140,False,0,0.0,,62,filtered_top200,filtered_topk,False,False,False,62,0.5211572,0.3065039,0.0
RES,19470,False,0,0.0,,63,filtered_top200,filtered_topk,False,False,False,63,0.56067383,0.30526546,0.0
RES,16320,False,1,0.2,6.0,64,filtered_top200,filtered_topk,False,False,False,64,0.5330341,0.30506244,0.0
RES,8226,False,0,0.0,,65,filtered_top200,filtered_topk,False,False,False,65,0.5800091,0.30137396,0.0
RES,1976,False,0,0.0,,66,filtered_top200,filtered_topk,False,False,False,66,0.55204153,0.29821813,0.0
RES,16256,False,0,0.0,,67,filtered_top200,filtered_topk,False,False,False,67,0.57775104,0.29771364,0.0
RES,8658,False,0,0.0,,68,filtered_top200,filtered_topk,False,False,False,68,0.54501545,0.29640993,0.0
RES,3459,False,0,0.0,,69,filtered_top200,filtered_topk,False,False,False,69,0.5562172,0.29580614,0.0
RES,29191,False,0,0.0,,70,filtered_top200,filtered_topk,False,False,False,70,0.55215204,0.29516166,0.0
RES,19079,False,0,0.0,,71,filtered_top200,filtered_topk,False,False,False,71,0.5238021,0.29480442,0.0
RES,6623,True,3,0.6,10.666666666666666,72,filtered_top200,filtered_topk,False,False,False,72,0.547956,0.29411516,0.0
RES,11169,False,0,0.0,,73,filtered_top200,filtered_topk,False,False,False,73,0.5657843,0.29369694,0.0
RES,31701,False,1,0.2,6.0,74,filtered_top200,filtered_topk,False,False,False,74,0.5515665,0.2929698,0.0
RES,27859,False,1,0.2,9.0,75,filtered_top200,filtered_topk,False,False,False,75,0.55473083,0.29276666,0.0
RES,22285,False,0,0.0,,76,filtered_top200,filtered_topk,False,False,False,76,0.55230194,0.29257026,0.0
RES,23990,False,0,0.0,,77,filtered_top200,filtered_topk,False,False,False,77,0.56540084,0.2908804,0.0
RES,5860,False,0,0.0,,78,filtered_top200,filtered_topk,False,False,False,78,0.56539774,0.29043242,0.0
RES,8023,False,1,0.2,5.0,79,filtered_top200,filtered_topk,False,False,False,79,0.50870544,0.28977636,0.0
RES,19892,False,0,0.0,,80,filtered_top200,filtered_topk,False,False,False,80,0.51286364,0.28930512,0.0
RES,2706,False,0,0.0,,81,filtered_top200,filtered_topk,False,False,False,81,0.554541,0.2885911,0.0
RES,31813,False,0,0.0,,82,filtered_top200,filtered_topk,False,False,False,82,0.5591332,0.28841966,0.0
RES,6349,False,0,0.0,,83,filtered_top200,filtered_topk,False,False,False,83,0.5157804,0.28840327,0.0
RES,31956,False,0,0.0,,84,filtered_top200,filtered_topk,False,False,False,84,0.5470009,0.28526288,0.0
RES,9888,False,0,0.0,,85,filtered_top200,filtered_topk,False,False,False,85,0.5605117,0.28469947,0.0
RES,14836,False,1,0.2,9.0,86,filtered_top200,filtered_topk,False,False,False,86,0.50666827,0.2846358,0.0
RES,32273,False,0,0.0,,87,filtered_top200,filtered_topk,False,False,False,87,0.57077193,0.28437948,0.0
RES,30030,False,0,0.0,,88,filtered_top200,filtered_topk,False,False,False,88,0.5473075,0.28374332,0.0
RES,21203,False,0,0.0,,89,filtered_top200,filtered_topk,False,False,False,89,0.54761755,0.2825562,0.0
RES,28548,False,0,0.0,,90,filtered_top200,filtered_topk,False,False,False,90,0.5639456,0.28106523,0.0
RES,846,False,1,0.2,13.0,91,filtered_top200,filtered_topk,False,False,False,91,0.51279336,0.27933088,0.0
RES,26485,False,0,0.0,,92,filtered_top200,filtered_topk,False,False,False,92,0.5662923,0.27907994,0.0
RES,19038,False,1,0.2,17.0,93,filtered_top200,filtered_topk,False,False,False,93,0.550328,0.2786707,0.0
RES,23888,False,0,0.0,,94,filtered_top200,filtered_topk,False,False,False,94,0.5663142,0.2783293,0.0
RES,2342,True,2,0.4,8.5,95,filtered_top200,filtered_topk,False,False,False,95,0.5503719,0.27826515,0.0
RES,10913,False,0,0.0,,96,filtered_top200,filtered_topk,False,False,False,96,0.5161181,0.27771166,0.0
RES,22903,False,0,0.0,,97,filtered_top200,filtered_topk,False,False,False,97,0.56936574,0.27721953,0.0
RES,25414,False,0,0.0,,98,filtered_top200,filtered_topk,False,False,False,98,0.5655333,0.27657002,0.0
RES,24984,False,0,0.0,,99,filtered_top200,filtered_topk,False,False,False,99,0.55689365,0.2763381,0.0
RES,21859,False,0,0.0,,100,filtered_top200,filtered_topk,False,False,False,100,0.5389113,0.27541113,0.0
RES,27508,False,1,0.2,16.0,101,filtered_top200,filtered_topk,False,False,False,101,0.5536995,0.2748028,0.0
RES,9993,False,0,0.0,,102,filtered_top200,filtered_topk,False,False,False,102,0.5817605,0.27392828,0.0
RES,14875,False,0,0.0,,103,filtered_top200,filtered_topk,False,False,False,103,0.556457,0.2728592,0.0
RES,26391,False,0,0.0,,104,filtered_top200,filtered_topk,False,False,False,104,0.5490644,0.27257702,0.0
RES,3848,False,0,0.0,,105,filtered_top200,filtered_topk,False,False,False,105,0.5724792,0.27230307,0.0
RES,9069,False,0,0.0,,106,filtered_top200,filtered_topk,False,False,False,106,0.5489307,0.2721069,0.0
RES,7857,False,0,0.0,,107,filtered_top200,filtered_topk,False,False,False,107,0.5604733,0.27178144,0.0
RES,22970,False,0,0.0,,108,filtered_top200,filtered_topk,False,False,False,108,0.55868894,0.27164468,0.0
RES,7472,False,0,0.0,,109,filtered_top200,filtered_topk,False,False,False,109,0.50505894,0.271002,0.0
RES,12593,False,0,0.0,,110,filtered_top200,filtered_topk,False,False,False,110,0.55957955,0.26994884,0.0
RES,5413,False,0,0.0,,111,filtered_top200,filtered_topk,False,False,False,111,0.57859385,0.26787877,0.0
RES,26673,False,0,0.0,,112,filtered_top200,filtered_topk,False,False,False,112,0.5402514,0.26745567,0.0
RES,18646,False,0,0.0,,113,filtered_top200,filtered_topk,False,False,False,113,0.5548818,0.26720467,0.0
RES,983,False,1,0.2,4.0,114,filtered_top200,filtered_topk,False,False,False,114,0.55788267,0.26698807,0.0
RES,31206,False,0,0.0,,115,filtered_top200,filtered_topk,False,False,False,115,0.5368838,0.26655757,0.0
RES,15437,False,0,0.0,,116,filtered_top200,filtered_topk,False,False,False,116,0.5630192,0.26612145,0.0
RES,22358,False,0,0.0,,117,filtered_top200,filtered_topk,False,False,False,117,0.5347863,0.26596105,0.0
RES,18990,False,0,0.0,,118,filtered_top200,filtered_topk,False,False,False,118,0.5454824,0.2653299,0.0
RES,31246,False,1,0.2,20.0,119,filtered_top200,filtered_topk,False,False,False,119,0.5378096,0.26413718,0.0
RES,6835,False,0,0.0,,120,filtered_top200,filtered_topk,False,False,False,120,0.5356351,0.2634256,0.0
RES,14247,False,0,0.0,,121,filtered_top200,filtered_topk,False,False,False,121,0.54443824,0.26326117,0.0
RES,677,False,0,0.0,,122,filtered_top200,filtered_topk,False,False,False,122,0.51071364,0.26320446,0.0
RES,31116,False,0,0.0,,123,filtered_top200,filtered_topk,False,False,False,123,0.53833354,0.26254275,0.0
RES,11339,False,1,0.2,14.0,124,filtered_top200,filtered_topk,False,False,False,124,0.5318713,0.26120767,0.0
RES,3673,False,0,0.0,,125,filtered_top200,filtered_topk,False,False,False,125,0.5690176,0.26114658,0.0
RES,5332,False,0,0.0,,126,filtered_top200,filtered_topk,False,False,False,126,0.5475637,0.26109782,0.0
RES,26511,False,1,0.2,18.0,127,filtered_top200,filtered_topk,False,False,False,127,0.54130757,0.26079085,0.0
RES,16045,False,0,0.0,,128,filtered_top200,filtered_topk,False,False,False,128,0.5586057,0.25865045,0.0
RES,26578,False,0,0.0,,129,filtered_top200,filtered_topk,False,False,False,129,0.5062666,0.2585776,0.0
RES,21183,False,0,0.0,,130,filtered_top200,filtered_topk,False,False,False,130,0.51278,0.25813383,0.0
RES,2995,False,0,0.0,,131,filtered_top200,filtered_topk,False,False,False,131,0.5716479,0.25763646,0.0
RES,28931,False,1,0.2,17.0,132,filtered_top200,filtered_topk,False,False,False,132,0.54463124,0.25707644,0.0
RES,7851,False,0,0.0,,133,filtered_top200,filtered_topk,False,False,False,133,0.53824186,0.25651085,0.0
RES,19179,False,2,0.4,15.0,134,filtered_top200,filtered_topk,False,False,False,134,0.51985055,0.2558622,0.0
RES,15557,False,0,0.0,,135,filtered_top200,filtered_topk,False,False,False,135,0.51153606,0.2557438,0.0
RES,23077,False,0,0.0,,136,filtered_top200,filtered_topk,False,False,False,136,0.56266403,0.25547388,0.0
RES,9827,False,0,0.0,,137,filtered_top200,filtered_topk,False,False,False,137,0.53917086,0.2554582,0.0
RES,5042,False,1,0.2,20.0,138,filtered_top200,filtered_topk,False,False,False,138,0.5563264,0.25516662,0.0
RES,29091,False,0,0.0,,139,filtered_top200,filtered_topk,False,False,False,139,0.5409691,0.25511184,0.0
RES,32508,False,0,0.0,,140,filtered_top200,filtered_topk,False,False,False,140,0.5361692,0.25478494,0.0
RES,22547,False,0,0.0,,141,filtered_top200,filtered_topk,False,False,False,141,0.55368984,0.25451377,0.0
RES,14014,False,0,0.0,,142,filtered_top200,filtered_topk,False,False,False,142,0.542299,0.25437993,0.0
RES,10922,False,0,0.0,,143,filtered_top200,filtered_topk,False,False,False,143,0.50503886,0.25326365,0.0
RES,17609,False,0,0.0,,144,filtered_top200,filtered_topk,False,False,False,144,0.5107188,0.2531229,0.0
RES,9537,False,0,0.0,,145,filtered_top200,filtered_topk,False,False,False,145,0.544748,0.2530606,0.0
RES,93,False,0,0.0,,146,filtered_top200,filtered_topk,False,False,False,146,0.52601975,0.25304323,0.0
RES,26263,False,1,0.2,3.0,147,filtered_top200,filtered_topk,False,False,False,147,0.555781,0.25295544,0.0
RES,32486,False,0,0.0,,148,filtered_top200,filtered_topk,False,False,False,148,0.53703105,0.2528652,0.0
RES,16252,False,0,0.0,,149,filtered_top200,filtered_topk,False,False,False,149,0.54865336,0.25255957,0.0
RES,8089,False,2,0.4,15.0,150,filtered_top200,filtered_topk,False,False,False,150,0.53421247,0.2525243,0.0
RES,3421,False,0,0.0,,151,filtered_top200,filtered_topk,False,False,False,151,0.5358686,0.25205916,0.0
RES,4915,False,0,0.0,,152,filtered_top200,filtered_topk,False,False,False,152,0.5337466,0.25185925,0.0
RES,7934,False,0,0.0,,153,filtered_top200,filtered_topk,False,False,False,153,0.56980586,0.25170556,0.0
RES,17247,False,0,0.0,,154,filtered_top200,filtered_topk,False,False,False,154,0.53494275,0.25156495,0.0
RES,1913,False,0,0.0,,155,filtered_top200,filtered_topk,False,False,False,155,0.55015117,0.25146484,0.0
RES,28035,False,1,0.2,15.0,156,filtered_top200,filtered_topk,False,False,False,156,0.54083353,0.25024483,0.0
RES,19403,False,0,0.0,,157,filtered_top200,filtered_topk,False,False,False,157,0.5345465,0.24964032,0.0
RES,5628,False,0,0.0,,158,filtered_top200,filtered_topk,False,False,False,158,0.54234964,0.24943908,0.0
RES,15998,False,0,0.0,,159,filtered_top200,filtered_topk,False,False,False,159,0.514643,0.2493886,0.0
RES,19427,False,0,0.0,,160,filtered_top200,filtered_topk,False,False,False,160,0.55090046,0.24934568,0.0
RES,18659,False,0,0.0,,161,filtered_top200,filtered_topk,False,False,False,161,0.55058104,0.24811706,0.0
RES,5032,False,1,0.2,5.0,162,filtered_top200,filtered_topk,False,False,False,162,0.553268,0.24777974,0.0
RES,26634,False,0,0.0,,163,filtered_top200,filtered_topk,False,False,False,163,0.55282533,0.24777275,0.0
RES,30208,False,0,0.0,,164,filtered_top200,filtered_topk,False,False,False,164,0.5353089,0.2473777,0.0
RES,14833,False,0,0.0,,165,filtered_top200,filtered_topk,False,False,False,165,0.5354928,0.24714728,0.0
RES,7374,False,0,0.0,,166,filtered_top200,filtered_topk,False,False,False,166,0.54562736,0.24713229,0.0
RES,21803,False,1,0.2,8.0,167,filtered_top200,filtered_topk,False,False,False,167,0.50822043,0.24682593,0.0
RES,1107,False,1,0.2,13.0,168,filtered_top200,filtered_topk,False,False,False,168,0.5421901,0.24594781,0.0
RES,11776,False,0,0.0,,169,filtered_top200,filtered_topk,False,False,False,169,0.5111675,0.24586281,0.0
RES,16735,False,0,0.0,,170,filtered_top200,filtered_topk,False,False,False,170,0.53312784,0.24518219,0.0
RES,21610,False,0,0.0,,171,filtered_top200,filtered_topk,False,False,False,171,0.5655471,0.24505652,0.0
RES,19013,False,1,0.2,7.0,172,filtered_top200,filtered_topk,False,False,False,172,0.5403242,0.24469575,0.0
RES,24397,False,0,0.0,,173,filtered_top200,filtered_topk,False,False,False,173,0.5369961,0.2442278,0.0
RES,24665,False,0,0.0,,174,filtered_top200,filtered_topk,False,False,False,174,0.50875115,0.24357294,0.0
RES,3293,False,0,0.0,,175,filtered_top200,filtered_topk,False,False,False,175,0.5532218,0.24263632,0.0
RES,22036,False,1,0.2,12.0,176,filtered_top200,filtered_topk,False,False,False,176,0.5111814,0.24246359,0.0
RES,11733,False,0,0.0,,177,filtered_top200,filtered_topk,False,False,False,177,0.5344003,0.24230558,0.0
RES,20632,False,0,0.0,,178,filtered_top200,filtered_topk,False,False,False,178,0.50962245,0.24213673,0.0
RES,23672,False,0,0.0,,179,filtered_top200,filtered_topk,False,False,False,179,0.56034005,0.24200955,0.0
RES,28066,False,1,0.2,15.0,180,filtered_top200,filtered_topk,False,False,False,180,0.5325556,0.24197794,0.0
RES,27211,False,0,0.0,,181,filtered_top200,filtered_topk,False,False,False,181,0.5344274,0.24190585,0.0
RES,25210,False,0,0.0,,182,filtered_top200,filtered_topk,False,False,False,182,0.5364711,0.24136965,0.0
RES,252,False,1,0.2,6.0,183,filtered_top200,filtered_topk,False,False,False,183,0.5392281,0.2409067,0.0
RES,3887,False,0,0.0,,184,filtered_top200,filtered_topk,False,False,False,184,0.5336565,0.240638,0.0
RES,28215,False,1,0.2,19.0,185,filtered_top200,filtered_topk,False,False,False,185,0.5335264,0.24041772,0.0
RES,11896,False,0,0.0,,186,filtered_top200,filtered_topk,False,False,False,186,0.56915474,0.24017903,0.0
RES,5418,False,0,0.0,,187,filtered_top200,filtered_topk,False,False,False,187,0.53277135,0.24005277,0.0
RES,28270,False,0,0.0,,188,filtered_top200,filtered_topk,False,False,False,188,0.5107507,0.23973273,0.0
RES,2013,True,2,0.4,12.0,189,filtered_top200,filtered_topk,False,False,False,189,0.5165981,0.23965427,0.0
RES,30148,False,0,0.0,,190,filtered_top200,filtered_topk,False,False,False,190,0.5423013,0.23960368,0.0
RES,19930,False,0,0.0,,191,filtered_top200,filtered_topk,False,False,False,191,0.53096163,0.23849688,0.0
RES,32535,False,0,0.0,,192,filtered_top200,filtered_topk,False,False,False,192,0.5365766,0.23829022,0.0
RES,13303,True,2,0.4,12.5,193,filtered_top200,filtered_topk,False,False,False,193,0.531536,0.23779857,0.0
RES,8199,False,0,0.0,,194,filtered_top200,filtered_topk,False,False,False,194,0.5682578,0.23759156,0.0
RES,6885,False,0,0.0,,195,filtered_top200,filtered_topk,False,False,False,195,0.5248805,0.237448,0.0
RES,17789,False,0,0.0,,196,filtered_top200,filtered_topk,False,False,False,196,0.5120385,0.23730178,0.0
RES,5663,False,1,0.2,16.0,197,filtered_top200,filtered_topk,False,False,False,197,0.56138426,0.23729292,0.0
RES,25687,False,0,0.0,,198,filtered_top200,filtered_topk,False,False,False,198,0.5335329,0.23716988,0.0
RES,19039,False,0,0.0,,199,filtered_top200,filtered_topk,False,False,False,199,0.5789691,0.23630925,0.0
RES,1291,False,0,0.0,,200,filtered_top200,filtered_topk,False,False,False,200,0.55164456,0.23628329,0.0
REC,31133,False,1,0.2,4.0,1,filtered_top200,filtered_topk,False,False,False,1,0.60939044,0.86524636,0.0
REC,20436,True,4,0.8,7.0,2,filtered_top200,filtered_topk,False,False,False,2,0.60244334,0.85400176,0.0
REC,26800,True,2,0.4,3.0,3,filtered_top200,filtered_topk,False,False,False,3,0.62279487,0.8390925,0.0
REC,3993,False,0,0.0,,4,filtered_top200,filtered_topk,False,False,False,4,0.62348354,0.82198966,0.0
REC,30224,False,0,0.0,,5,filtered_top200,filtered_topk,False,False,False,5,0.6499543,0.8108539,0.0
REC,16292,False,1,0.2,3.0,6,filtered_top200,filtered_topk,False,False,False,6,0.6175114,0.81069833,0.0
REC,29759,True,2,0.4,2.5,7,filtered_top200,filtered_topk,False,False,False,7,0.6955452,0.80312824,0.0
REC,10181,True,2,0.4,10.0,8,filtered_top200,filtered_topk,False,False,False,8,0.6328959,0.79068595,0.0
REC,15068,False,1,0.2,2.0,9,filtered_top200,filtered_topk,False,False,False,9,0.65326285,0.7785894,0.0
REC,19435,False,1,0.2,3.0,10,filtered_top200,filtered_topk,False,False,False,10,0.66014326,0.77741927,0.0
REC,21800,False,1,0.2,7.0,11,filtered_top200,filtered_topk,False,False,False,11,0.5943997,0.7675462,0.0
REC,23670,False,0,0.0,,12,filtered_top200,filtered_topk,False,False,False,12,0.5766038,0.7631803,0.0
REC,29874,False,1,0.2,14.0,13,filtered_top200,filtered_topk,False,False,False,13,0.60145617,0.7594772,0.0
REC,29190,False,0,0.0,,14,filtered_top200,filtered_topk,False,False,False,14,0.59408224,0.7528769,0.0
REC,3805,False,0,0.0,,15,filtered_top200,filtered_topk,False,False,False,15,0.6209495,0.72683,0.0
REC,19005,True,2,0.4,6.5,16,filtered_top200,filtered_topk,False,False,False,16,0.6575159,0.71487623,0.0
REC,7054,False,1,0.2,17.0,17,filtered_top200,filtered_topk,False,False,False,17,0.62547797,0.70666254,0.0
REC,28688,False,0,0.0,,18,filtered_top200,filtered_topk,False,False,False,18,0.58109325,0.6942208,0.0
REC,2089,False,0,0.0,,19,filtered_top200,filtered_topk,False,False,False,19,0.5900643,0.6926938,0.0
REC,30091,True,2,0.4,11.5,20,filtered_top200,filtered_topk,False,False,False,20,0.5798808,0.6875316,0.0
REC,22558,False,1,0.2,15.0,21,filtered_top200,filtered_topk,False,False,False,21,0.6156733,0.6833253,0.0
REC,111,False,0,0.0,,22,filtered_top200,filtered_topk,False,False,False,22,0.63107425,0.6831903,0.0
REC,12852,False,1,0.2,1.0,23,filtered_top200,filtered_topk,False,False,False,23,0.67354846,0.6767032,0.0
REC,14875,False,0,0.0,,24,filtered_top200,filtered_topk,False,False,False,24,0.65040785,0.6760484,0.0
REC,5663,False,0,0.0,,25,filtered_top200,filtered_topk,False,False,False,25,0.6522845,0.6693256,0.0
REC,11405,True,2,0.4,6.5,26,filtered_top200,filtered_topk,False,False,False,26,0.65262675,0.66370505,0.0
REC,31867,False,0,0.0,,27,filtered_top200,filtered_topk,False,False,False,27,0.6186815,0.661754,0.0
REC,26968,False,0,0.0,,28,filtered_top200,filtered_topk,False,False,False,28,0.62025523,0.660263,0.0
REC,8034,False,0,0.0,,29,filtered_top200,filtered_topk,False,False,False,29,0.5949098,0.6549882,0.0
REC,13169,False,0,0.0,,30,filtered_top200,filtered_topk,False,False,False,30,0.62020236,0.65278846,0.0
REC,32596,False,0,0.0,,31,filtered_top200,filtered_topk,False,False,False,31,0.61685383,0.6527156,0.0
REC,31930,False,1,0.2,3.0,32,filtered_top200,filtered_topk,False,False,False,32,0.64400864,0.6494037,0.0
REC,1455,False,0,0.0,,33,filtered_top200,filtered_topk,False,False,False,33,0.58810395,0.6454006,0.0
REC,4018,False,0,0.0,,34,filtered_top200,filtered_topk,False,False,False,34,0.6029342,0.63572425,0.0
REC,26319,True,2,0.4,10.0,35,filtered_top200,filtered_topk,False,False,False,35,0.60086316,0.63253677,0.0
REC,3416,False,0,0.0,,36,filtered_top200,filtered_topk,False,False,False,36,0.59679997,0.63119286,0.0
REC,8583,False,0,0.0,,37,filtered_top200,filtered_topk,False,False,False,37,0.58288527,0.6187683,0.0
REC,31915,False,0,0.0,,38,filtered_top200,filtered_topk,False,False,False,38,0.61162025,0.6161405,0.0
REC,16745,False,0,0.0,,39,filtered_top200,filtered_topk,False,False,False,39,0.6024809,0.61437964,0.0
REC,2995,False,0,0.0,,40,filtered_top200,filtered_topk,False,False,False,40,0.6556858,0.612533,0.0
REC,1211,False,0,0.0,,41,filtered_top200,filtered_topk,False,False,False,41,0.66618085,0.6065269,0.0
REC,21741,False,0,0.0,,42,filtered_top200,filtered_topk,False,False,False,42,0.6172672,0.6036453,0.0
REC,15396,False,0,0.0,,43,filtered_top200,filtered_topk,False,False,False,43,0.6279461,0.6016201,0.0
REC,16256,False,0,0.0,,44,filtered_top200,filtered_topk,False,False,False,44,0.64761704,0.6000407,0.0
REC,14094,False,0,0.0,,45,filtered_top200,filtered_topk,False,False,False,45,0.56257343,0.5971362,0.0
REC,15075,False,0,0.0,,46,filtered_top200,filtered_topk,False,False,False,46,0.5697094,0.591317,0.0
REC,13430,False,1,0.2,7.0,47,filtered_top200,filtered_topk,False,False,False,47,0.6304163,0.591244,0.0
REC,26869,False,0,0.0,,48,filtered_top200,filtered_topk,False,False,False,48,0.655252,0.58676565,0.0
REC,5569,True,2,0.4,13.0,49,filtered_top200,filtered_topk,False,False,False,49,0.56745464,0.58363646,0.0
REC,9993,True,3,0.6,5.666666666666667,50,filtered_top200,filtered_topk,False,False,False,50,0.66586363,0.5814879,0.0
REC,3673,False,0,0.0,,51,filtered_top200,filtered_topk,False,False,False,51,0.64662933,0.5790101,0.0
REC,31575,False,0,0.0,,52,filtered_top200,filtered_topk,False,False,False,52,0.60100925,0.5778471,0.0
REC,28676,False,1,0.2,10.0,53,filtered_top200,filtered_topk,False,False,False,53,0.56385255,0.5775209,0.0
REC,23242,False,1,0.2,1.0,54,filtered_top200,filtered_topk,False,False,False,54,0.6568506,0.5770266,0.0
REC,11435,False,0,0.0,,55,filtered_top200,filtered_topk,False,False,False,55,0.6382108,0.5709557,0.0
REC,31585,False,0,0.0,,56,filtered_top200,filtered_topk,False,False,False,56,0.63776386,0.5706047,0.0
REC,6756,False,0,0.0,,57,filtered_top200,filtered_topk,False,False,False,57,0.60247356,0.5691363,0.0
REC,30798,False,0,0.0,,58,filtered_top200,filtered_topk,False,False,False,58,0.6098455,0.5639576,0.0
REC,29798,False,0,0.0,,59,filtered_top200,filtered_topk,False,False,False,59,0.5710359,0.56268746,0.0
REC,8226,False,0,0.0,,60,filtered_top200,filtered_topk,False,False,False,60,0.65334433,0.5613273,0.0
REC,25414,False,0,0.0,,61,filtered_top200,filtered_topk,False,False,False,61,0.6234281,0.55649257,0.0
REC,11636,False,1,0.2,1.0,62,filtered_top200,filtered_topk,False,False,False,62,0.6462615,0.553446,0.0
REC,1516,False,0,0.0,,63,filtered_top200,filtered_topk,False,False,False,63,0.64797574,0.5525417,0.0
REC,20300,False,0,0.0,,64,filtered_top200,filtered_topk,False,False,False,64,0.5651976,0.5420704,0.0
REC,9046,False,0,0.0,,65,filtered_top200,filtered_topk,False,False,False,65,0.5627144,0.54050064,0.0
REC,11660,True,4,0.8,6.0,66,filtered_top200,filtered_topk,False,False,False,66,0.6219312,0.5401221,0.0
REC,9959,True,2,0.4,6.5,67,filtered_top200,filtered_topk,False,False,False,67,0.619583,0.53856564,0.0
REC,13312,False,1,0.2,12.0,68,filtered_top200,filtered_topk,False,False,False,68,0.6371733,0.53784394,0.0
REC,31338,False,0,0.0,,69,filtered_top200,filtered_topk,False,False,False,69,0.6081647,0.5362158,0.0
REC,18426,False,0,0.0,,70,filtered_top200,filtered_topk,False,False,False,70,0.5687207,0.5360102,0.0
REC,9537,False,1,0.2,8.0,71,filtered_top200,filtered_topk,False,False,False,71,0.60089165,0.5350121,0.0
REC,18205,False,0,0.0,,72,filtered_top200,filtered_topk,False,False,False,72,0.6316071,0.5307206,0.0
REC,4625,False,0,0.0,,73,filtered_top200,filtered_topk,False,False,False,73,0.5989193,0.52762234,0.0
REC,15504,False,0,0.0,,74,filtered_top200,filtered_topk,False,False,False,74,0.6012444,0.5255508,0.0
REC,21235,False,0,0.0,,75,filtered_top200,filtered_topk,False,False,False,75,0.612699,0.52350765,0.0
REC,17861,False,1,0.2,1.0,76,filtered_top200,filtered_topk,False,False,False,76,0.67287666,0.5224495,0.0
REC,2167,False,0,0.0,,77,filtered_top200,filtered_topk,False,False,False,77,0.61740226,0.5224287,0.0
REC,1745,False,0,0.0,,78,filtered_top200,filtered_topk,False,False,False,78,0.5910278,0.5224107,0.0
REC,8199,False,0,0.0,,79,filtered_top200,filtered_topk,False,False,False,79,0.6232209,0.5214733,0.0
REC,2970,False,0,0.0,,80,filtered_top200,filtered_topk,False,False,False,80,0.5695146,0.5207646,0.0
REC,5860,False,0,0.0,,81,filtered_top200,filtered_topk,False,False,False,81,0.61612755,0.5206919,0.0
REC,4864,False,0,0.0,,82,filtered_top200,filtered_topk,False,False,False,82,0.5936566,0.5204053,0.0
REC,664,True,2,0.4,7.5,83,filtered_top200,filtered_topk,False,False,False,83,0.6259327,0.51889795,0.0
REC,12370,False,1,0.2,9.0,84,filtered_top200,filtered_topk,False,False,False,84,0.5490012,0.51591176,0.0
REC,23990,False,0,0.0,,85,filtered_top200,filtered_topk,False,False,False,85,0.610932,0.51573235,0.0
REC,25233,False,0,0.0,,86,filtered_top200,filtered_topk,False,False,False,86,0.5825515,0.51531166,0.0
REC,27541,False,0,0.0,,87,filtered_top200,filtered_topk,False,False,False,87,0.5816365,0.5129423,0.0
REC,15992,False,2,0.4,17.5,88,filtered_top200,filtered_topk,False,False,False,88,0.55130976,0.5125951,0.0
REC,26397,False,0,0.0,,89,filtered_top200,filtered_topk,False,False,False,89,0.566163,0.5109863,0.0
REC,32544,False,0,0.0,,90,filtered_top200,filtered_topk,False,False,False,90,0.54404175,0.50811785,0.0
REC,85,False,0,0.0,,91,filtered_top200,filtered_topk,False,False,False,91,0.5945765,0.5058025,0.0
REC,19796,False,1,0.2,18.0,92,filtered_top200,filtered_topk,False,False,False,92,0.585323,0.50559634,0.0
REC,4839,False,0,0.0,,93,filtered_top200,filtered_topk,False,False,False,93,0.5573577,0.50552565,0.0
REC,10111,False,1,0.2,11.0,94,filtered_top200,filtered_topk,False,False,False,94,0.6262042,0.50475866,0.0
REC,8085,False,1,0.2,11.0,95,filtered_top200,filtered_topk,False,False,False,95,0.5855929,0.5043234,0.0
REC,17315,False,0,0.0,,96,filtered_top200,filtered_topk,False,False,False,96,0.6013298,0.5013431,0.0
REC,5233,False,0,0.0,,97,filtered_top200,filtered_topk,False,False,False,97,0.5664959,0.4994836,0.0
REC,9403,True,2,0.4,7.0,98,filtered_top200,filtered_topk,False,False,False,98,0.5579358,0.4994023,0.0
REC,8150,False,0,0.0,,99,filtered_top200,filtered_topk,False,False,False,99,0.5450698,0.4927222,0.0
REC,5036,False,0,0.0,,100,filtered_top200,filtered_topk,False,False,False,100,0.54463655,0.48974144,0.0
REC,26947,False,1,0.2,4.0,101,filtered_top200,filtered_topk,False,False,False,101,0.5648486,0.48903564,0.0
REC,8965,False,0,0.0,,102,filtered_top200,filtered_topk,False,False,False,102,0.56242067,0.4862611,0.0
REC,1290,False,0,0.0,,103,filtered_top200,filtered_topk,False,False,False,103,0.60346514,0.4839311,0.0
REC,4662,False,0,0.0,,104,filtered_top200,filtered_topk,False,False,False,104,0.6050943,0.48329902,0.0
REC,16164,False,1,0.2,7.0,105,filtered_top200,filtered_topk,False,False,False,105,0.540722,0.48057225,0.0
REC,5032,False,0,0.0,,106,filtered_top200,filtered_topk,False,False,False,106,0.6051336,0.4778777,0.0
REC,22970,False,0,0.0,,107,filtered_top200,filtered_topk,False,False,False,107,0.6007992,0.4777558,0.0
REC,11169,False,0,0.0,,108,filtered_top200,filtered_topk,False,False,False,108,0.60291356,0.47699937,0.0
REC,1928,False,0,0.0,,109,filtered_top200,filtered_topk,False,False,False,109,0.54554635,0.4767538,0.0
REC,28026,False,0,0.0,,110,filtered_top200,filtered_topk,False,False,False,110,0.5522814,0.4765179,0.0
REC,1072,False,0,0.0,,111,filtered_top200,filtered_topk,False,False,False,111,0.61480105,0.47533426,0.0
REC,1572,False,1,0.2,10.0,112,filtered_top200,filtered_topk,False,False,False,112,0.5685263,0.47422054,0.0
REC,26739,False,0,0.0,,113,filtered_top200,filtered_topk,False,False,False,113,0.5908606,0.47418472,0.0
REC,23145,False,0,0.0,,114,filtered_top200,filtered_topk,False,False,False,114,0.6033661,0.47311735,0.0
REC,29809,False,0,0.0,,115,filtered_top200,filtered_topk,False,False,False,115,0.5397937,0.4730557,0.0
REC,24112,False,0,0.0,,116,filtered_top200,filtered_topk,False,False,False,116,0.5793999,0.4716905,0.0
REC,22698,False,0,0.0,,117,filtered_top200,filtered_topk,False,False,False,117,0.5881001,0.4703609,0.0
REC,8729,False,0,0.0,,118,filtered_top200,filtered_topk,False,False,False,118,0.5776234,0.46973744,0.0
REC,4082,False,1,0.2,15.0,119,filtered_top200,filtered_topk,False,False,False,119,0.55894136,0.4685435,0.0
REC,20904,False,0,0.0,,120,filtered_top200,filtered_topk,False,False,False,120,0.58884907,0.46723157,0.0
REC,6027,False,0,0.0,,121,filtered_top200,filtered_topk,False,False,False,121,0.5371327,0.46695575,0.0
REC,31363,False,0,0.0,,122,filtered_top200,filtered_topk,False,False,False,122,0.6346267,0.4662813,0.0
REC,4215,False,0,0.0,,123,filtered_top200,filtered_topk,False,False,False,123,0.6006764,0.4639892,0.0
REC,4457,False,0,0.0,,124,filtered_top200,filtered_topk,False,False,False,124,0.5619056,0.46382168,0.0
REC,2562,False,0,0.0,,125,filtered_top200,filtered_topk,False,False,False,125,0.5478764,0.46201319,0.0
REC,17027,False,0,0.0,,126,filtered_top200,filtered_topk,False,False,False,126,0.57745713,0.4593219,0.0
REC,5941,False,1,0.2,17.0,127,filtered_top200,filtered_topk,False,False,False,127,0.6034591,0.45883742,0.0
REC,18291,False,0,0.0,,128,filtered_top200,filtered_topk,False,False,False,128,0.5945585,0.4587213,0.0
REC,503,False,0,0.0,,129,filtered_top200,filtered_topk,False,False,False,129,0.58263814,0.45858735,0.0
REC,9034,False,0,0.0,,130,filtered_top200,filtered_topk,False,False,False,130,0.581167,0.45821282,0.0
REC,4951,False,1,0.2,16.0,131,filtered_top200,filtered_topk,False,False,False,131,0.54802185,0.45765856,0.0
REC,19901,False,1,0.2,9.0,132,filtered_top200,filtered_topk,False,False,False,132,0.5500456,0.45431155,0.0
REC,30609,False,0,0.0,,133,filtered_top200,filtered_topk,False,False,False,133,0.53735715,0.45250076,0.0
REC,26681,False,0,0.0,,134,filtered_top200,filtered_topk,False,False,False,134,0.6697465,0.4514732,0.0
REC,18152,False,0,0.0,,135,filtered_top200,filtered_topk,False,False,False,135,0.5214107,0.4507261,0.0
REC,16118,False,1,0.2,6.0,136,filtered_top200,filtered_topk,False,False,False,136,0.55830395,0.45060855,0.0
REC,13410,False,0,0.0,,137,filtered_top200,filtered_topk,False,False,False,137,0.54938173,0.4504287,0.0
REC,11189,False,0,0.0,,138,filtered_top200,filtered_topk,False,False,False,138,0.59686434,0.45018837,0.0
REC,13219,False,0,0.0,,139,filtered_top200,filtered_topk,False,False,False,139,0.56803244,0.44968382,0.0
REC,13310,False,0,0.0,,140,filtered_top200,filtered_topk,False,False,False,140,0.59509254,0.44717214,0.0
REC,20564,False,0,0.0,,141,filtered_top200,filtered_topk,False,False,False,141,0.6293217,0.44541758,0.0
REC,2149,False,1,0.2,4.0,142,filtered_top200,filtered_topk,False,False,False,142,0.57520616,0.4439661,0.0
REC,4927,False,0,0.0,,143,filtered_top200,filtered_topk,False,False,False,143,0.54720473,0.4424282,0.0
REC,2833,False,1,0.2,18.0,144,filtered_top200,filtered_topk,False,False,False,144,0.5267688,0.43949863,0.0
REC,2807,False,0,0.0,,145,filtered_top200,filtered_topk,False,False,False,145,0.5731632,0.43771306,0.0
REC,12191,False,0,0.0,,146,filtered_top200,filtered_topk,False,False,False,146,0.5582237,0.43741375,0.0
REC,14655,False,0,0.0,,147,filtered_top200,filtered_topk,False,False,False,147,0.5386049,0.4364971,0.0
REC,17986,False,0,0.0,,148,filtered_top200,filtered_topk,False,False,False,148,0.59821707,0.4362649,0.0
REC,25136,False,0,0.0,,149,filtered_top200,filtered_topk,False,False,False,149,0.5425723,0.4341704,0.0
REC,24070,False,0,0.0,,150,filtered_top200,filtered_topk,False,False,False,150,0.5319129,0.43372077,0.0
REC,28269,False,0,0.0,,151,filtered_top200,filtered_topk,False,False,False,151,0.5787759,0.43357855,0.0
REC,10451,False,0,0.0,,152,filtered_top200,filtered_topk,False,False,False,152,0.53853595,0.43300316,0.0
REC,27061,False,1,0.2,11.0,153,filtered_top200,filtered_topk,False,False,False,153,0.5917526,0.43221125,0.0
REC,5767,False,0,0.0,,154,filtered_top200,filtered_topk,False,False,False,154,0.5541177,0.43104875,0.0
REC,9252,False,0,0.0,,155,filtered_top200,filtered_topk,False,False,False,155,0.58758765,0.4306139,0.0
REC,28862,False,1,0.2,20.0,156,filtered_top200,filtered_topk,False,False,False,156,0.56362545,0.4299545,0.0
REC,12974,False,0,0.0,,157,filtered_top200,filtered_topk,False,False,False,157,0.5577512,0.4297226,0.0
REC,26157,False,0,0.0,,158,filtered_top200,filtered_topk,False,False,False,158,0.55772513,0.4280787,0.0
REC,29590,True,2,0.4,10.0,159,filtered_top200,filtered_topk,False,False,False,159,0.59103775,0.4271413,0.0
REC,31944,False,0,0.0,,160,filtered_top200,filtered_topk,False,False,False,160,0.58978325,0.4263023,0.0
REC,13966,False,0,0.0,,161,filtered_top200,filtered_topk,False,False,False,161,0.5660989,0.42574072,0.0
REC,31956,False,0,0.0,,162,filtered_top200,filtered_topk,False,False,False,162,0.5694032,0.42462555,0.0
REC,3293,False,0,0.0,,163,filtered_top200,filtered_topk,False,False,False,163,0.58987665,0.42429575,0.0
REC,28404,False,0,0.0,,164,filtered_top200,filtered_topk,False,False,False,164,0.5703543,0.42398143,0.0
REC,2327,False,0,0.0,,165,filtered_top200,filtered_topk,False,False,False,165,0.59790605,0.42201993,0.0
REC,22426,False,0,0.0,,166,filtered_top200,filtered_topk,False,False,False,166,0.5553408,0.4215868,0.0
REC,15685,False,0,0.0,,167,filtered_top200,filtered_topk,False,False,False,167,0.54303044,0.42119372,0.0
REC,10900,False,1,0.2,10.0,168,filtered_top200,filtered_topk,False,False,False,168,0.5403766,0.42042002,0.0
REC,27946,False,0,0.0,,169,filtered_top200,filtered_topk,False,False,False,169,0.5500803,0.4200099,0.0
REC,4689,False,0,0.0,,170,filtered_top200,filtered_topk,False,False,False,170,0.5679774,0.41703972,0.0
REC,16732,False,0,0.0,,171,filtered_top200,filtered_topk,False,False,False,171,0.5682971,0.41640198,0.0
REC,17418,False,0,0.0,,172,filtered_top200,filtered_topk,False,False,False,172,0.56476367,0.41630012,0.0
REC,22983,False,0,0.0,,173,filtered_top200,filtered_topk,False,False,False,173,0.54210174,0.4155698,0.0
REC,21735,False,0,0.0,,174,filtered_top200,filtered_topk,False,False,False,174,0.544912,0.41406405,0.0
REC,21260,False,0,0.0,,175,filtered_top200,filtered_topk,False,False,False,175,0.531211,0.41373318,0.0
REC,19978,False,0,0.0,,176,filtered_top200,filtered_topk,False,False,False,176,0.602639,0.41365567,0.0
REC,15839,False,0,0.0,,177,filtered_top200,filtered_topk,False,False,False,177,0.5517709,0.4130494,0.0
REC,5095,False,0,0.0,,178,filtered_top200,filtered_topk,False,False,False,178,0.5582225,0.41296437,0.0
REC,26721,False,0,0.0,,179,filtered_top200,filtered_topk,False,False,False,179,0.5707357,0.41229147,0.0
REC,27011,False,0,0.0,,180,filtered_top200,filtered_topk,False,False,False,180,0.55472225,0.41165587,0.0
REC,32358,False,0,0.0,,181,filtered_top200,filtered_topk,False,False,False,181,0.5319072,0.4106348,0.0
REC,29845,False,1,0.2,15.0,182,filtered_top200,filtered_topk,False,False,False,182,0.62036896,0.41028172,0.0
REC,6100,False,0,0.0,,183,filtered_top200,filtered_topk,False,False,False,183,0.56726116,0.40919536,0.0
REC,20813,False,1,0.2,12.0,184,filtered_top200,filtered_topk,False,False,False,184,0.5507795,0.4091492,0.0
REC,21871,False,0,0.0,,185,filtered_top200,filtered_topk,False,False,False,185,0.5480077,0.40908456,0.0
REC,30271,False,0,0.0,,186,filtered_top200,filtered_topk,False,False,False,186,0.5342433,0.4089364,0.0
REC,29597,False,0,0.0,,187,filtered_top200,filtered_topk,False,False,False,187,0.54801595,0.4088927,0.0
REC,19778,False,0,0.0,,188,filtered_top200,filtered_topk,False,False,False,188,0.5594974,0.4082543,0.0
REC,12910,False,0,0.0,,189,filtered_top200,filtered_topk,False,False,False,189,0.59771514,0.40626276,0.0
REC,25871,False,2,0.4,16.0,190,filtered_top200,filtered_topk,False,False,False,190,0.54205984,0.40618986,0.0
REC,12117,False,1,0.2,12.0,191,filtered_top200,filtered_topk,False,False,False,191,0.55593646,0.40598017,0.0
REC,29530,False,0,0.0,,192,filtered_top200,filtered_topk,False,False,False,192,0.60568565,0.40562662,0.0
REC,31708,False,0,0.0,,193,filtered_top200,filtered_topk,False,False,False,193,0.53800637,0.4045099,0.0
REC,12466,False,0,0.0,,194,filtered_top200,filtered_topk,False,False,False,194,0.5749788,0.40383437,0.0
REC,3222,False,0,0.0,,195,filtered_top200,filtered_topk,False,False,False,195,0.5809594,0.40382606,0.0
REC,21610,False,0,0.0,,196,filtered_top200,filtered_topk,False,False,False,196,0.60711336,0.40371045,0.0
REC,15610,False,0,0.0,,197,filtered_top200,filtered_topk,False,False,False,197,0.55497336,0.40170336,0.0
REC,29846,False,0,0.0,,198,filtered_top200,filtered_topk,False,False,False,198,0.5781942,0.40043518,0.0
REC,32410,False,0,0.0,,199,filtered_top200,filtered_topk,False,False,False,199,0.5512882,0.40011594,0.0
REC,14854,False,0,0.0,,200,filtered_top200,filtered_topk,False,False,False,200,0.61043125,0.3988619,0.0
QUO,9959,False,0,0.0,,1,filtered_top200,filtered_topk,False,False,False,1,0.80176735,1.6401216,0.0
QUO,664,True,5,1.0,1.6,2,filtered_top200,filtered_topk,False,False,False,2,0.84580696,1.55704,0.0
QUO,13430,True,3,0.6,1.0,3,filtered_top200,filtered_topk,False,False,False,3,0.8454664,1.5028424,0.0
QUO,23183,False,1,0.2,11.0,4,filtered_top200,filtered_topk,False,False,False,4,0.69438714,1.2429547,0.0
QUO,24744,False,0,0.0,,5,filtered_top200,filtered_topk,False,False,False,5,0.7034457,1.1981512,0.0
QUO,11660,False,0,0.0,,6,filtered_top200,filtered_topk,False,False,False,6,0.7301983,1.1554012,0.0
QUO,26485,False,1,0.2,2.0,7,filtered_top200,filtered_topk,False,False,False,7,0.76695395,1.1465749,0.0
QUO,18310,True,4,0.8,3.25,8,filtered_top200,filtered_topk,False,False,False,8,0.69003445,1.1376389,0.0
QUO,24761,False,0,0.0,,9,filtered_top200,filtered_topk,False,False,False,9,0.68448746,1.1246191,0.0
QUO,27061,False,0,0.0,,10,filtered_top200,filtered_topk,False,False,False,10,0.70389897,1.0776169,0.0
QUO,10916,False,0,0.0,,11,filtered_top200,filtered_topk,False,False,False,11,0.7577828,1.0747439,0.0
QUO,21125,False,0,0.0,,12,filtered_top200,filtered_topk,False,False,False,12,0.6681705,1.0735371,0.0
QUO,3459,False,0,0.0,,13,filtered_top200,filtered_topk,False,False,False,13,0.6741786,1.0465713,0.0
QUO,18730,False,0,0.0,,14,filtered_top200,filtered_topk,False,False,False,14,0.6894761,1.0299712,0.0
QUO,21203,False,0,0.0,,15,filtered_top200,filtered_topk,False,False,False,15,0.6503567,1.0045639,0.0
QUO,32508,False,0,0.0,,16,filtered_top200,filtered_topk,False,False,False,16,0.63441056,0.98138785,0.0
QUO,19840,True,3,0.6,8.0,17,filtered_top200,filtered_topk,False,False,False,17,0.6596893,0.95887923,0.0
QUO,14833,True,2,0.4,7.5,18,filtered_top200,filtered_topk,False,False,False,18,0.6195135,0.93190765,0.0
QUO,12544,False,1,0.2,2.0,19,filtered_top200,filtered_topk,False,False,False,19,0.6990037,0.9251966,0.0
QUO,26144,False,0,0.0,,20,filtered_top200,filtered_topk,False,False,False,20,0.6233975,0.90792394,0.0
QUO,29590,False,0,0.0,,21,filtered_top200,filtered_topk,False,False,False,21,0.6806871,0.86979294,0.0
QUO,19038,False,0,0.0,,22,filtered_top200,filtered_topk,False,False,False,22,0.62979233,0.8519321,0.0
QUO,3887,False,0,0.0,,23,filtered_top200,filtered_topk,False,False,False,23,0.60589683,0.84404707,0.0
QUO,6129,True,2,0.4,7.5,24,filtered_top200,filtered_topk,False,False,False,24,0.63322973,0.83534914,0.0
QUO,12337,False,0,0.0,,25,filtered_top200,filtered_topk,False,False,False,25,0.6525386,0.8277984,0.0
QUO,12340,False,0,0.0,,26,filtered_top200,filtered_topk,False,False,False,26,0.705194,0.82766515,0.0
QUO,18990,False,0,0.0,,27,filtered_top200,filtered_topk,False,False,False,27,0.63014925,0.8244792,0.0
QUO,8191,False,1,0.2,5.0,28,filtered_top200,filtered_topk,False,False,False,28,0.5922761,0.8111238,0.0
QUO,25210,False,0,0.0,,29,filtered_top200,filtered_topk,False,False,False,29,0.61821276,0.79797375,0.0
QUO,14247,True,3,0.6,4.0,30,filtered_top200,filtered_topk,False,False,False,30,0.5992004,0.7836807,0.0
QUO,13311,False,0,0.0,,31,filtered_top200,filtered_topk,False,False,False,31,0.5953406,0.75815296,0.0
QUO,19470,False,0,0.0,,32,filtered_top200,filtered_topk,False,False,False,32,0.6344855,0.75740546,0.0
QUO,3156,False,0,0.0,,33,filtered_top200,filtered_topk,False,False,False,33,0.640484,0.729612,0.0
QUO,21190,True,5,1.0,9.0,34,filtered_top200,filtered_topk,False,False,False,34,0.5743004,0.7292648,0.0
QUO,24074,False,0,0.0,,35,filtered_top200,filtered_topk,False,False,False,35,0.5926995,0.7109617,0.0
QUO,7350,False,0,0.0,,36,filtered_top200,filtered_topk,False,False,False,36,0.5946932,0.702732,0.0
QUO,28066,False,1,0.2,4.0,37,filtered_top200,filtered_topk,False,False,False,37,0.5714983,0.70047057,0.0
QUO,23594,False,0,0.0,,38,filtered_top200,filtered_topk,False,False,False,38,0.5678145,0.6926106,0.0
QUO,28770,False,0,0.0,,39,filtered_top200,filtered_topk,False,False,False,39,0.59335613,0.6911766,0.0
QUO,5260,False,0,0.0,,40,filtered_top200,filtered_topk,False,False,False,40,0.5662991,0.67789704,0.0
QUO,6885,False,0,0.0,,41,filtered_top200,filtered_topk,False,False,False,41,0.56781155,0.675831,0.0
QUO,17345,False,0,0.0,,42,filtered_top200,filtered_topk,False,False,False,42,0.5934593,0.67489207,0.0
QUO,5332,False,0,0.0,,43,filtered_top200,filtered_topk,False,False,False,43,0.61097443,0.65937144,0.0
QUO,580,False,0,0.0,,44,filtered_top200,filtered_topk,False,False,False,44,0.5760851,0.6475028,0.0
QUO,17247,False,0,0.0,,45,filtered_top200,filtered_topk,False,False,False,45,0.5853867,0.6389356,0.0
QUO,11733,False,0,0.0,,46,filtered_top200,filtered_topk,False,False,False,46,0.57935315,0.6386605,0.0
QUO,11071,False,2,0.4,7.5,47,filtered_top200,filtered_topk,False,False,False,47,0.5587238,0.62702876,0.0
QUO,4111,False,0,0.0,,48,filtered_top200,filtered_topk,False,False,False,48,0.56713533,0.62651795,0.0
QUO,32486,False,0,0.0,,49,filtered_top200,filtered_topk,False,False,False,49,0.585912,0.62420243,0.0
QUO,7851,False,0,0.0,,50,filtered_top200,filtered_topk,False,False,False,50,0.5834698,0.61534667,0.0
QUO,8658,False,0,0.0,,51,filtered_top200,filtered_topk,False,False,False,51,0.58891463,0.6098685,0.0
QUO,21907,False,0,0.0,,52,filtered_top200,filtered_topk,False,False,False,52,0.56459755,0.6045854,0.0
QUO,21859,False,0,0.0,,53,filtered_top200,filtered_topk,False,False,False,53,0.58918935,0.6015725,0.0
QUO,1824,False,0,0.0,,54,filtered_top200,filtered_topk,False,False,False,54,0.56821704,0.59993196,0.0
QUO,3780,False,0,0.0,,55,filtered_top200,filtered_topk,False,False,False,55,0.56722534,0.5942888,0.0
QUO,26391,False,0,0.0,,56,filtered_top200,filtered_topk,False,False,False,56,0.5698229,0.59266645,0.0
QUO,28393,False,0,0.0,,57,filtered_top200,filtered_topk,False,False,False,57,0.56168526,0.5921306,0.0
QUO,30561,False,0,0.0,,58,filtered_top200,filtered_topk,False,False,False,58,0.5694744,0.58850276,0.0
QUO,8890,True,3,0.6,5.666666666666667,59,filtered_top200,filtered_topk,False,False,False,59,0.5671242,0.58436954,0.0
QUO,29782,False,0,0.0,,60,filtered_top200,filtered_topk,False,False,False,60,0.59722084,0.5794821,0.0
QUO,15679,True,3,0.6,6.333333333333333,61,filtered_top200,filtered_topk,False,False,False,61,0.5556584,0.57501346,0.0
QUO,4915,False,0,0.0,,62,filtered_top200,filtered_topk,False,False,False,62,0.57983255,0.56924653,0.0
QUO,13490,False,0,0.0,,63,filtered_top200,filtered_topk,False,False,False,63,0.5694325,0.56838286,0.0
QUO,3284,False,1,0.2,8.0,64,filtered_top200,filtered_topk,False,False,False,64,0.5852449,0.56804985,0.0
QUO,6222,False,0,0.0,,65,filtered_top200,filtered_topk,False,False,False,65,0.59440416,0.56654,0.0
QUO,24943,False,0,0.0,,66,filtered_top200,filtered_topk,False,False,False,66,0.60806274,0.56402653,0.0
QUO,20440,False,0,0.0,,67,filtered_top200,filtered_topk,False,False,False,67,0.5658389,0.56182754,0.0
QUO,2995,False,0,0.0,,68,filtered_top200,filtered_topk,False,False,False,68,0.64455986,0.56069,0.0
QUO,9963,False,0,0.0,,69,filtered_top200,filtered_topk,False,False,False,69,0.58370966,0.5577351,0.0
QUO,31246,False,0,0.0,,70,filtered_top200,filtered_topk,False,False,False,70,0.56819695,0.55340064,0.0
QUO,420,False,0,0.0,,71,filtered_top200,filtered_topk,False,False,False,71,0.56304693,0.55141044,0.0
QUO,10234,False,0,0.0,,72,filtered_top200,filtered_topk,False,False,False,72,0.56010014,0.54765195,0.0
QUO,22317,False,1,0.2,3.0,73,filtered_top200,filtered_topk,False,False,False,73,0.54951847,0.5415944,0.0
QUO,10919,False,0,0.0,,74,filtered_top200,filtered_topk,False,False,False,74,0.55181557,0.5405424,0.0
QUO,27211,False,0,0.0,,75,filtered_top200,filtered_topk,False,False,False,75,0.5714195,0.53994936,0.0
QUO,6786,False,0,0.0,,76,filtered_top200,filtered_topk,False,False,False,76,0.55532604,0.5389924,0.0
QUO,6579,False,0,0.0,,77,filtered_top200,filtered_topk,False,False,False,77,0.57390654,0.538446,0.0
QUO,26571,False,0,0.0,,78,filtered_top200,filtered_topk,False,False,False,78,0.5389434,0.53394324,0.0
QUO,28215,False,0,0.0,,79,filtered_top200,filtered_topk,False,False,False,79,0.56919867,0.5263882,0.0
QUO,9853,False,0,0.0,,80,filtered_top200,filtered_topk,False,False,False,80,0.551076,0.5257476,0.0
QUO,3864,False,0,0.0,,81,filtered_top200,filtered_topk,False,False,False,81,0.56273204,0.52559406,0.0
QUO,15733,False,0,0.0,,82,filtered_top200,filtered_topk,False,False,False,82,0.5552819,0.5193635,0.0
QUO,29363,False,0,0.0,,83,filtered_top200,filtered_topk,False,False,False,83,0.56522214,0.518319,0.0
QUO,25113,False,0,0.0,,84,filtered_top200,filtered_topk,False,False,False,84,0.6105933,0.515208,0.0
QUO,22285,False,0,0.0,,85,filtered_top200,filtered_topk,False,False,False,85,0.5787795,0.513033,0.0
QUO,2867,False,0,0.0,,86,filtered_top200,filtered_topk,False,False,False,86,0.57428133,0.5123971,0.0
QUO,31206,False,0,0.0,,87,filtered_top200,filtered_topk,False,False,False,87,0.5678974,0.51097405,0.0
QUO,28035,False,0,0.0,,88,filtered_top200,filtered_topk,False,False,False,88,0.5539312,0.50731325,0.0
QUO,19013,False,0,0.0,,89,filtered_top200,filtered_topk,False,False,False,89,0.5801164,0.50619835,0.0
QUO,19930,False,0,0.0,,90,filtered_top200,filtered_topk,False,False,False,90,0.55861324,0.5059293,0.0
QUO,4411,False,0,0.0,,91,filtered_top200,filtered_topk,False,False,False,91,0.5477806,0.5017074,0.0
QUO,6401,False,0,0.0,,92,filtered_top200,filtered_topk,False,False,False,92,0.56469107,0.4972164,0.0
QUO,13827,False,0,0.0,,93,filtered_top200,filtered_topk,False,False,False,93,0.63927567,0.49206084,0.0
QUO,23302,False,0,0.0,,94,filtered_top200,filtered_topk,False,False,False,94,0.54748076,0.49054867,0.0
QUO,12593,False,0,0.0,,95,filtered_top200,filtered_topk,False,False,False,95,0.58031625,0.4895237,0.0
QUO,26067,False,0,0.0,,96,filtered_top200,filtered_topk,False,False,False,96,0.5703186,0.4875175,0.0
QUO,5855,False,0,0.0,,97,filtered_top200,filtered_topk,False,False,False,97,0.5415505,0.48707587,0.0
QUO,29759,False,1,0.2,8.0,98,filtered_top200,filtered_topk,False,False,False,98,0.62760603,0.48615113,0.0
QUO,30700,False,0,0.0,,99,filtered_top200,filtered_topk,False,False,False,99,0.56645554,0.4836678,0.0
QUO,16480,False,0,0.0,,100,filtered_top200,filtered_topk,False,False,False,100,0.56828165,0.48304045,0.0
QUO,22553,True,2,0.4,7.0,101,filtered_top200,filtered_topk,False,False,False,101,0.5651984,0.48182604,0.0
QUO,24824,False,0,0.0,,102,filtered_top200,filtered_topk,False,False,False,102,0.56701076,0.4740281,0.0
QUO,8728,False,0,0.0,,103,filtered_top200,filtered_topk,False,False,False,103,0.5508114,0.4701364,0.0
QUO,16398,False,0,0.0,,104,filtered_top200,filtered_topk,False,False,False,104,0.55438083,0.4700365,0.0
QUO,1779,False,2,0.4,8.5,105,filtered_top200,filtered_topk,False,False,False,105,0.55357134,0.4688901,0.0
QUO,16969,False,0,0.0,,106,filtered_top200,filtered_topk,False,False,False,106,0.59896725,0.4643954,0.0
QUO,3808,False,0,0.0,,107,filtered_top200,filtered_topk,False,False,False,107,0.5430403,0.46246588,0.0
QUO,8427,False,0,0.0,,108,filtered_top200,filtered_topk,False,False,False,108,0.5560791,0.4575239,0.0
QUO,32535,False,0,0.0,,109,filtered_top200,filtered_topk,False,False,False,109,0.5751476,0.45417058,0.0
QUO,31116,False,0,0.0,,110,filtered_top200,filtered_topk,False,False,False,110,0.5650111,0.45387012,0.0
QUO,5926,False,0,0.0,,111,filtered_top200,filtered_topk,False,False,False,111,0.58922625,0.45168418,0.0
QUO,25687,False,0,0.0,,112,filtered_top200,filtered_topk,False,False,False,112,0.5511316,0.45116234,0.0
QUO,20564,False,1,0.2,4.0,113,filtered_top200,filtered_topk,False,False,False,113,0.6358923,0.45001426,0.0
QUO,9266,False,0,0.0,,114,filtered_top200,filtered_topk,False,False,False,114,0.5627585,0.44423354,0.0
QUO,5418,False,0,0.0,,115,filtered_top200,filtered_topk,False,False,False,115,0.56287247,0.44408977,0.0
QUO,26869,False,0,0.0,,116,filtered_top200,filtered_topk,False,False,False,116,0.6174147,0.44399634,0.0
QUO,20114,False,0,0.0,,117,filtered_top200,filtered_topk,False,False,False,117,0.5350825,0.44047323,0.0
QUO,16735,False,0,0.0,,118,filtered_top200,filtered_topk,False,False,False,118,0.55183035,0.4365668,0.0
QUO,31151,False,0,0.0,,119,filtered_top200,filtered_topk,False,False,False,119,0.5450799,0.43467146,0.0
QUO,25837,False,0,0.0,,120,filtered_top200,filtered_topk,False,False,False,120,0.5287064,0.43262288,0.0
QUO,27390,False,0,0.0,,121,filtered_top200,filtered_topk,False,False,False,121,0.57776284,0.43200502,0.0
QUO,2220,False,0,0.0,,122,filtered_top200,filtered_topk,False,False,False,122,0.5757098,0.42902216,0.0
QUO,15976,False,1,0.2,8.0,123,filtered_top200,filtered_topk,False,False,False,123,0.5285918,0.42832038,0.0
QUO,15843,False,0,0.0,,124,filtered_top200,filtered_topk,False,False,False,124,0.5359344,0.42797992,0.0
QUO,7702,False,0,0.0,,125,filtered_top200,filtered_topk,False,False,False,125,0.58288264,0.42753586,0.0
QUO,15539,False,2,0.4,10.5,126,filtered_top200,filtered_topk,False,False,False,126,0.62945485,0.42355758,0.0
QUO,21683,False,0,0.0,,127,filtered_top200,filtered_topk,False,False,False,127,0.5395635,0.421084,0.0
QUO,26451,False,0,0.0,,128,filtered_top200,filtered_topk,False,False,False,128,0.53753424,0.42101932,0.0
QUO,11552,False,0,0.0,,129,filtered_top200,filtered_topk,False,False,False,129,0.5353375,0.41868848,0.0
QUO,8359,False,0,0.0,,130,filtered_top200,filtered_topk,False,False,False,130,0.6022948,0.41770163,0.0
QUO,27712,False,0,0.0,,131,filtered_top200,filtered_topk,False,False,False,131,0.5325019,0.41721645,0.0
QUO,19093,False,0,0.0,,132,filtered_top200,filtered_topk,False,False,False,132,0.52448213,0.416187,0.0
QUO,25960,False,0,0.0,,133,filtered_top200,filtered_topk,False,False,False,133,0.5502013,0.40932214,0.0
QUO,13459,False,0,0.0,,134,filtered_top200,filtered_topk,False,False,False,134,0.54121983,0.4059903,0.0
QUO,31049,False,1,0.2,14.0,135,filtered_top200,filtered_topk,False,False,False,135,0.54390746,0.40546548,0.0
QUO,26206,False,0,0.0,,136,filtered_top200,filtered_topk,False,False,False,136,0.5299574,0.4035493,0.0
QUO,1516,False,0,0.0,,137,filtered_top200,filtered_topk,False,False,False,137,0.607673,0.4033072,0.0
QUO,32696,False,0,0.0,,138,filtered_top200,filtered_topk,False,False,False,138,0.61603,0.40057662,0.0
QUO,27508,False,0,0.0,,139,filtered_top200,filtered_topk,False,False,False,139,0.57442,0.40036985,0.0
QUO,28961,False,0,0.0,,140,filtered_top200,filtered_topk,False,False,False,140,0.5836153,0.39951715,0.0
QUO,3794,False,0,0.0,,141,filtered_top200,filtered_topk,False,False,False,141,0.52966654,0.39872232,0.0
QUO,16889,False,0,0.0,,142,filtered_top200,filtered_topk,False,False,False,142,0.53769696,0.39578298,0.0
QUO,25149,False,0,0.0,,143,filtered_top200,filtered_topk,False,False,False,143,0.61658376,0.3956184,0.0
QUO,8931,False,0,0.0,,144,filtered_top200,filtered_topk,False,False,False,144,0.5719629,0.3925163,0.0
QUO,5308,False,0,0.0,,145,filtered_top200,filtered_topk,False,False,False,145,0.53663564,0.39019686,0.0
QUO,7552,False,0,0.0,,146,filtered_top200,filtered_topk,False,False,False,146,0.5317976,0.38978967,0.0
QUO,28548,False,0,0.0,,147,filtered_top200,filtered_topk,False,False,False,147,0.58777755,0.38703328,0.0
QUO,29745,False,0,0.0,,148,filtered_top200,filtered_topk,False,False,False,148,0.53060466,0.3856125,0.0
QUO,26263,False,0,0.0,,149,filtered_top200,filtered_topk,False,False,False,149,0.5836078,0.3831431,0.0
QUO,10395,False,0,0.0,,150,filtered_top200,filtered_topk,False,False,False,150,0.5297324,0.38304546,0.0
QUO,24114,False,0,0.0,,151,filtered_top200,filtered_topk,False,False,False,151,0.5226097,0.38144147,0.0
QUO,28869,False,0,0.0,,152,filtered_top200,filtered_topk,False,False,False,152,0.5201998,0.3790272,0.0
QUO,17503,False,0,0.0,,153,filtered_top200,filtered_topk,False,False,False,153,0.5441319,0.376049,0.0
QUO,627,False,0,0.0,,154,filtered_top200,filtered_topk,False,False,False,154,0.548365,0.375969,0.0
QUO,26634,False,0,0.0,,155,filtered_top200,filtered_topk,False,False,False,155,0.5745253,0.3750846,0.0
QUO,26739,False,0,0.0,,156,filtered_top200,filtered_topk,False,False,False,156,0.57018805,0.373299,0.0
QUO,1072,False,0,0.0,,157,filtered_top200,filtered_topk,False,False,False,157,0.5942212,0.37144515,0.0
QUO,30208,False,0,0.0,,158,filtered_top200,filtered_topk,False,False,False,158,0.5496377,0.3697263,0.0
QUO,22201,False,0,0.0,,159,filtered_top200,filtered_topk,False,False,False,159,0.5297853,0.3692207,0.0
QUO,14600,False,0,0.0,,160,filtered_top200,filtered_topk,False,False,False,160,0.5283464,0.36919668,0.0
QUO,5828,False,1,0.2,9.0,161,filtered_top200,filtered_topk,False,False,False,161,0.566517,0.3682888,0.0
QUO,24062,False,0,0.0,,162,filtered_top200,filtered_topk,False,False,False,162,0.5153053,0.36671984,0.0
QUO,4282,False,0,0.0,,163,filtered_top200,filtered_topk,False,False,False,163,0.5822835,0.3657656,0.0
QUO,9075,False,0,0.0,,164,filtered_top200,filtered_topk,False,False,False,164,0.52987313,0.3655886,0.0
QUO,18205,False,0,0.0,,165,filtered_top200,filtered_topk,False,False,False,165,0.5921224,0.36549687,0.0
QUO,374,False,0,0.0,,166,filtered_top200,filtered_topk,False,False,False,166,0.5410951,0.36217067,0.0
QUO,16045,False,0,0.0,,167,filtered_top200,filtered_topk,False,False,False,167,0.58215535,0.36182705,0.0
QUO,12910,False,0,0.0,,168,filtered_top200,filtered_topk,False,False,False,168,0.59167624,0.36094567,0.0
QUO,15702,False,0,0.0,,169,filtered_top200,filtered_topk,False,False,False,169,0.5275307,0.3577354,0.0
QUO,27724,False,0,0.0,,170,filtered_top200,filtered_topk,False,False,False,170,0.5331397,0.3569996,0.0
QUO,7741,False,0,0.0,,171,filtered_top200,filtered_topk,False,False,False,171,0.5672157,0.35699657,0.0
QUO,20904,False,0,0.0,,172,filtered_top200,filtered_topk,False,False,False,172,0.5644374,0.3569581,0.0
QUO,13703,False,0,0.0,,173,filtered_top200,filtered_topk,False,False,False,173,0.58490425,0.35584664,0.0
QUO,20808,False,0,0.0,,174,filtered_top200,filtered_topk,False,False,False,174,0.58484495,0.35580102,0.0
QUO,6324,False,0,0.0,,175,filtered_top200,filtered_topk,False,False,False,175,0.5548767,0.35502622,0.0
QUO,1318,False,0,0.0,,176,filtered_top200,filtered_topk,False,False,False,176,0.5264882,0.35496753,0.0
QUO,1561,False,0,0.0,,177,filtered_top200,filtered_topk,False,False,False,177,0.5373684,0.3521926,0.0
QUO,22547,False,0,0.0,,178,filtered_top200,filtered_topk,False,False,False,178,0.5600415,0.35131437,0.0
QUO,30798,False,0,0.0,,179,filtered_top200,filtered_topk,False,False,False,179,0.5592391,0.35059518,0.0
QUO,27178,False,0,0.0,,180,filtered_top200,filtered_topk,False,False,False,180,0.55288154,0.34969932,0.0
QUO,12327,False,0,0.0,,181,filtered_top200,filtered_topk,False,False,False,181,0.54019904,0.3473748,0.0
QUO,25028,False,0,0.0,,182,filtered_top200,filtered_topk,False,False,False,182,0.57887614,0.34669733,0.0
QUO,24886,False,0,0.0,,183,filtered_top200,filtered_topk,False,False,False,183,0.5232924,0.3465642,0.0
QUO,920,False,0,0.0,,184,filtered_top200,filtered_topk,False,False,False,184,0.5909574,0.3440734,0.0
QUO,19485,False,0,0.0,,185,filtered_top200,filtered_topk,False,False,False,185,0.5249569,0.34392396,0.0
QUO,4737,False,0,0.0,,186,filtered_top200,filtered_topk,False,False,False,186,0.5662751,0.34307963,0.0
QUO,4561,False,1,0.2,11.0,187,filtered_top200,filtered_topk,False,False,False,187,0.5514446,0.34290323,0.0
QUO,5434,False,0,0.0,,188,filtered_top200,filtered_topk,False,False,False,188,0.5360181,0.34203616,0.0
QUO,6372,False,0,0.0,,189,filtered_top200,filtered_topk,False,False,False,189,0.5596693,0.3412872,0.0
QUO,30172,False,0,0.0,,190,filtered_top200,filtered_topk,False,False,False,190,0.5723753,0.34111968,0.0
QUO,15068,False,0,0.0,,191,filtered_top200,filtered_topk,False,False,False,191,0.5670054,0.34108278,0.0
QUO,10876,False,0,0.0,,192,filtered_top200,filtered_topk,False,False,False,192,0.541328,0.33932185,0.0
QUO,8007,False,0,0.0,,193,filtered_top200,filtered_topk,False,False,False,193,0.5431983,0.33826888,0.0
QUO,24097,False,0,0.0,,194,filtered_top200,filtered_topk,False,False,False,194,0.5289725,0.33808425,0.0
QUO,32764,False,0,0.0,,195,filtered_top200,filtered_topk,False,False,False,195,0.56033516,0.3375382,0.0
QUO,8651,False,0,0.0,,196,filtered_top200,filtered_topk,False,False,False,196,0.53388566,0.33642194,0.0
QUO,19403,False,0,0.0,,197,filtered_top200,filtered_topk,False,False,False,197,0.5394724,0.3363788,0.0
QUO,31666,False,0,0.0,,198,filtered_top200,filtered_topk,False,False,False,198,0.53797144,0.33281285,0.0
QUO,15618,False,0,0.0,,199,filtered_top200,filtered_topk,False,False,False,199,0.5264278,0.33194867,0.0
QUO,23224,False,0,0.0,,200,filtered_top200,filtered_topk,False,False,False,200,0.6022416,0.331101,0.0
QUC,21935,True,5,1.0,2.6,1,filtered_top200,filtered_topk,False,False,False,1,0.7541753,1.432533,0.0
QUC,13430,True,5,1.0,1.0,2,filtered_top200,filtered_topk,False,False,False,2,0.8285691,1.3774931,0.0
QUC,14014,False,2,0.4,42.5,3,filtered_top200,filtered_topk,False,False,False,3,0.6717268,1.25963,0.0
QUC,20869,False,0,0.0,,4,filtered_top200,filtered_topk,False,False,False,4,0.68772334,1.2299426,0.0
QUC,18646,False,2,0.4,14.0,5,filtered_top200,filtered_topk,False,False,False,5,0.7025345,1.1728493,0.0
QUC,4998,True,2,0.4,13.0,6,filtered_top200,filtered_topk,False,False,False,6,0.63324237,0.9925143,0.0
QUC,22358,True,5,1.0,2.8,7,filtered_top200,filtered_topk,False,False,False,7,0.61264545,0.9058372,0.0
QUC,12555,False,0,0.0,,8,filtered_top200,filtered_topk,False,False,False,8,0.5849248,0.8328413,0.0
QUC,8969,False,0,0.0,,9,filtered_top200,filtered_topk,False,False,False,9,0.5823184,0.77205443,0.0
QUC,12340,False,1,0.2,7.0,10,filtered_top200,filtered_topk,False,False,False,10,0.6419024,0.76462346,0.0
QUC,20463,False,1,0.2,10.0,11,filtered_top200,filtered_topk,False,False,False,11,0.6062171,0.7602986,0.0
QUC,11660,False,0,0.0,,12,filtered_top200,filtered_topk,False,False,False,12,0.67892975,0.7547531,0.0
QUC,9827,False,0,0.0,,13,filtered_top200,filtered_topk,False,False,False,13,0.60339224,0.7502001,0.0
QUC,16969,False,0,0.0,,14,filtered_top200,filtered_topk,False,False,False,14,0.5892834,0.7273253,0.0
QUC,736,False,1,0.2,53.0,15,filtered_top200,filtered_topk,False,False,False,15,0.62528914,0.7116975,0.0
QUC,8089,False,1,0.2,70.0,16,filtered_top200,filtered_topk,False,False,False,16,0.5888962,0.7022344,0.0
QUC,24943,False,1,0.2,19.0,17,filtered_top200,filtered_topk,False,False,False,17,0.61200726,0.67992157,0.0
QUC,27857,False,0,0.0,,18,filtered_top200,filtered_topk,False,False,False,18,0.55544555,0.66822684,0.0
QUC,7037,False,0,0.0,,19,filtered_top200,filtered_topk,False,False,False,19,0.54166704,0.6571498,0.0
QUC,17507,False,1,0.2,48.0,20,filtered_top200,filtered_topk,False,False,False,20,0.5614883,0.6493369,0.0
QUC,28816,False,1,0.2,47.0,21,filtered_top200,filtered_topk,False,False,False,21,0.54996157,0.64500296,0.0
QUC,2504,False,0,0.0,,22,filtered_top200,filtered_topk,False,False,False,22,0.5979782,0.6345339,0.0
QUC,14003,False,1,0.2,37.0,23,filtered_top200,filtered_topk,False,False,False,23,0.575253,0.6333053,0.0
QUC,12902,False,1,0.2,7.0,24,filtered_top200,filtered_topk,False,False,False,24,0.54107857,0.6321645,0.0
QUC,12887,False,1,0.2,26.0,25,filtered_top200,filtered_topk,False,False,False,25,0.55416036,0.6053388,0.0
QUC,5178,False,0,0.0,,26,filtered_top200,filtered_topk,False,False,False,26,0.5372784,0.60092497,0.0
QUC,6639,False,1,0.2,3.0,27,filtered_top200,filtered_topk,False,False,False,27,0.53566563,0.598682,0.0
QUC,21296,False,1,0.2,4.0,28,filtered_top200,filtered_topk,False,False,False,28,0.5338069,0.5837988,0.0
QUC,664,False,1,0.2,7.0,29,filtered_top200,filtered_topk,False,False,False,29,0.6445197,0.5819055,0.0
QUC,2550,False,1,0.2,75.0,30,filtered_top200,filtered_topk,False,False,False,30,0.5320621,0.57781047,0.0
QUC,12676,False,0,0.0,,31,filtered_top200,filtered_topk,False,False,False,31,0.5425269,0.5753313,0.0
QUC,18714,False,0,0.0,,32,filtered_top200,filtered_topk,False,False,False,32,0.5310375,0.5718856,0.0
QUC,31422,False,0,0.0,,33,filtered_top200,filtered_topk,False,False,False,33,0.55840886,0.5709073,0.0
QUC,32565,False,1,0.2,4.0,34,filtered_top200,filtered_topk,False,False,False,34,0.53326213,0.56664693,0.0
QUC,2416,False,1,0.2,71.0,35,filtered_top200,filtered_topk,False,False,False,35,0.53540385,0.5656618,0.0
QUC,29947,True,5,1.0,8.0,36,filtered_top200,filtered_topk,False,False,False,36,0.54317796,0.56146175,0.0
QUC,19364,False,0,0.0,,37,filtered_top200,filtered_topk,False,False,False,37,0.5443976,0.5594415,0.0
QUC,29247,False,1,0.2,3.0,38,filtered_top200,filtered_topk,False,False,False,38,0.5400111,0.5581188,0.0
QUC,32273,False,0,0.0,,39,filtered_top200,filtered_topk,False,False,False,39,0.6335797,0.5486313,0.0
QUC,10916,False,2,0.4,19.0,40,filtered_top200,filtered_topk,False,False,False,40,0.5911035,0.54390377,0.0
QUC,29931,False,0,0.0,,41,filtered_top200,filtered_topk,False,False,False,41,0.5484853,0.5385658,0.0
QUC,24249,False,1,0.2,60.0,42,filtered_top200,filtered_topk,False,False,False,42,0.53485936,0.53491265,0.0
QUC,29590,False,0,0.0,,43,filtered_top200,filtered_topk,False,False,False,43,0.6044669,0.5263056,0.0
QUC,17727,False,1,0.2,31.0,44,filtered_top200,filtered_topk,False,False,False,44,0.5566598,0.5233449,0.0
QUC,2836,False,1,0.2,27.0,45,filtered_top200,filtered_topk,False,False,False,45,0.55329424,0.52232987,0.0
QUC,1622,True,2,0.4,12.5,46,filtered_top200,filtered_topk,False,False,False,46,0.5916864,0.51304305,0.0
QUC,14904,False,0,0.0,,47,filtered_top200,filtered_topk,False,False,False,47,0.5604148,0.5106837,0.0
QUC,18437,False,0,0.0,,48,filtered_top200,filtered_topk,False,False,False,48,0.5496754,0.5106026,0.0
QUC,20549,False,1,0.2,23.0,49,filtered_top200,filtered_topk,False,False,False,49,0.56455207,0.5105798,0.0
QUC,13243,False,0,0.0,,50,filtered_top200,filtered_topk,False,False,False,50,0.56668943,0.50834024,0.0
QUC,19218,False,1,0.2,57.0,51,filtered_top200,filtered_topk,False,False,False,51,0.52788234,0.5055328,0.0
QUC,28259,False,1,0.2,50.0,52,filtered_top200,filtered_topk,False,False,False,52,0.537822,0.50422007,0.0
QUC,8861,False,1,0.2,49.0,53,filtered_top200,filtered_topk,False,False,False,53,0.5689384,0.50062704,0.0
QUC,9771,False,0,0.0,,54,filtered_top200,filtered_topk,False,False,False,54,0.53392655,0.4972416,0.0
QUC,1619,False,0,0.0,,55,filtered_top200,filtered_topk,False,False,False,55,0.5634121,0.49708906,0.0
QUC,8025,False,0,0.0,,56,filtered_top200,filtered_topk,False,False,False,56,0.53389364,0.49256507,0.0
QUC,26485,True,2,0.4,10.5,57,filtered_top200,filtered_topk,False,False,False,57,0.63269776,0.49202204,0.0
QUC,20375,False,0,0.0,,58,filtered_top200,filtered_topk,False,False,False,58,0.5249896,0.4901638,0.0
QUC,8658,False,0,0.0,,59,filtered_top200,filtered_topk,False,False,False,59,0.57257634,0.48327374,0.0
QUC,32535,False,0,0.0,,60,filtered_top200,filtered_topk,False,False,False,60,0.56974447,0.48295128,0.0
QUC,12161,False,0,0.0,,61,filtered_top200,filtered_topk,False,False,False,61,0.5341618,0.48058626,0.0
QUC,2386,True,2,0.4,9.5,62,filtered_top200,filtered_topk,False,False,False,62,0.5464205,0.47539,0.0
QUC,6866,False,0,0.0,,63,filtered_top200,filtered_topk,False,False,False,63,0.52955204,0.4667008,0.0
QUC,726,False,0,0.0,,64,filtered_top200,filtered_topk,False,False,False,64,0.53238374,0.4643727,0.0
QUC,27081,False,0,0.0,,65,filtered_top200,filtered_topk,False,False,False,65,0.53411126,0.4604528,0.0
QUC,28548,False,0,0.0,,66,filtered_top200,filtered_topk,False,False,False,66,0.59821683,0.45672402,0.0
QUC,16735,False,0,0.0,,67,filtered_top200,filtered_topk,False,False,False,67,0.5658016,0.4535698,0.0
QUC,20283,False,2,0.4,33.0,68,filtered_top200,filtered_topk,False,False,False,68,0.53613365,0.45036212,0.0
QUC,15385,False,0,0.0,,69,filtered_top200,filtered_topk,False,False,False,69,0.54280084,0.44977888,0.0
QUC,18675,False,0,0.0,,70,filtered_top200,filtered_topk,False,False,False,70,0.53113616,0.4475506,0.0
QUC,27061,False,1,0.2,45.0,71,filtered_top200,filtered_topk,False,False,False,71,0.61340433,0.44282928,0.0
QUC,52,False,1,0.2,58.0,72,filtered_top200,filtered_topk,False,False,False,72,0.53519315,0.44261655,0.0
QUC,21859,False,0,0.0,,73,filtered_top200,filtered_topk,False,False,False,73,0.5490933,0.43509796,0.0
QUC,18413,False,0,0.0,,74,filtered_top200,filtered_topk,False,False,False,74,0.5257952,0.43379128,0.0
QUC,124,False,0,0.0,,75,filtered_top200,filtered_topk,False,False,False,75,0.52478963,0.43212527,0.0
QUC,2703,False,0,0.0,,76,filtered_top200,filtered_topk,False,False,False,76,0.5316573,0.42814532,0.0
QUC,8866,False,1,0.2,59.0,77,filtered_top200,filtered_topk,False,False,False,77,0.53494626,0.42488632,0.0
QUC,24984,False,2,0.4,16.5,78,filtered_top200,filtered_topk,False,False,False,78,0.55249184,0.42465183,0.0
QUC,8283,False,1,0.2,5.0,79,filtered_top200,filtered_topk,False,False,False,79,0.5478741,0.42021653,0.0
QUC,3443,False,0,0.0,,80,filtered_top200,filtered_topk,False,False,False,80,0.53484696,0.41725358,0.0
QUC,4830,False,0,0.0,,81,filtered_top200,filtered_topk,False,False,False,81,0.60113925,0.41682324,0.0
QUC,18885,False,1,0.2,15.0,82,filtered_top200,filtered_topk,False,False,False,82,0.54378724,0.4149324,0.0
QUC,15848,False,1,0.2,44.0,83,filtered_top200,filtered_topk,False,False,False,83,0.5310893,0.41405132,0.0
QUC,6743,False,0,0.0,,84,filtered_top200,filtered_topk,False,False,False,84,0.5640607,0.4111234,0.0
QUC,2995,False,0,0.0,,85,filtered_top200,filtered_topk,False,False,False,85,0.60798156,0.41070652,0.0
QUC,18524,False,0,0.0,,86,filtered_top200,filtered_topk,False,False,False,86,0.52103484,0.40636882,0.0
QUC,17694,False,0,0.0,,87,filtered_top200,filtered_topk,False,False,False,87,0.5191304,0.40591976,0.0
QUC,5272,False,1,0.2,72.0,88,filtered_top200,filtered_topk,False,False,False,88,0.52219284,0.40587303,0.0
QUC,26869,False,0,0.0,,89,filtered_top200,filtered_topk,False,False,False,89,0.605862,0.39794382,0.0
QUC,11153,False,0,0.0,,90,filtered_top200,filtered_topk,False,False,False,90,0.5475182,0.39681002,0.0
QUC,9963,False,0,0.0,,91,filtered_top200,filtered_topk,False,False,False,91,0.56555545,0.39519173,0.0
QUC,2640,False,0,0.0,,92,filtered_top200,filtered_topk,False,False,False,92,0.51453656,0.39472067,0.0
QUC,10673,False,0,0.0,,93,filtered_top200,filtered_topk,False,False,False,93,0.5140956,0.39436877,0.0
QUC,14183,False,0,0.0,,94,filtered_top200,filtered_topk,False,False,False,94,0.52364993,0.39287305,0.0
QUC,1072,False,0,0.0,,95,filtered_top200,filtered_topk,False,False,False,95,0.59544003,0.39271045,0.0
QUC,15988,False,1,0.2,43.0,96,filtered_top200,filtered_topk,False,False,False,96,0.5256683,0.3886945,0.0
QUC,29194,False,1,0.2,74.0,97,filtered_top200,filtered_topk,False,False,False,97,0.5213439,0.3860613,0.0
QUC,15068,False,1,0.2,9.0,98,filtered_top200,filtered_topk,False,False,False,98,0.5803362,0.3851007,0.0
QUC,2150,False,1,0.2,8.0,99,filtered_top200,filtered_topk,False,False,False,99,0.5137546,0.38486362,0.0
QUC,24064,False,0,0.0,,100,filtered_top200,filtered_topk,False,False,False,100,0.51671004,0.38409868,0.0
QUC,31547,False,0,0.0,,101,filtered_top200,filtered_topk,False,False,False,101,0.52474916,0.38356304,0.0
QUC,26648,False,0,0.0,,102,filtered_top200,filtered_topk,False,False,False,102,0.512638,0.38326204,0.0
QUC,16256,False,0,0.0,,103,filtered_top200,filtered_topk,False,False,False,103,0.59545934,0.38260618,0.0
QUC,31920,False,0,0.0,,104,filtered_top200,filtered_topk,False,False,False,104,0.53816044,0.37878588,0.0
QUC,4386,False,1,0.2,9.0,105,filtered_top200,filtered_topk,False,False,False,105,0.52036214,0.37695336,0.0
QUC,11493,False,1,0.2,16.0,106,filtered_top200,filtered_topk,False,False,False,106,0.5399491,0.37631646,0.0
QUC,22662,False,1,0.2,64.0,107,filtered_top200,filtered_topk,False,False,False,107,0.5239504,0.37552205,0.0
QUC,27800,False,0,0.0,,108,filtered_top200,filtered_topk,False,False,False,108,0.5188513,0.37513012,0.0
QUC,8226,True,3,0.6,14.666666666666666,109,filtered_top200,filtered_topk,False,False,False,109,0.604321,0.37484872,0.0
QUC,11940,False,1,0.2,61.0,110,filtered_top200,filtered_topk,False,False,False,110,0.5278963,0.37440434,0.0
QUC,29986,False,0,0.0,,111,filtered_top200,filtered_topk,False,False,False,111,0.52256453,0.3682692,0.0
QUC,32173,False,0,0.0,,112,filtered_top200,filtered_topk,False,False,False,112,0.5400627,0.3672512,0.0
QUC,19013,False,0,0.0,,113,filtered_top200,filtered_topk,False,False,False,113,0.56601,0.36469212,0.0
QUC,2077,False,0,0.0,,114,filtered_top200,filtered_topk,False,False,False,114,0.53257596,0.3646721,0.0
QUC,17202,False,1,0.2,28.0,115,filtered_top200,filtered_topk,False,False,False,115,0.5201857,0.36408633,0.0
QUC,9216,False,2,0.4,19.5,116,filtered_top200,filtered_topk,False,False,False,116,0.518598,0.3631149,0.0
QUC,28390,False,0,0.0,,117,filtered_top200,filtered_topk,False,False,False,117,0.5391156,0.3598965,0.0
QUC,16813,False,1,0.2,65.0,118,filtered_top200,filtered_topk,False,False,False,118,0.54534554,0.35969034,0.0
QUC,22936,False,0,0.0,,119,filtered_top200,filtered_topk,False,False,False,119,0.5146325,0.35782763,0.0
QUC,19321,False,1,0.2,41.0,120,filtered_top200,filtered_topk,False,False,False,120,0.51596546,0.35598835,0.0
QUC,6022,False,1,0.2,40.0,121,filtered_top200,filtered_topk,False,False,False,121,0.53902656,0.3540422,0.0
QUC,16988,False,0,0.0,,122,filtered_top200,filtered_topk,False,False,False,122,0.5296915,0.35394424,0.0
QUC,31363,False,1,0.2,5.0,123,filtered_top200,filtered_topk,False,False,False,123,0.5903256,0.35296538,0.0
QUC,23889,False,0,0.0,,124,filtered_top200,filtered_topk,False,False,False,124,0.5340894,0.35226375,0.0
QUC,13753,False,1,0.2,24.0,125,filtered_top200,filtered_topk,False,False,False,125,0.51190865,0.35213864,0.0
QUC,2903,False,2,0.4,16.0,126,filtered_top200,filtered_topk,False,False,False,126,0.5294774,0.35174727,0.0
QUC,10890,False,1,0.2,30.0,127,filtered_top200,filtered_topk,False,False,False,127,0.520549,0.3503297,0.0
QUC,27690,False,1,0.2,46.0,128,filtered_top200,filtered_topk,False,False,False,128,0.53067476,0.34995747,0.0
QUC,19119,False,0,0.0,,129,filtered_top200,filtered_topk,False,False,False,129,0.5207799,0.3492284,0.0
QUC,23231,False,0,0.0,,130,filtered_top200,filtered_topk,False,False,False,130,0.51302075,0.3477885,0.0
QUC,11044,False,0,0.0,,131,filtered_top200,filtered_topk,False,False,False,131,0.5157061,0.34606996,0.0
QUC,12705,False,0,0.0,,132,filtered_top200,filtered_topk,False,False,False,132,0.5238837,0.34587628,0.0
QUC,30700,False,1,0.2,66.0,133,filtered_top200,filtered_topk,False,False,False,133,0.54997987,0.34437183,0.0
QUC,20190,False,1,0.2,51.0,134,filtered_top200,filtered_topk,False,False,False,134,0.530466,0.34342986,0.0
QUC,24695,False,0,0.0,,135,filtered_top200,filtered_topk,False,False,False,135,0.541192,0.342356,0.0
QUC,5418,False,0,0.0,,136,filtered_top200,filtered_topk,False,False,False,136,0.5492833,0.34127194,0.0
QUC,21720,False,0,0.0,,137,filtered_top200,filtered_topk,False,False,False,137,0.53247535,0.34115124,0.0
QUC,6620,False,2,0.4,20.0,138,filtered_top200,filtered_topk,False,False,False,138,0.59307146,0.34045622,0.0
QUC,15470,False,0,0.0,,139,filtered_top200,filtered_topk,False,False,False,139,0.5238099,0.34035632,0.0
QUC,1943,False,1,0.2,68.0,140,filtered_top200,filtered_topk,False,False,False,140,0.52089417,0.33956763,0.0
QUC,27940,False,0,0.0,,141,filtered_top200,filtered_topk,False,False,False,141,0.55361235,0.339231,0.0
QUC,5948,False,0,0.0,,142,filtered_top200,filtered_topk,False,False,False,142,0.52625734,0.3388539,0.0
QUC,32035,False,0,0.0,,143,filtered_top200,filtered_topk,False,False,False,143,0.51428735,0.33760428,0.0
QUC,5413,True,4,0.8,6.0,144,filtered_top200,filtered_topk,False,False,False,144,0.55628574,0.3370297,0.0
QUC,28805,False,0,0.0,,145,filtered_top200,filtered_topk,False,False,False,145,0.5168512,0.32908633,0.0
QUC,15185,False,1,0.2,42.0,146,filtered_top200,filtered_topk,False,False,False,146,0.5339007,0.32887596,0.0
QUC,6100,True,2,0.4,10.5,147,filtered_top200,filtered_topk,False,False,False,147,0.5586399,0.3287048,0.0
QUC,27318,False,0,0.0,,148,filtered_top200,filtered_topk,False,False,False,148,0.52050114,0.3269897,0.0
QUC,12311,False,0,0.0,,149,filtered_top200,filtered_topk,False,False,False,149,0.51369244,0.32613108,0.0
QUC,13492,False,0,0.0,,150,filtered_top200,filtered_topk,False,False,False,150,0.5250622,0.32558376,0.0
QUC,26263,False,0,0.0,,151,filtered_top200,filtered_topk,False,False,False,151,0.57002544,0.32520437,0.0
QUC,8966,False,0,0.0,,152,filtered_top200,filtered_topk,False,False,False,152,0.52782,0.32496008,0.0
QUC,29665,False,0,0.0,,153,filtered_top200,filtered_topk,False,False,False,153,0.5091149,0.32465535,0.0
QUC,13169,False,0,0.0,,154,filtered_top200,filtered_topk,False,False,False,154,0.55764174,0.32460168,0.0
QUC,6440,False,0,0.0,,155,filtered_top200,filtered_topk,False,False,False,155,0.5164494,0.32230386,0.0
QUC,29856,False,0,0.0,,156,filtered_top200,filtered_topk,False,False,False,156,0.5627426,0.32196105,0.0
QUC,26739,False,0,0.0,,157,filtered_top200,filtered_topk,False,False,False,157,0.55919516,0.3216973,0.0
QUC,5308,False,1,0.2,39.0,158,filtered_top200,filtered_topk,False,False,False,158,0.5381186,0.3209235,0.0
QUC,29317,False,0,0.0,,159,filtered_top200,filtered_topk,False,False,False,159,0.53725386,0.32059976,0.0
QUC,20402,True,3,0.6,12.666666666666666,160,filtered_top200,filtered_topk,False,False,False,160,0.5102227,0.32040182,0.0
QUC,21006,False,1,0.2,32.0,161,filtered_top200,filtered_topk,False,False,False,161,0.54479975,0.319937,0.0
QUC,26512,False,1,0.2,8.0,162,filtered_top200,filtered_topk,False,False,False,162,0.5128205,0.3194996,0.0
QUC,18205,False,1,0.2,56.0,163,filtered_top200,filtered_topk,False,False,False,163,0.5799606,0.31868732,0.0
QUC,9959,True,4,0.8,6.25,164,filtered_top200,filtered_topk,False,False,False,164,0.5745721,0.31854135,0.0
QUC,25414,False,0,0.0,,165,filtered_top200,filtered_topk,False,False,False,165,0.5729723,0.3174717,0.0
QUC,28484,False,0,0.0,,166,filtered_top200,filtered_topk,False,False,False,166,0.50839233,0.31726053,0.0
QUC,21221,False,1,0.2,73.0,167,filtered_top200,filtered_topk,False,False,False,167,0.52560145,0.31697834,0.0
QUC,17475,False,0,0.0,,168,filtered_top200,filtered_topk,False,False,False,168,0.5184007,0.31344745,0.0
QUC,27702,False,0,0.0,,169,filtered_top200,filtered_topk,False,False,False,169,0.52372307,0.3132708,0.0
QUC,18690,False,0,0.0,,170,filtered_top200,filtered_topk,False,False,False,170,0.5176724,0.3121197,0.0
QUC,10733,False,1,0.2,62.0,171,filtered_top200,filtered_topk,False,False,False,171,0.5104547,0.3114237,0.0
QUC,22623,False,1,0.2,34.0,172,filtered_top200,filtered_topk,False,False,False,172,0.53400385,0.31088457,0.0
QUC,7462,False,0,0.0,,173,filtered_top200,filtered_topk,False,False,False,173,0.5315914,0.3091578,0.0
QUC,16045,False,0,0.0,,174,filtered_top200,filtered_topk,False,False,False,174,0.57122546,0.30851796,0.0
QUC,20904,False,0,0.0,,175,filtered_top200,filtered_topk,False,False,False,175,0.55134845,0.307537,0.0
QUC,30798,False,0,0.0,,176,filtered_top200,filtered_topk,False,False,False,176,0.5582894,0.30711648,0.0
QUC,9908,False,1,0.2,33.0,177,filtered_top200,filtered_topk,False,False,False,177,0.52995366,0.30661198,0.0
QUC,32463,False,1,0.2,38.0,178,filtered_top200,filtered_topk,False,False,False,178,0.51666987,0.3062287,0.0
QUC,22285,False,1,0.2,52.0,179,filtered_top200,filtered_topk,False,False,False,179,0.5591259,0.30583352,0.0
QUC,27142,False,0,0.0,,180,filtered_top200,filtered_topk,False,False,False,180,0.51696414,0.30500725,0.0
QUC,1572,False,0,0.0,,181,filtered_top200,filtered_topk,False,False,False,181,0.54311544,0.30475965,0.0
QUC,23200,False,0,0.0,,182,filtered_top200,filtered_topk,False,False,False,182,0.5118712,0.30401242,0.0
QUC,7741,False,0,0.0,,183,filtered_top200,filtered_topk,False,False,False,183,0.55699676,0.3025028,0.0
QUC,12910,False,0,0.0,,184,filtered_top200,filtered_topk,False,False,False,184,0.5765252,0.30222455,0.0
QUC,30071,False,1,0.2,67.0,185,filtered_top200,filtered_topk,False,False,False,185,0.52235615,0.30034372,0.0
QUC,4958,False,0,0.0,,186,filtered_top200,filtered_topk,False,False,False,186,0.521969,0.29961038,0.0
QUC,14921,False,0,0.0,,187,filtered_top200,filtered_topk,False,False,False,187,0.54711974,0.29928684,0.0
QUC,3348,False,1,0.2,35.0,188,filtered_top200,filtered_topk,False,False,False,188,0.51913744,0.29836842,0.0
QUC,3722,False,0,0.0,,189,filtered_top200,filtered_topk,False,False,False,189,0.51815957,0.29828346,0.0
QUC,19924,False,1,0.2,16.0,190,filtered_top200,filtered_topk,False,False,False,190,0.5244972,0.29807118,0.0
QUC,25227,False,1,0.2,69.0,191,filtered_top200,filtered_topk,False,False,False,191,0.52346325,0.29788992,0.0
QUC,15396,False,0,0.0,,192,filtered_top200,filtered_topk,False,False,False,192,0.56177276,0.29766384,0.0
QUC,19403,False,1,0.2,36.0,193,filtered_top200,filtered_topk,False,False,False,193,0.53969955,0.29741958,0.0
QUC,111,False,1,0.2,54.0,194,filtered_top200,filtered_topk,False,False,False,194,0.56345594,0.29733855,0.0
QUC,21292,False,0,0.0,,195,filtered_top200,filtered_topk,False,False,False,195,0.5290373,0.2959892,0.0
QUC,17981,False,0,0.0,,196,filtered_top200,filtered_topk,False,False,False,196,0.51499045,0.29548973,0.0
QUC,3535,False,0,0.0,,197,filtered_top200,filtered_topk,False,False,False,197,0.50949454,0.2944714,0.0
QUC,25028,False,0,0.0,,198,filtered_top200,filtered_topk,False,False,False,198,0.5660063,0.293891,0.0
QUC,5707,False,0,0.0,,199,filtered_top200,filtered_topk,False,False,False,199,0.51803577,0.29260835,0.0
QUC,32764,False,1,0.2,29.0,200,filtered_top200,filtered_topk,False,False,False,200,0.55538154,0.29222655,0.0
GI,13430,True,5,1.0,1.0,1,filtered_top200,filtered_topk,False,False,False,1,0.72572386,0.82976115,0.0
GI,664,True,4,0.8,7.75,2,filtered_top200,filtered_topk,False,False,False,2,0.6758151,0.6363283,0.0
GI,16345,False,1,0.2,3.0,3,filtered_top200,filtered_topk,False,False,False,3,0.54869497,0.62246734,0.0
GI,26485,False,0,0.0,,4,filtered_top200,filtered_topk,False,False,False,4,0.645701,0.5500131,0.0
GI,8294,False,1,0.2,6.0,5,filtered_top200,filtered_topk,False,False,False,5,0.5341484,0.5489897,0.0
GI,26879,True,2,0.4,9.0,6,filtered_top200,filtered_topk,False,False,False,6,0.5305228,0.54291207,0.0
GI,13751,True,2,0.4,6.5,7,filtered_top200,filtered_topk,False,False,False,7,0.5340537,0.5353324,0.0
GI,11660,False,0,0.0,,8,filtered_top200,filtered_topk,False,False,False,8,0.6207938,0.53245413,0.0
GI,16515,True,2,0.4,6.5,9,filtered_top200,filtered_topk,False,False,False,9,0.5295675,0.5202872,0.0
GI,21634,False,0,0.0,,10,filtered_top200,filtered_topk,False,False,False,10,0.53569055,0.51590216,0.0
GI,27515,False,0,0.0,,11,filtered_top200,filtered_topk,False,False,False,11,0.5726125,0.51335055,0.0
GI,9959,False,0,0.0,,12,filtered_top200,filtered_topk,False,False,False,12,0.6134815,0.5130155,0.0
GI,17827,True,2,0.4,3.0,13,filtered_top200,filtered_topk,False,False,False,13,0.5304892,0.5115606,0.0
GI,26236,False,0,0.0,,14,filtered_top200,filtered_topk,False,False,False,14,0.5512009,0.51155794,0.0
GI,26681,False,1,0.2,6.0,15,filtered_top200,filtered_topk,False,False,False,15,0.59084636,0.50424325,0.0
GI,17861,False,0,0.0,,16,filtered_top200,filtered_topk,False,False,False,16,0.6180733,0.4868311,0.0
GI,9893,True,2,0.4,2.0,17,filtered_top200,filtered_topk,False,False,False,17,0.5560153,0.48128644,0.0
GI,24876,False,0,0.0,,18,filtered_top200,filtered_topk,False,False,False,18,0.5531872,0.48105383,0.0
GI,18490,True,2,0.4,8.0,19,filtered_top200,filtered_topk,False,False,False,19,0.523426,0.47939408,0.0
GI,8166,True,2,0.4,8.0,20,filtered_top200,filtered_topk,False,False,False,20,0.5375941,0.47059277,0.0
GI,2055,True,2,0.4,3.5,21,filtered_top200,filtered_topk,False,False,False,21,0.5499275,0.46273452,0.0
GI,12340,False,0,0.0,,22,filtered_top200,filtered_topk,False,False,False,22,0.6195395,0.45356905,0.0
GI,10916,False,0,0.0,,23,filtered_top200,filtered_topk,False,False,False,23,0.60820085,0.45008925,0.0
GI,16131,True,2,0.4,10.5,24,filtered_top200,filtered_topk,False,False,False,24,0.52455556,0.4498271,0.0
GI,7148,False,0,0.0,,25,filtered_top200,filtered_topk,False,False,False,25,0.51649326,0.44917682,0.0
GI,1713,False,0,0.0,,26,filtered_top200,filtered_topk,False,False,False,26,0.5392147,0.44399202,0.0
GI,23723,False,0,0.0,,27,filtered_top200,filtered_topk,False,False,False,27,0.5284846,0.43978465,0.0
GI,30517,False,0,0.0,,28,filtered_top200,filtered_topk,False,False,False,28,0.538773,0.43732682,0.0
GI,17556,False,0,0.0,,29,filtered_top200,filtered_topk,False,False,False,29,0.5263314,0.43712926,0.0
GI,17685,False,0,0.0,,30,filtered_top200,filtered_topk,False,False,False,30,0.5261399,0.43175346,0.0
GI,5828,False,0,0.0,,31,filtered_top200,filtered_topk,False,False,False,31,0.567134,0.42768323,0.0
GI,1782,False,0,0.0,,32,filtered_top200,filtered_topk,False,False,False,32,0.5307182,0.42431676,0.0
GI,27061,False,0,0.0,,33,filtered_top200,filtered_topk,False,False,False,33,0.5929326,0.42104614,0.0
GI,32448,False,0,0.0,,34,filtered_top200,filtered_topk,False,False,False,34,0.5196174,0.41867843,0.0
GI,10264,False,0,0.0,,35,filtered_top200,filtered_topk,False,False,False,35,0.5379902,0.41436222,0.0
GI,27664,False,0,0.0,,36,filtered_top200,filtered_topk,False,False,False,36,0.5386601,0.41292268,0.0
GI,5582,False,1,0.2,15.0,37,filtered_top200,filtered_topk,False,False,False,37,0.5270904,0.4129224,0.0
GI,19483,False,0,0.0,,38,filtered_top200,filtered_topk,False,False,False,38,0.5431628,0.40679196,0.0
GI,6651,False,0,0.0,,39,filtered_top200,filtered_topk,False,False,False,39,0.5718031,0.40112928,0.0
GI,26500,False,0,0.0,,40,filtered_top200,filtered_topk,False,False,False,40,0.5227857,0.40065327,0.0
GI,20329,False,0,0.0,,41,filtered_top200,filtered_topk,False,False,False,41,0.54286706,0.4002969,0.0
GI,20548,False,0,0.0,,42,filtered_top200,filtered_topk,False,False,False,42,0.52633214,0.39119673,0.0
GI,1442,False,1,0.2,8.0,43,filtered_top200,filtered_topk,False,False,False,43,0.56702656,0.3906683,0.0
GI,21650,False,0,0.0,,44,filtered_top200,filtered_topk,False,False,False,44,0.51400363,0.39034978,0.0
GI,986,False,0,0.0,,45,filtered_top200,filtered_topk,False,False,False,45,0.5127921,0.38935176,0.0
GI,2102,False,0,0.0,,46,filtered_top200,filtered_topk,False,False,False,46,0.5112507,0.38932636,0.0
GI,8346,False,1,0.2,8.0,47,filtered_top200,filtered_topk,False,False,False,47,0.5163059,0.38919953,0.0
GI,26371,False,0,0.0,,48,filtered_top200,filtered_topk,False,False,False,48,0.5153172,0.38910285,0.0
GI,11818,False,0,0.0,,49,filtered_top200,filtered_topk,False,False,False,49,0.5137422,0.38873366,0.0
GI,7040,False,0,0.0,,50,filtered_top200,filtered_topk,False,False,False,50,0.51915526,0.38825366,0.0
GI,17036,False,0,0.0,,51,filtered_top200,filtered_topk,False,False,False,51,0.53603846,0.38529286,0.0
GI,3426,False,0,0.0,,52,filtered_top200,filtered_topk,False,False,False,52,0.53239036,0.38503143,0.0
GI,12186,False,0,0.0,,53,filtered_top200,filtered_topk,False,False,False,53,0.5614141,0.3847347,0.0
GI,21100,False,0,0.0,,54,filtered_top200,filtered_topk,False,False,False,54,0.5198248,0.3846925,0.0
GI,21125,False,0,0.0,,55,filtered_top200,filtered_topk,False,False,False,55,0.56967276,0.383457,0.0
GI,24140,False,0,0.0,,56,filtered_top200,filtered_topk,False,False,False,56,0.5159269,0.3807668,0.0
GI,13912,False,0,0.0,,57,filtered_top200,filtered_topk,False,False,False,57,0.51427746,0.38049853,0.0
GI,11658,False,0,0.0,,58,filtered_top200,filtered_topk,False,False,False,58,0.5631339,0.3802721,0.0
GI,30753,False,0,0.0,,59,filtered_top200,filtered_topk,False,False,False,59,0.5318461,0.3790619,0.0
GI,3674,False,0,0.0,,60,filtered_top200,filtered_topk,False,False,False,60,0.5391944,0.3782514,0.0
GI,15524,False,1,0.2,12.0,61,filtered_top200,filtered_topk,False,False,False,61,0.51042646,0.37800887,0.0
GI,29956,False,0,0.0,,62,filtered_top200,filtered_topk,False,False,False,62,0.5152011,0.37738842,0.0
GI,3960,False,1,0.2,5.0,63,filtered_top200,filtered_topk,False,False,False,63,0.5582983,0.37675777,0.0
GI,24761,False,0,0.0,,64,filtered_top200,filtered_topk,False,False,False,64,0.576964,0.37515187,0.0
GI,29590,False,0,0.0,,65,filtered_top200,filtered_topk,False,False,False,65,0.57917523,0.3740449,0.0
GI,15375,False,0,0.0,,66,filtered_top200,filtered_topk,False,False,False,66,0.5290123,0.37175062,0.0
GI,3630,False,0,0.0,,67,filtered_top200,filtered_topk,False,False,False,67,0.5213285,0.37060916,0.0
GI,15604,False,0,0.0,,68,filtered_top200,filtered_topk,False,False,False,68,0.5356799,0.37009645,0.0
GI,16935,False,0,0.0,,69,filtered_top200,filtered_topk,False,False,False,69,0.5299238,0.36992157,0.0
GI,22511,False,0,0.0,,70,filtered_top200,filtered_topk,False,False,False,70,0.5211423,0.36969763,0.0
GI,29249,False,1,0.2,6.0,71,filtered_top200,filtered_topk,False,False,False,71,0.5202464,0.36770838,0.0
GI,21287,False,0,0.0,,72,filtered_top200,filtered_topk,False,False,False,72,0.51810443,0.3675828,0.0
GI,9728,True,2,0.4,9.0,73,filtered_top200,filtered_topk,False,False,False,73,0.5328168,0.3662823,0.0
GI,24687,False,0,0.0,,74,filtered_top200,filtered_topk,False,False,False,74,0.5228328,0.36416268,0.0
GI,3541,False,0,0.0,,75,filtered_top200,filtered_topk,False,False,False,75,0.51761293,0.363742,0.0
GI,19684,False,0,0.0,,76,filtered_top200,filtered_topk,False,False,False,76,0.52236545,0.36263144,0.0
GI,24901,False,0,0.0,,77,filtered_top200,filtered_topk,False,False,False,77,0.5144918,0.36237523,0.0
GI,14202,False,0,0.0,,78,filtered_top200,filtered_topk,False,False,False,78,0.52167267,0.36200705,0.0
GI,19401,False,0,0.0,,79,filtered_top200,filtered_topk,False,False,False,79,0.5188222,0.35858932,0.0
GI,6016,False,0,0.0,,80,filtered_top200,filtered_topk,False,False,False,80,0.5193537,0.35818315,0.0
GI,22383,False,0,0.0,,81,filtered_top200,filtered_topk,False,False,False,81,0.52587754,0.35806337,0.0
GI,23242,False,1,0.2,2.0,82,filtered_top200,filtered_topk,False,False,False,82,0.6169619,0.35785177,0.0
GI,30153,False,1,0.2,13.0,83,filtered_top200,filtered_topk,False,False,False,83,0.5454139,0.35764313,0.0
GI,28960,False,0,0.0,,84,filtered_top200,filtered_topk,False,False,False,84,0.53460544,0.3568805,0.0
GI,7217,False,0,0.0,,85,filtered_top200,filtered_topk,False,False,False,85,0.50816673,0.35443157,0.0
GI,20863,False,0,0.0,,86,filtered_top200,filtered_topk,False,False,False,86,0.5157906,0.35410714,0.0
GI,11873,False,1,0.2,4.0,87,filtered_top200,filtered_topk,False,False,False,87,0.5187192,0.35392722,0.0
GI,23183,False,1,0.2,12.0,88,filtered_top200,filtered_topk,False,False,False,88,0.5642756,0.3517844,0.0
GI,30857,False,0,0.0,,89,filtered_top200,filtered_topk,False,False,False,89,0.52852565,0.35091248,0.0
GI,1061,False,1,0.2,5.0,90,filtered_top200,filtered_topk,False,False,False,90,0.5430488,0.35073224,0.0
GI,6564,False,0,0.0,,91,filtered_top200,filtered_topk,False,False,False,91,0.5167217,0.35007954,0.0
GI,1945,False,0,0.0,,92,filtered_top200,filtered_topk,False,False,False,92,0.5105313,0.349901,0.0
GI,31844,True,2,0.4,7.5,93,filtered_top200,filtered_topk,False,False,False,93,0.526512,0.34745228,0.0
GI,4209,False,1,0.2,7.0,94,filtered_top200,filtered_topk,False,False,False,94,0.5208364,0.3465859,0.0
GI,29750,False,0,0.0,,95,filtered_top200,filtered_topk,False,False,False,95,0.53651273,0.34616417,0.0
GI,12351,False,1,0.2,13.0,96,filtered_top200,filtered_topk,False,False,False,96,0.5172763,0.34592482,0.0
GI,2182,False,1,0.2,14.0,97,filtered_top200,filtered_topk,False,False,False,97,0.5161872,0.3455728,0.0
GI,24744,False,0,0.0,,98,filtered_top200,filtered_topk,False,False,False,98,0.5704554,0.34556776,0.0
GI,20378,False,0,0.0,,99,filtered_top200,filtered_topk,False,False,False,99,0.51717067,0.34426963,0.0
GI,17748,False,0,0.0,,100,filtered_top200,filtered_topk,False,False,False,100,0.5129367,0.3439445,0.0
GI,10178,False,0,0.0,,101,filtered_top200,filtered_topk,False,False,False,101,0.52414596,0.34309494,0.0
GI,14472,False,0,0.0,,102,filtered_top200,filtered_topk,False,False,False,102,0.52994967,0.3430384,0.0
GI,31747,False,0,0.0,,103,filtered_top200,filtered_topk,False,False,False,103,0.52158546,0.3427921,0.0
GI,31478,False,0,0.0,,104,filtered_top200,filtered_topk,False,False,False,104,0.5205596,0.34174275,0.0
GI,26144,False,0,0.0,,105,filtered_top200,filtered_topk,False,False,False,105,0.5602176,0.3404546,0.0
GI,8088,False,0,0.0,,106,filtered_top200,filtered_topk,False,False,False,106,0.516895,0.339733,0.0
GI,31503,False,1,0.2,9.0,107,filtered_top200,filtered_topk,False,False,False,107,0.50877047,0.3391519,0.0
GI,25761,False,0,0.0,,108,filtered_top200,filtered_topk,False,False,False,108,0.51320976,0.33843464,0.0
GI,14820,False,0,0.0,,109,filtered_top200,filtered_topk,False,False,False,109,0.5157242,0.33814585,0.0
GI,24943,False,1,0.2,11.0,110,filtered_top200,filtered_topk,False,False,False,110,0.56437093,0.33767977,0.0
GI,11884,False,0,0.0,,111,filtered_top200,filtered_topk,False,False,False,111,0.5161088,0.33711627,0.0
GI,8981,False,0,0.0,,112,filtered_top200,filtered_topk,False,False,False,112,0.51890206,0.33676258,0.0
GI,1559,False,0,0.0,,113,filtered_top200,filtered_topk,False,False,False,113,0.52023196,0.3362185,0.0
GI,18310,False,0,0.0,,114,filtered_top200,filtered_topk,False,False,False,114,0.5641221,0.33563936,0.0
GI,25473,False,1,0.2,7.0,115,filtered_top200,filtered_topk,False,False,False,115,0.52208674,0.33552817,0.0
GI,22448,False,0,0.0,,116,filtered_top200,filtered_topk,False,False,False,116,0.5220339,0.33460653,0.0
GI,10383,False,0,0.0,,117,filtered_top200,filtered_topk,False,False,False,117,0.5080546,0.33457932,0.0
GI,31582,False,0,0.0,,118,filtered_top200,filtered_topk,False,False,False,118,0.5220622,0.3341041,0.0
GI,7907,False,1,0.2,6.0,119,filtered_top200,filtered_topk,False,False,False,119,0.5394635,0.33345482,0.0
GI,23077,False,1,0.2,5.0,120,filtered_top200,filtered_topk,False,False,False,120,0.584288,0.3332605,0.0
GI,30678,False,0,0.0,,121,filtered_top200,filtered_topk,False,False,False,121,0.5185808,0.33169258,0.0
GI,11902,False,0,0.0,,122,filtered_top200,filtered_topk,False,False,False,122,0.5417673,0.3316354,0.0
GI,18855,False,1,0.2,16.0,123,filtered_top200,filtered_topk,False,False,False,123,0.51096714,0.33144218,0.0
GI,19845,False,1,0.2,11.0,124,filtered_top200,filtered_topk,False,False,False,124,0.51535434,0.33093357,0.0
GI,6743,False,0,0.0,,125,filtered_top200,filtered_topk,False,False,False,125,0.5716168,0.33067495,0.0
GI,19297,False,0,0.0,,126,filtered_top200,filtered_topk,False,False,False,126,0.5185266,0.330469,0.0
GI,21935,False,0,0.0,,127,filtered_top200,filtered_topk,False,False,False,127,0.5793179,0.33025956,0.0
GI,18531,False,0,0.0,,128,filtered_top200,filtered_topk,False,False,False,128,0.5303216,0.32976422,0.0
GI,2310,False,0,0.0,,129,filtered_top200,filtered_topk,False,False,False,129,0.51080227,0.32931808,0.0
GI,14380,False,0,0.0,,130,filtered_top200,filtered_topk,False,False,False,130,0.5429869,0.32825068,0.0
GI,18646,False,0,0.0,,131,filtered_top200,filtered_topk,False,False,False,131,0.5587771,0.32801488,0.0
GI,8675,False,0,0.0,,132,filtered_top200,filtered_topk,False,False,False,132,0.5239513,0.3265113,0.0
GI,17994,False,0,0.0,,133,filtered_top200,filtered_topk,False,False,False,133,0.5228487,0.32617146,0.0
GI,28713,False,1,0.2,12.0,134,filtered_top200,filtered_topk,False,False,False,134,0.51068956,0.32573894,0.0
GI,939,False,0,0.0,,135,filtered_top200,filtered_topk,False,False,False,135,0.5153913,0.3252068,0.0
GI,18730,False,0,0.0,,136,filtered_top200,filtered_topk,False,False,False,136,0.5630461,0.3244402,0.0
GI,9963,False,0,0.0,,137,filtered_top200,filtered_topk,False,False,False,137,0.55060625,0.32362953,0.0
GI,15109,False,0,0.0,,138,filtered_top200,filtered_topk,False,False,False,138,0.5175983,0.32306924,0.0
GI,12708,False,1,0.2,13.0,139,filtered_top200,filtered_topk,False,False,False,139,0.5308311,0.32275745,0.0
GI,27648,False,1,0.2,14.0,140,filtered_top200,filtered_topk,False,False,False,140,0.5098655,0.32229483,0.0
GI,12544,False,0,0.0,,141,filtered_top200,filtered_topk,False,False,False,141,0.5742595,0.32179052,0.0
GI,27416,False,0,0.0,,142,filtered_top200,filtered_topk,False,False,False,142,0.52002263,0.3214982,0.0
GI,24547,False,0,0.0,,143,filtered_top200,filtered_topk,False,False,False,143,0.5190352,0.32059622,0.0
GI,13215,False,0,0.0,,144,filtered_top200,filtered_topk,False,False,False,144,0.51638806,0.3202599,0.0
GI,23080,False,0,0.0,,145,filtered_top200,filtered_topk,False,False,False,145,0.5276204,0.32016784,0.0
GI,22753,False,0,0.0,,146,filtered_top200,filtered_topk,False,False,False,146,0.5259462,0.3201141,0.0
GI,28194,False,0,0.0,,147,filtered_top200,filtered_topk,False,False,False,147,0.53437436,0.3200868,0.0
GI,22826,False,0,0.0,,148,filtered_top200,filtered_topk,False,False,False,148,0.5191455,0.3195788,0.0
GI,7841,False,0,0.0,,149,filtered_top200,filtered_topk,False,False,False,149,0.5251242,0.31933093,0.0
GI,16503,False,0,0.0,,150,filtered_top200,filtered_topk,False,False,False,150,0.51403105,0.31873,0.0
GI,12852,False,0,0.0,,151,filtered_top200,filtered_topk,False,False,False,151,0.5953594,0.31852043,0.0
GI,28586,False,0,0.0,,152,filtered_top200,filtered_topk,False,False,False,152,0.5137021,0.31839362,0.0
GI,24870,False,0,0.0,,153,filtered_top200,filtered_topk,False,False,False,153,0.50914836,0.31784707,0.0
GI,7925,False,0,0.0,,154,filtered_top200,filtered_topk,False,False,False,154,0.52908736,0.31764817,0.0
GI,1755,False,0,0.0,,155,filtered_top200,filtered_topk,False,False,False,155,0.5351911,0.31683993,0.0
GI,900,False,0,0.0,,156,filtered_top200,filtered_topk,False,False,False,156,0.54852635,0.31664976,0.0
GI,31965,False,0,0.0,,157,filtered_top200,filtered_topk,False,False,False,157,0.51647323,0.3164539,0.0
GI,3832,False,0,0.0,,158,filtered_top200,filtered_topk,False,False,False,158,0.51065075,0.31553957,0.0
GI,19780,False,0,0.0,,159,filtered_top200,filtered_topk,False,False,False,159,0.55196273,0.31520662,0.0
GI,18112,False,0,0.0,,160,filtered_top200,filtered_topk,False,False,False,160,0.5232758,0.31511045,0.0
GI,9170,False,0,0.0,,161,filtered_top200,filtered_topk,False,False,False,161,0.51528716,0.3150507,0.0
GI,12015,False,0,0.0,,162,filtered_top200,filtered_topk,False,False,False,162,0.5254344,0.31504768,0.0
GI,12231,False,1,0.2,3.0,163,filtered_top200,filtered_topk,False,False,False,163,0.52821845,0.31500706,0.0
GI,19770,False,1,0.2,2.0,164,filtered_top200,filtered_topk,False,False,False,164,0.5261296,0.31458154,0.0
GI,19698,False,0,0.0,,165,filtered_top200,filtered_topk,False,False,False,165,0.52498597,0.3145129,0.0
GI,10638,False,0,0.0,,166,filtered_top200,filtered_topk,False,False,False,166,0.5165501,0.3140137,0.0
GI,28740,False,0,0.0,,167,filtered_top200,filtered_topk,False,False,False,167,0.5239479,0.3130028,0.0
GI,920,False,0,0.0,,168,filtered_top200,filtered_topk,False,False,False,168,0.5862566,0.31297845,0.0
GI,8658,False,0,0.0,,169,filtered_top200,filtered_topk,False,False,False,169,0.54727304,0.3128576,0.0
GI,5336,False,0,0.0,,170,filtered_top200,filtered_topk,False,False,False,170,0.5079387,0.31262898,0.0
GI,18614,False,1,0.2,10.0,171,filtered_top200,filtered_topk,False,False,False,171,0.5085435,0.31243554,0.0
GI,22851,False,0,0.0,,172,filtered_top200,filtered_topk,False,False,False,172,0.52057964,0.31200308,0.0
GI,16759,False,0,0.0,,173,filtered_top200,filtered_topk,False,False,False,173,0.5338986,0.31193677,0.0
GI,18567,False,0,0.0,,174,filtered_top200,filtered_topk,False,False,False,174,0.56210315,0.3116869,0.0
GI,21203,False,0,0.0,,175,filtered_top200,filtered_topk,False,False,False,175,0.5513849,0.31104204,0.0
GI,8104,False,0,0.0,,176,filtered_top200,filtered_topk,False,False,False,176,0.57783276,0.3109767,0.0
GI,18615,False,0,0.0,,177,filtered_top200,filtered_topk,False,False,False,177,0.5368698,0.3106946,0.0
GI,12337,False,0,0.0,,178,filtered_top200,filtered_topk,False,False,False,178,0.5630825,0.3103645,0.0
GI,30623,False,0,0.0,,179,filtered_top200,filtered_topk,False,False,False,179,0.5184739,0.3103373,0.0
GI,22271,False,0,0.0,,180,filtered_top200,filtered_topk,False,False,False,180,0.5249509,0.3097326,0.0
GI,12778,False,0,0.0,,181,filtered_top200,filtered_topk,False,False,False,181,0.5088153,0.30913794,0.0
GI,15285,False,1,0.2,6.0,182,filtered_top200,filtered_topk,False,False,False,182,0.5101322,0.30895117,0.0
GI,23383,False,0,0.0,,183,filtered_top200,filtered_topk,False,False,False,183,0.51896864,0.30802748,0.0
GI,2257,False,0,0.0,,184,filtered_top200,filtered_topk,False,False,False,184,0.50959355,0.30792996,0.0
GI,11656,False,0,0.0,,185,filtered_top200,filtered_topk,False,False,False,185,0.5377398,0.30748358,0.0
GI,12310,False,0,0.0,,186,filtered_top200,filtered_topk,False,False,False,186,0.52410245,0.30665588,0.0
GI,18491,False,1,0.2,11.0,187,filtered_top200,filtered_topk,False,False,False,187,0.50941145,0.30612117,0.0
GI,1048,False,0,0.0,,188,filtered_top200,filtered_topk,False,False,False,188,0.5174229,0.30535144,0.0
GI,23441,False,0,0.0,,189,filtered_top200,filtered_topk,False,False,False,189,0.5161525,0.3045833,0.0
GI,20869,False,0,0.0,,190,filtered_top200,filtered_topk,False,False,False,190,0.55399024,0.30455655,0.0
GI,731,False,0,0.0,,191,filtered_top200,filtered_topk,False,False,False,191,0.50963783,0.30382025,0.0
GI,13349,False,0,0.0,,192,filtered_top200,filtered_topk,False,False,False,192,0.51577914,0.30369106,0.0
GI,2968,False,0,0.0,,193,filtered_top200,filtered_topk,False,False,False,193,0.5226621,0.30346465,0.0
GI,3459,False,0,0.0,,194,filtered_top200,filtered_topk,False,False,False,194,0.55255914,0.3032996,0.0
GI,21232,False,0,0.0,,195,filtered_top200,filtered_topk,False,False,False,195,0.5145168,0.30307913,0.0
GI,26954,False,0,0.0,,196,filtered_top200,filtered_topk,False,False,False,196,0.5151773,0.30187008,0.0
GI,16045,False,0,0.0,,197,filtered_top200,filtered_topk,False,False,False,197,0.5652736,0.30172718,0.0
GI,3804,False,0,0.0,,198,filtered_top200,filtered_topk,False,False,False,198,0.5180193,0.30170053,0.0
GI,32490,False,1,0.2,5.0,199,filtered_top200,filtered_topk,False,False,False,199,0.56211066,0.30170015,0.0
GI,21639,False,0,0.0,,200,filtered_top200,filtered_topk,False,False,False,200,0.521887,0.30131736,0.0
SU,11948,False,0,0.0,,1,filtered_top200,filtered_topk,False,False,False,1,0.62261236,1.4286109,0.0
SU,30223,False,0,0.0,,2,filtered_top200,filtered_topk,False,False,False,2,0.5915721,1.3196738,0.0
SU,16736,False,1,0.2,1.0,3,filtered_top200,filtered_topk,False,False,False,3,0.6157782,1.2788311,0.0
SU,4512,False,2,0.4,12.0,4,filtered_top200,filtered_topk,False,False,False,4,0.5788402,1.2758591,0.0
SU,9720,False,0,0.0,,5,filtered_top200,filtered_topk,False,False,False,5,0.57923406,1.2614875,0.0
SU,29825,False,0,0.0,,6,filtered_top200,filtered_topk,False,False,False,6,0.54656047,1.247404,0.0
SU,19359,False,1,0.2,1.0,7,filtered_top200,filtered_topk,False,False,False,7,0.72960895,1.2100813,0.0
SU,7389,False,1,0.2,4.0,8,filtered_top200,filtered_topk,False,False,False,8,0.56059253,1.1989096,0.0
SU,28795,False,0,0.0,,9,filtered_top200,filtered_topk,False,False,False,9,0.555847,1.1988897,0.0
SU,4756,False,0,0.0,,10,filtered_top200,filtered_topk,False,False,False,10,0.5869599,1.1747872,0.0
SU,9109,False,0,0.0,,11,filtered_top200,filtered_topk,False,False,False,11,0.54563314,1.1741967,0.0
SU,5366,False,0,0.0,,12,filtered_top200,filtered_topk,False,False,False,12,0.5297324,1.1719987,0.0
SU,2995,True,2,0.4,1.0,13,filtered_top200,filtered_topk,False,False,False,13,0.72893786,1.1181611,0.0
SU,19935,False,0,0.0,,14,filtered_top200,filtered_topk,False,False,False,14,0.5565934,1.1168824,0.0
SU,28603,False,0,0.0,,15,filtered_top200,filtered_topk,False,False,False,15,0.5430173,1.1104121,0.0
SU,24760,True,2,0.4,2.0,16,filtered_top200,filtered_topk,False,False,False,16,0.5807794,1.1054425,0.0
SU,29856,False,0,0.0,,17,filtered_top200,filtered_topk,False,False,False,17,0.69518405,1.0924573,0.0
SU,8760,False,0,0.0,,18,filtered_top200,filtered_topk,False,False,False,18,0.62556195,1.0434518,0.0
SU,9578,False,0,0.0,,19,filtered_top200,filtered_topk,False,False,False,19,0.62829643,1.030271,0.0
SU,16045,False,0,0.0,,20,filtered_top200,filtered_topk,False,False,False,20,0.71737146,1.024521,0.0
SU,16190,False,0,0.0,,21,filtered_top200,filtered_topk,False,False,False,21,0.5645274,1.0239466,0.0
SU,26642,False,0,0.0,,22,filtered_top200,filtered_topk,False,False,False,22,0.629869,1.0109183,0.0
SU,26263,False,0,0.0,,23,filtered_top200,filtered_topk,False,False,False,23,0.7123766,0.9795434,0.0
SU,20778,False,0,0.0,,24,filtered_top200,filtered_topk,False,False,False,24,0.63620526,0.95878094,0.0
SU,10539,False,0,0.0,,25,filtered_top200,filtered_topk,False,False,False,25,0.5603188,0.95266414,0.0
SU,30172,False,1,0.2,2.0,26,filtered_top200,filtered_topk,False,False,False,26,0.65231687,0.9475427,0.0
SU,7382,False,1,0.2,10.0,27,filtered_top200,filtered_topk,False,False,False,27,0.6105662,0.9195969,0.0
SU,11872,False,0,0.0,,28,filtered_top200,filtered_topk,False,False,False,28,0.5663988,0.91403776,0.0
SU,5732,False,0,0.0,,29,filtered_top200,filtered_topk,False,False,False,29,0.6208317,0.9007731,0.0
SU,1871,False,0,0.0,,30,filtered_top200,filtered_topk,False,False,False,30,0.5751805,0.88959503,0.0
SU,25028,False,0,0.0,,31,filtered_top200,filtered_topk,False,False,False,31,0.7106902,0.8849837,0.0
SU,7407,False,0,0.0,,32,filtered_top200,filtered_topk,False,False,False,32,0.5823191,0.88482785,0.0
SU,15685,False,0,0.0,,33,filtered_top200,filtered_topk,False,False,False,33,0.5797766,0.88283134,0.0
SU,12985,False,0,0.0,,34,filtered_top200,filtered_topk,False,False,False,34,0.6440533,0.8757991,0.0
SU,8552,False,0,0.0,,35,filtered_top200,filtered_topk,False,False,False,35,0.5604613,0.8714393,0.0
SU,2722,False,0,0.0,,36,filtered_top200,filtered_topk,False,False,False,36,0.5585144,0.847119,0.0
SU,22686,False,1,0.2,13.0,37,filtered_top200,filtered_topk,False,False,False,37,0.5283721,0.83875877,0.0
SU,27960,False,0,0.0,,38,filtered_top200,filtered_topk,False,False,False,38,0.54260117,0.8323453,0.0
SU,29244,False,1,0.2,9.0,39,filtered_top200,filtered_topk,False,False,False,39,0.5341295,0.8143713,0.0
SU,9048,False,0,0.0,,40,filtered_top200,filtered_topk,False,False,False,40,0.5703588,0.8122982,0.0
SU,7427,False,0,0.0,,41,filtered_top200,filtered_topk,False,False,False,41,0.57254446,0.80959886,0.0
SU,22606,False,0,0.0,,42,filtered_top200,filtered_topk,False,False,False,42,0.54129326,0.79777694,0.0
SU,20743,False,0,0.0,,43,filtered_top200,filtered_topk,False,False,False,43,0.6239964,0.79462,0.0
SU,6250,False,0,0.0,,44,filtered_top200,filtered_topk,False,False,False,44,0.5759535,0.778649,0.0
SU,13430,False,0,0.0,,45,filtered_top200,filtered_topk,False,False,False,45,0.73030514,0.77747715,0.0
SU,23973,False,1,0.2,3.0,46,filtered_top200,filtered_topk,False,False,False,46,0.51959395,0.77419144,0.0
SU,23915,False,0,0.0,,47,filtered_top200,filtered_topk,False,False,False,47,0.56584436,0.7701916,0.0
SU,25529,False,0,0.0,,48,filtered_top200,filtered_topk,False,False,False,48,0.56829184,0.7699651,0.0
SU,27618,False,0,0.0,,49,filtered_top200,filtered_topk,False,False,False,49,0.56955016,0.7623672,0.0
SU,23464,False,1,0.2,5.0,50,filtered_top200,filtered_topk,False,False,False,50,0.62898284,0.75608414,0.0
SU,27152,False,0,0.0,,51,filtered_top200,filtered_topk,False,False,False,51,0.5827527,0.7511954,0.0
SU,15539,False,1,0.2,2.0,52,filtered_top200,filtered_topk,False,False,False,52,0.708263,0.7494525,0.0
SU,25149,False,0,0.0,,53,filtered_top200,filtered_topk,False,False,False,53,0.6947909,0.746269,0.0
SU,6556,False,0,0.0,,54,filtered_top200,filtered_topk,False,False,False,54,0.56854117,0.73816025,0.0
SU,10380,False,0,0.0,,55,filtered_top200,filtered_topk,False,False,False,55,0.59388554,0.7369433,0.0
SU,17861,False,1,0.2,3.0,56,filtered_top200,filtered_topk,False,False,False,56,0.68405753,0.71010613,0.0
SU,26739,False,0,0.0,,57,filtered_top200,filtered_topk,False,False,False,57,0.59685254,0.7099091,0.0
SU,920,False,0,0.0,,58,filtered_top200,filtered_topk,False,False,False,58,0.67369914,0.7071018,0.0
SU,13827,False,1,0.2,6.0,59,filtered_top200,filtered_topk,False,False,False,59,0.70959675,0.7055448,0.0
SU,9842,False,0,0.0,,60,filtered_top200,filtered_topk,False,False,False,60,0.5435536,0.6949967,0.0
SU,19404,False,0,0.0,,61,filtered_top200,filtered_topk,False,False,False,61,0.57061434,0.6863882,0.0
SU,3078,False,0,0.0,,62,filtered_top200,filtered_topk,False,False,False,62,0.5814916,0.685551,0.0
SU,31366,False,0,0.0,,63,filtered_top200,filtered_topk,False,False,False,63,0.5768543,0.6849187,0.0
SU,31288,False,0,0.0,,64,filtered_top200,filtered_topk,False,False,False,64,0.62302434,0.68255216,0.0
SU,22702,False,0,0.0,,65,filtered_top200,filtered_topk,False,False,False,65,0.60195774,0.6813505,0.0
SU,17715,False,0,0.0,,66,filtered_top200,filtered_topk,False,False,False,66,0.5569663,0.67728883,0.0
SU,6727,False,0,0.0,,67,filtered_top200,filtered_topk,False,False,False,67,0.532742,0.67077476,0.0
SU,12623,False,0,0.0,,68,filtered_top200,filtered_topk,False,False,False,68,0.6042062,0.6599144,0.0
SU,31891,False,0,0.0,,69,filtered_top200,filtered_topk,False,False,False,69,0.67496026,0.6463102,0.0
SU,23440,False,0,0.0,,70,filtered_top200,filtered_topk,False,False,False,70,0.5672074,0.6451285,0.0
SU,21387,False,0,0.0,,71,filtered_top200,filtered_topk,False,False,False,71,0.51940125,0.64151067,0.0
SU,24856,False,0,0.0,,72,filtered_top200,filtered_topk,False,False,False,72,0.5998559,0.63826346,0.0
SU,27722,False,2,0.4,11.5,73,filtered_top200,filtered_topk,False,False,False,73,0.544298,0.63719916,0.0
SU,27435,False,0,0.0,,74,filtered_top200,filtered_topk,False,False,False,74,0.56877226,0.63663673,0.0
SU,12505,False,0,0.0,,75,filtered_top200,filtered_topk,False,False,False,75,0.5324718,0.6366076,0.0
SU,30280,False,1,0.2,11.0,76,filtered_top200,filtered_topk,False,False,False,76,0.5712212,0.6359295,0.0
SU,1681,False,0,0.0,,77,filtered_top200,filtered_topk,False,False,False,77,0.5392717,0.6343719,0.0
SU,4745,False,0,0.0,,78,filtered_top200,filtered_topk,False,False,False,78,0.5537528,0.63398784,0.0
SU,9671,False,1,0.2,4.0,79,filtered_top200,filtered_topk,False,False,False,79,0.5301409,0.6309627,0.0
SU,7403,False,0,0.0,,80,filtered_top200,filtered_topk,False,False,False,80,0.53452265,0.6252003,0.0
SU,2522,False,0,0.0,,81,filtered_top200,filtered_topk,False,False,False,81,0.52890843,0.6236845,0.0
SU,22128,False,0,0.0,,82,filtered_top200,filtered_topk,False,False,False,82,0.6110969,0.6232842,0.0
SU,27141,False,0,0.0,,83,filtered_top200,filtered_topk,False,False,False,83,0.52089906,0.620297,0.0
SU,27048,False,0,0.0,,84,filtered_top200,filtered_topk,False,False,False,84,0.5819518,0.61994267,0.0
SU,16863,False,0,0.0,,85,filtered_top200,filtered_topk,False,False,False,85,0.58723783,0.6197098,0.0
SU,30967,False,0,0.0,,86,filtered_top200,filtered_topk,False,False,False,86,0.50919855,0.61533076,0.0
SU,28670,False,0,0.0,,87,filtered_top200,filtered_topk,False,False,False,87,0.5913703,0.6126134,0.0
SU,14993,False,1,0.2,7.0,88,filtered_top200,filtered_topk,False,False,False,88,0.6584799,0.61252993,0.0
SU,9166,False,0,0.0,,89,filtered_top200,filtered_topk,False,False,False,89,0.55148476,0.6119144,0.0
SU,6255,False,0,0.0,,90,filtered_top200,filtered_topk,False,False,False,90,0.5521796,0.60032237,0.0
SU,24996,False,0,0.0,,91,filtered_top200,filtered_topk,False,False,False,91,0.5389484,0.5969063,0.0
SU,1390,False,0,0.0,,92,filtered_top200,filtered_topk,False,False,False,92,0.5268408,0.59229976,0.0
SU,1716,False,0,0.0,,93,filtered_top200,filtered_topk,False,False,False,93,0.53379714,0.5904793,0.0
SU,25113,False,0,0.0,,94,filtered_top200,filtered_topk,False,False,False,94,0.61921453,0.58709466,0.0
SU,5328,False,0,0.0,,95,filtered_top200,filtered_topk,False,False,False,95,0.5894088,0.5829261,0.0
SU,28372,False,0,0.0,,96,filtered_top200,filtered_topk,False,False,False,96,0.6197166,0.5744865,0.0
SU,8841,False,0,0.0,,97,filtered_top200,filtered_topk,False,False,False,97,0.6220167,0.5698766,0.0
SU,28317,False,0,0.0,,98,filtered_top200,filtered_topk,False,False,False,98,0.5599152,0.56837535,0.0
SU,9436,False,0,0.0,,99,filtered_top200,filtered_topk,False,False,False,99,0.59669614,0.5656114,0.0
SU,7725,False,0,0.0,,100,filtered_top200,filtered_topk,False,False,False,100,0.53779066,0.5631362,0.0
SU,389,False,0,0.0,,101,filtered_top200,filtered_topk,False,False,False,101,0.54587823,0.55854124,0.0
SU,19340,False,0,0.0,,102,filtered_top200,filtered_topk,False,False,False,102,0.5362286,0.55722415,0.0
SU,664,False,0,0.0,,103,filtered_top200,filtered_topk,False,False,False,103,0.65187836,0.55470264,0.0
SU,29032,False,0,0.0,,104,filtered_top200,filtered_topk,False,False,False,104,0.53872985,0.5541612,0.0
SU,13169,False,0,0.0,,105,filtered_top200,filtered_topk,False,False,False,105,0.5685286,0.55344766,0.0
SU,26485,False,1,0.2,5.0,106,filtered_top200,filtered_topk,False,False,False,106,0.6490307,0.5513238,0.0
SU,31348,False,0,0.0,,107,filtered_top200,filtered_topk,False,False,False,107,0.53643525,0.5510704,0.0
SU,10208,False,0,0.0,,108,filtered_top200,filtered_topk,False,False,False,108,0.54939896,0.5498138,0.0
SU,32286,False,0,0.0,,109,filtered_top200,filtered_topk,False,False,False,109,0.534832,0.54968154,0.0
SU,11231,False,0,0.0,,110,filtered_top200,filtered_topk,False,False,False,110,0.54018575,0.5483688,0.0
SU,19317,False,0,0.0,,111,filtered_top200,filtered_topk,False,False,False,111,0.6088694,0.5398967,0.0
SU,7007,False,0,0.0,,112,filtered_top200,filtered_topk,False,False,False,112,0.5095002,0.5394423,0.0
SU,22581,False,0,0.0,,113,filtered_top200,filtered_topk,False,False,False,113,0.547853,0.5394265,0.0
SU,20720,False,0,0.0,,114,filtered_top200,filtered_topk,False,False,False,114,0.55073065,0.53939927,0.0
SU,12852,False,0,0.0,,115,filtered_top200,filtered_topk,False,False,False,115,0.6540319,0.537612,0.0
SU,18262,False,0,0.0,,116,filtered_top200,filtered_topk,False,False,False,116,0.5710976,0.5370097,0.0
SU,32605,False,0,0.0,,117,filtered_top200,filtered_topk,False,False,False,117,0.63097435,0.5317709,0.0
SU,5663,False,1,0.2,3.0,118,filtered_top200,filtered_topk,False,False,False,118,0.6274389,0.53004646,0.0
SU,9944,False,0,0.0,,119,filtered_top200,filtered_topk,False,False,False,119,0.5417381,0.52513564,0.0
SU,15583,False,0,0.0,,120,filtered_top200,filtered_topk,False,False,False,120,0.556164,0.5233993,0.0
SU,7916,False,1,0.2,9.0,121,filtered_top200,filtered_topk,False,False,False,121,0.5299307,0.5230301,0.0
SU,25915,False,0,0.0,,122,filtered_top200,filtered_topk,False,False,False,122,0.5372404,0.52178526,0.0
SU,26681,False,0,0.0,,123,filtered_top200,filtered_topk,False,False,False,123,0.6207633,0.5213188,0.0
SU,31401,False,0,0.0,,124,filtered_top200,filtered_topk,False,False,False,124,0.6366787,0.5195004,0.0
SU,5979,False,0,0.0,,125,filtered_top200,filtered_topk,False,False,False,125,0.5712065,0.517918,0.0
SU,2699,True,2,0.4,2.5,126,filtered_top200,filtered_topk,False,False,False,126,0.6305121,0.5173957,0.0
SU,8848,False,0,0.0,,127,filtered_top200,filtered_topk,False,False,False,127,0.55035216,0.51579565,0.0
SU,31930,False,0,0.0,,128,filtered_top200,filtered_topk,False,False,False,128,0.62170386,0.51390696,0.0
SU,13444,False,0,0.0,,129,filtered_top200,filtered_topk,False,False,False,129,0.5605374,0.5136189,0.0
SU,10953,False,0,0.0,,130,filtered_top200,filtered_topk,False,False,False,130,0.53599465,0.5124534,0.0
SU,14032,False,0,0.0,,131,filtered_top200,filtered_topk,False,False,False,131,0.57362187,0.51182806,0.0
SU,24677,False,0,0.0,,132,filtered_top200,filtered_topk,False,False,False,132,0.51228917,0.51137656,0.0
SU,26721,False,0,0.0,,133,filtered_top200,filtered_topk,False,False,False,133,0.582664,0.51039296,0.0
SU,14875,False,0,0.0,,134,filtered_top200,filtered_topk,False,False,False,134,0.6151986,0.5068964,0.0
SU,25715,False,0,0.0,,135,filtered_top200,filtered_topk,False,False,False,135,0.56474596,0.5063905,0.0
SU,7741,False,0,0.0,,136,filtered_top200,filtered_topk,False,False,False,136,0.6028655,0.5048526,0.0
SU,25724,False,0,0.0,,137,filtered_top200,filtered_topk,False,False,False,137,0.5307624,0.5035617,0.0
SU,6058,False,0,0.0,,138,filtered_top200,filtered_topk,False,False,False,138,0.63777566,0.5024288,0.0
SU,841,False,0,0.0,,139,filtered_top200,filtered_topk,False,False,False,139,0.52403784,0.5011878,0.0
SU,4853,False,0,0.0,,140,filtered_top200,filtered_topk,False,False,False,140,0.527104,0.5009402,0.0
SU,11660,False,0,0.0,,141,filtered_top200,filtered_topk,False,False,False,141,0.6120305,0.49716994,0.0
SU,12029,False,0,0.0,,142,filtered_top200,filtered_topk,False,False,False,142,0.5123918,0.49268928,0.0
SU,15311,False,0,0.0,,143,filtered_top200,filtered_topk,False,False,False,143,0.64370763,0.49264893,0.0
SU,25697,False,0,0.0,,144,filtered_top200,filtered_topk,False,False,False,144,0.5076861,0.49236467,0.0
SU,9993,False,0,0.0,,145,filtered_top200,filtered_topk,False,False,False,145,0.6270137,0.48841518,0.0
SU,19435,False,0,0.0,,146,filtered_top200,filtered_topk,False,False,False,146,0.62499005,0.48750758,0.0
SU,32410,False,0,0.0,,147,filtered_top200,filtered_topk,False,False,False,147,0.5714907,0.4830387,0.0
SU,19663,False,0,0.0,,148,filtered_top200,filtered_topk,False,False,False,148,0.639004,0.48236382,0.0
SU,16267,False,0,0.0,,149,filtered_top200,filtered_topk,False,False,False,149,0.5380993,0.47945467,0.0
SU,25958,False,0,0.0,,150,filtered_top200,filtered_topk,False,False,False,150,0.5500637,0.47835115,0.0
SU,21589,False,0,0.0,,151,filtered_top200,filtered_topk,False,False,False,151,0.5967052,0.47756556,0.0
SU,2819,False,0,0.0,,152,filtered_top200,filtered_topk,False,False,False,152,0.5508416,0.47388902,0.0
SU,22379,False,0,0.0,,153,filtered_top200,filtered_topk,False,False,False,153,0.6248902,0.4723287,0.0
SU,237,False,0,0.0,,154,filtered_top200,filtered_topk,False,False,False,154,0.50829357,0.47043535,0.0
SU,22729,False,0,0.0,,155,filtered_top200,filtered_topk,False,False,False,155,0.5326736,0.46901223,0.0
SU,31091,False,0,0.0,,156,filtered_top200,filtered_topk,False,False,False,156,0.5144797,0.46560284,0.0
SU,27061,False,0,0.0,,157,filtered_top200,filtered_topk,False,False,False,157,0.60703915,0.46374676,0.0
SU,13703,False,0,0.0,,158,filtered_top200,filtered_topk,False,False,False,158,0.62397337,0.4631326,0.0
SU,4854,False,1,0.2,7.0,159,filtered_top200,filtered_topk,False,False,False,159,0.52962065,0.46144107,0.0
SU,2613,False,0,0.0,,160,filtered_top200,filtered_topk,False,False,False,160,0.6082402,0.45958984,0.0
SU,12340,False,1,0.2,3.0,161,filtered_top200,filtered_topk,False,False,False,161,0.6297307,0.45934007,0.0
SU,21178,True,2,0.4,7.0,162,filtered_top200,filtered_topk,False,False,False,162,0.60800695,0.4580006,0.0
SU,26637,False,1,0.2,15.0,163,filtered_top200,filtered_topk,False,False,False,163,0.5268869,0.4555742,0.0
SU,17214,False,0,0.0,,164,filtered_top200,filtered_topk,False,False,False,164,0.5336582,0.45550394,0.0
SU,5731,False,0,0.0,,165,filtered_top200,filtered_topk,False,False,False,165,0.5090896,0.4541523,0.0
SU,9959,False,0,0.0,,166,filtered_top200,filtered_topk,False,False,False,166,0.6032328,0.45347768,0.0
SU,5677,False,0,0.0,,167,filtered_top200,filtered_topk,False,False,False,167,0.6266485,0.4526405,0.0
SU,19412,False,0,0.0,,168,filtered_top200,filtered_topk,False,False,False,168,0.53451216,0.45224592,0.0
SU,26266,False,0,0.0,,169,filtered_top200,filtered_topk,False,False,False,169,0.5371503,0.45202854,0.0
SU,7099,False,0,0.0,,170,filtered_top200,filtered_topk,False,False,False,170,0.53757066,0.45031866,0.0
SU,21864,False,0,0.0,,171,filtered_top200,filtered_topk,False,False,False,171,0.54708695,0.45029083,0.0
SU,32361,False,0,0.0,,172,filtered_top200,filtered_topk,False,False,False,172,0.53635776,0.44856986,0.0
SU,22501,False,0,0.0,,173,filtered_top200,filtered_topk,False,False,False,173,0.53476214,0.4455863,0.0
SU,8827,False,0,0.0,,174,filtered_top200,filtered_topk,False,False,False,174,0.5146892,0.4451052,0.0
SU,30926,False,0,0.0,,175,filtered_top200,filtered_topk,False,False,False,175,0.6156309,0.44446734,0.0
SU,4561,False,0,0.0,,176,filtered_top200,filtered_topk,False,False,False,176,0.56006813,0.44341695,0.0
SU,20652,False,0,0.0,,177,filtered_top200,filtered_topk,False,False,False,177,0.54426026,0.44238713,0.0
SU,11113,False,0,0.0,,178,filtered_top200,filtered_topk,False,False,False,178,0.5442044,0.44181305,0.0
SU,700,False,0,0.0,,179,filtered_top200,filtered_topk,False,False,False,179,0.546728,0.4382304,0.0
SU,27478,False,1,0.2,14.0,180,filtered_top200,filtered_topk,False,False,False,180,0.5313315,0.4362865,0.0
SU,7917,False,0,0.0,,181,filtered_top200,filtered_topk,False,False,False,181,0.5215415,0.43440673,0.0
SU,9788,False,0,0.0,,182,filtered_top200,filtered_topk,False,False,False,182,0.56724024,0.43434379,0.0
SU,5445,False,0,0.0,,183,filtered_top200,filtered_topk,False,False,False,183,0.6269438,0.43244419,0.0
SU,5375,False,0,0.0,,184,filtered_top200,filtered_topk,False,False,False,184,0.530953,0.43176973,0.0
SU,14896,False,0,0.0,,185,filtered_top200,filtered_topk,False,False,False,185,0.549774,0.43163794,0.0
SU,5454,False,0,0.0,,186,filtered_top200,filtered_topk,False,False,False,186,0.51739573,0.4312459,0.0
SU,2843,False,0,0.0,,187,filtered_top200,filtered_topk,False,False,False,187,0.5779219,0.42963687,0.0
SU,15400,False,0,0.0,,188,filtered_top200,filtered_topk,False,False,False,188,0.50919014,0.42838416,0.0
SU,28968,False,0,0.0,,189,filtered_top200,filtered_topk,False,False,False,189,0.5093871,0.42833722,0.0
SU,29530,False,0,0.0,,190,filtered_top200,filtered_topk,False,False,False,190,0.61326087,0.4280128,0.0
SU,23510,False,0,0.0,,191,filtered_top200,filtered_topk,False,False,False,191,0.5354193,0.42743662,0.0
SU,27931,False,0,0.0,,192,filtered_top200,filtered_topk,False,False,False,192,0.55076694,0.42374378,0.0
SU,18305,False,0,0.0,,193,filtered_top200,filtered_topk,False,False,False,193,0.51795787,0.42353663,0.0
SU,29810,False,0,0.0,,194,filtered_top200,filtered_topk,False,False,False,194,0.5856541,0.42265812,0.0
SU,24105,False,0,0.0,,195,filtered_top200,filtered_topk,False,False,False,195,0.5149678,0.42207053,0.0
SU,19461,False,0,0.0,,196,filtered_top200,filtered_topk,False,False,False,196,0.5346176,0.4216692,0.0
SU,12841,False,0,0.0,,197,filtered_top200,filtered_topk,False,False,False,197,0.53157586,0.41989678,0.0
SU,9537,False,1,0.2,8.0,198,filtered_top200,filtered_topk,False,False,False,198,0.5810803,0.41979846,0.0
SU,9068,False,0,0.0,,199,filtered_top200,filtered_topk,False,False,False,199,0.5141606,0.41816846,0.0
SU,26008,False,0,0.0,,200,filtered_top200,filtered_topk,False,False,False,200,0.5279057,0.41779503,0.0
AF,23464,True,5,1.0,1.0,1,filtered_top200,filtered_topk,False,False,False,1,0.8019678,2.1990488,0.0
AF,7143,True,2,0.4,3.0,2,filtered_top200,filtered_topk,False,False,False,2,0.67599016,2.1111808,0.0
AF,17793,False,1,0.2,4.0,3,filtered_top200,filtered_topk,False,False,False,3,0.6600236,1.9303179,0.0
AF,6676,False,1,0.2,3.0,4,filtered_top200,filtered_topk,False,False,False,4,0.65155077,1.7031536,0.0
AF,30870,False,0,0.0,,5,filtered_top200,filtered_topk,False,False,False,5,0.62527025,1.609799,0.0
AF,28724,True,2,0.4,9.0,6,filtered_top200,filtered_topk,False,False,False,6,0.62975323,1.5353996,0.0
AF,2434,False,0,0.0,,7,filtered_top200,filtered_topk,False,False,False,7,0.61514753,1.5068046,0.0
AF,18492,False,1,0.2,6.0,8,filtered_top200,filtered_topk,False,False,False,8,0.66526324,1.3862767,0.0
AF,9869,False,0,0.0,,9,filtered_top200,filtered_topk,False,False,False,9,0.59880435,1.3817712,0.0
AF,24206,False,0,0.0,,10,filtered_top200,filtered_topk,False,False,False,10,0.5809574,1.3693256,0.0
AF,32764,False,0,0.0,,11,filtered_top200,filtered_topk,False,False,False,11,0.68176526,1.3442585,0.0
AF,22411,False,0,0.0,,12,filtered_top200,filtered_topk,False,False,False,12,0.6124998,1.2684014,0.0
AF,19654,False,0,0.0,,13,filtered_top200,filtered_topk,False,False,False,13,0.5853479,1.2351483,0.0
AF,28469,False,0,0.0,,14,filtered_top200,filtered_topk,False,False,False,14,0.6604337,1.2229416,0.0
AF,31149,False,0,0.0,,15,filtered_top200,filtered_topk,False,False,False,15,0.5642851,1.2017546,0.0
AF,5320,False,0,0.0,,16,filtered_top200,filtered_topk,False,False,False,16,0.6306603,1.1463919,0.0
AF,11511,False,1,0.2,6.0,17,filtered_top200,filtered_topk,False,False,False,17,0.5389998,1.1344097,0.0
AF,25532,False,0,0.0,,18,filtered_top200,filtered_topk,False,False,False,18,0.64420724,1.0880154,0.0
AF,24167,True,2,0.4,6.0,19,filtered_top200,filtered_topk,False,False,False,19,0.663621,1.0834823,0.0
AF,26057,False,0,0.0,,20,filtered_top200,filtered_topk,False,False,False,20,0.56032217,1.064925,0.0
AF,29908,False,0,0.0,,21,filtered_top200,filtered_topk,False,False,False,21,0.59517324,1.0554625,0.0
AF,15160,False,1,0.2,2.0,22,filtered_top200,filtered_topk,False,False,False,22,0.57836443,1.0429652,0.0
AF,9782,False,0,0.0,,23,filtered_top200,filtered_topk,False,False,False,23,0.6178342,1.0206866,0.0
AF,26938,False,0,0.0,,24,filtered_top200,filtered_topk,False,False,False,24,0.57795674,1.0103494,0.0
AF,24856,False,0,0.0,,25,filtered_top200,filtered_topk,False,False,False,25,0.60598946,1.0081782,0.0
AF,12613,False,0,0.0,,26,filtered_top200,filtered_topk,False,False,False,26,0.58242816,1.0015526,0.0
AF,453,False,0,0.0,,27,filtered_top200,filtered_topk,False,False,False,27,0.5547039,0.9779395,0.0
AF,15797,False,0,0.0,,28,filtered_top200,filtered_topk,False,False,False,28,0.57030594,0.966477,0.0
AF,8307,False,0,0.0,,29,filtered_top200,filtered_topk,False,False,False,29,0.5643284,0.93565935,0.0
AF,16792,False,0,0.0,,30,filtered_top200,filtered_topk,False,False,False,30,0.5758218,0.9315178,0.0
AF,22475,False,0,0.0,,31,filtered_top200,filtered_topk,False,False,False,31,0.5999337,0.9279751,0.0
AF,15228,False,0,0.0,,32,filtered_top200,filtered_topk,False,False,False,32,0.6151626,0.90297383,0.0
AF,1871,False,0,0.0,,33,filtered_top200,filtered_topk,False,False,False,33,0.5989639,0.9009026,0.0
AF,16965,False,0,0.0,,34,filtered_top200,filtered_topk,False,False,False,34,0.5906204,0.89060295,0.0
AF,16074,False,0,0.0,,35,filtered_top200,filtered_topk,False,False,False,35,0.5574938,0.8840773,0.0
AF,32482,False,1,0.2,8.0,36,filtered_top200,filtered_topk,False,False,False,36,0.5625138,0.8810927,0.0
AF,10881,False,0,0.0,,37,filtered_top200,filtered_topk,False,False,False,37,0.55128795,0.8568821,0.0
AF,13430,True,4,0.8,2.75,38,filtered_top200,filtered_topk,False,False,False,38,0.7425626,0.842089,0.0
AF,5149,False,0,0.0,,39,filtered_top200,filtered_topk,False,False,False,39,0.53409284,0.8203543,0.0
AF,2474,False,0,0.0,,40,filtered_top200,filtered_topk,False,False,False,40,0.5224228,0.7981289,0.0
AF,11336,False,0,0.0,,41,filtered_top200,filtered_topk,False,False,False,41,0.5406254,0.7864168,0.0
AF,6513,False,0,0.0,,42,filtered_top200,filtered_topk,False,False,False,42,0.53597766,0.7814037,0.0
AF,4304,False,1,0.2,5.0,43,filtered_top200,filtered_topk,False,False,False,43,0.5553501,0.7804057,0.0
AF,24188,False,0,0.0,,44,filtered_top200,filtered_topk,False,False,False,44,0.53228307,0.7801517,0.0
AF,4737,False,1,0.2,2.0,45,filtered_top200,filtered_topk,False,False,False,45,0.620611,0.761507,0.0
AF,20904,False,0,0.0,,46,filtered_top200,filtered_topk,False,False,False,46,0.62783825,0.76098406,0.0
AF,18684,False,0,0.0,,47,filtered_top200,filtered_topk,False,False,False,47,0.529074,0.7513814,0.0
AF,29003,False,0,0.0,,48,filtered_top200,filtered_topk,False,False,False,48,0.51845706,0.7412874,0.0
AF,12718,False,0,0.0,,49,filtered_top200,filtered_topk,False,False,False,49,0.5355545,0.72748137,0.0
AF,30807,False,0,0.0,,50,filtered_top200,filtered_topk,False,False,False,50,0.53854764,0.71743435,0.0
AF,1577,False,0,0.0,,51,filtered_top200,filtered_topk,False,False,False,51,0.5733551,0.71533436,0.0
AF,19376,False,0,0.0,,52,filtered_top200,filtered_topk,False,False,False,52,0.53424925,0.71304035,0.0
AF,14740,False,0,0.0,,53,filtered_top200,filtered_topk,False,False,False,53,0.5397552,0.70040977,0.0
AF,22532,False,0,0.0,,54,filtered_top200,filtered_topk,False,False,False,54,0.5687594,0.69773257,0.0
AF,31237,False,0,0.0,,55,filtered_top200,filtered_topk,False,False,False,55,0.5312899,0.693149,0.0
AF,16549,False,0,0.0,,56,filtered_top200,filtered_topk,False,False,False,56,0.5293868,0.6906732,0.0
AF,7551,False,0,0.0,,57,filtered_top200,filtered_topk,False,False,False,57,0.53659457,0.68681186,0.0
AF,32057,False,0,0.0,,58,filtered_top200,filtered_topk,False,False,False,58,0.5223275,0.68486583,0.0
AF,23242,False,0,0.0,,59,filtered_top200,filtered_topk,False,False,False,59,0.6547384,0.6713515,0.0
AF,5439,False,0,0.0,,60,filtered_top200,filtered_topk,False,False,False,60,0.5608307,0.66107595,0.0
AF,797,False,0,0.0,,61,filtered_top200,filtered_topk,False,False,False,61,0.5275044,0.6597127,0.0
AF,4372,False,0,0.0,,62,filtered_top200,filtered_topk,False,False,False,62,0.58876735,0.6580808,0.0
AF,10412,False,0,0.0,,63,filtered_top200,filtered_topk,False,False,False,63,0.58576274,0.6541832,0.0
AF,27165,False,0,0.0,,64,filtered_top200,filtered_topk,False,False,False,64,0.548217,0.65005916,0.0
AF,4495,False,0,0.0,,65,filtered_top200,filtered_topk,False,False,False,65,0.5394841,0.642707,0.0
AF,25149,False,0,0.0,,66,filtered_top200,filtered_topk,False,False,False,66,0.678308,0.6408669,0.0
AF,14079,False,0,0.0,,67,filtered_top200,filtered_topk,False,False,False,67,0.585143,0.64051586,0.0
AF,23598,False,0,0.0,,68,filtered_top200,filtered_topk,False,False,False,68,0.60842365,0.63438034,0.0
AF,8970,False,0,0.0,,69,filtered_top200,filtered_topk,False,False,False,69,0.53181744,0.6298525,0.0
AF,32605,False,0,0.0,,70,filtered_top200,filtered_topk,False,False,False,70,0.62021047,0.6292275,0.0
AF,22501,False,0,0.0,,71,filtered_top200,filtered_topk,False,False,False,71,0.5409358,0.6181082,0.0
AF,23726,False,0,0.0,,72,filtered_top200,filtered_topk,False,False,False,72,0.55530447,0.61675394,0.0
AF,32320,False,0,0.0,,73,filtered_top200,filtered_topk,False,False,False,73,0.5441973,0.611634,0.0
AF,6250,False,0,0.0,,74,filtered_top200,filtered_topk,False,False,False,74,0.53865284,0.61049044,0.0
AF,24470,False,0,0.0,,75,filtered_top200,filtered_topk,False,False,False,75,0.5306059,0.6069317,0.0
AF,22197,False,0,0.0,,76,filtered_top200,filtered_topk,False,False,False,76,0.5489669,0.60634446,0.0
AF,25715,False,0,0.0,,77,filtered_top200,filtered_topk,False,False,False,77,0.60223854,0.60477966,0.0
AF,26485,False,0,0.0,,78,filtered_top200,filtered_topk,False,False,False,78,0.6631887,0.600316,0.0
AF,8835,False,0,0.0,,79,filtered_top200,filtered_topk,False,False,False,79,0.5599518,0.59852123,0.0
AF,5375,False,0,0.0,,80,filtered_top200,filtered_topk,False,False,False,80,0.55401397,0.584234,0.0
AF,18671,False,0,0.0,,81,filtered_top200,filtered_topk,False,False,False,81,0.5427575,0.584112,0.0
AF,13235,False,0,0.0,,82,filtered_top200,filtered_topk,False,False,False,82,0.55821306,0.5799586,0.0
AF,17889,False,0,0.0,,83,filtered_top200,filtered_topk,False,False,False,83,0.55900306,0.5730053,0.0
AF,5979,False,0,0.0,,84,filtered_top200,filtered_topk,False,False,False,84,0.58141947,0.5685198,0.0
AF,24961,False,0,0.0,,85,filtered_top200,filtered_topk,False,False,False,85,0.51625705,0.5646811,0.0
AF,9436,False,1,0.2,3.0,86,filtered_top200,filtered_topk,False,False,False,86,0.57842475,0.5598889,0.0
AF,6621,False,0,0.0,,87,filtered_top200,filtered_topk,False,False,False,87,0.5567169,0.55734646,0.0
AF,8951,False,0,0.0,,88,filtered_top200,filtered_topk,False,False,False,88,0.5250908,0.55547816,0.0
AF,9048,False,0,0.0,,89,filtered_top200,filtered_topk,False,False,False,89,0.5637163,0.55326873,0.0
AF,10367,False,0,0.0,,90,filtered_top200,filtered_topk,False,False,False,90,0.5529449,0.55295026,0.0
AF,22126,False,0,0.0,,91,filtered_top200,filtered_topk,False,False,False,91,0.55045635,0.5494354,0.0
AF,13827,False,0,0.0,,92,filtered_top200,filtered_topk,False,False,False,92,0.6623773,0.5474735,0.0
AF,18308,False,0,0.0,,93,filtered_top200,filtered_topk,False,False,False,93,0.5836286,0.5466625,0.0
AF,4388,False,0,0.0,,94,filtered_top200,filtered_topk,False,False,False,94,0.5346939,0.54257435,0.0
AF,664,False,0,0.0,,95,filtered_top200,filtered_topk,False,False,False,95,0.6434951,0.5384341,0.0
AF,31304,False,0,0.0,,96,filtered_top200,filtered_topk,False,False,False,96,0.54493606,0.5322199,0.0
AF,21652,False,0,0.0,,97,filtered_top200,filtered_topk,False,False,False,97,0.53453034,0.5311214,0.0
AF,32627,False,0,0.0,,98,filtered_top200,filtered_topk,False,False,False,98,0.5643764,0.52935004,0.0
AF,11488,False,0,0.0,,99,filtered_top200,filtered_topk,False,False,False,99,0.55887246,0.5166004,0.0
AF,14401,False,0,0.0,,100,filtered_top200,filtered_topk,False,False,False,100,0.5172042,0.51502174,0.0
AF,30504,False,0,0.0,,101,filtered_top200,filtered_topk,False,False,False,101,0.5175631,0.51329774,0.0
AF,10639,False,0,0.0,,102,filtered_top200,filtered_topk,False,False,False,102,0.51237947,0.5118649,0.0
AF,9673,False,0,0.0,,103,filtered_top200,filtered_topk,False,False,False,103,0.52517617,0.5079942,0.0
AF,26800,False,0,0.0,,104,filtered_top200,filtered_topk,False,False,False,104,0.5596727,0.5071585,0.0
AF,26287,False,0,0.0,,105,filtered_top200,filtered_topk,False,False,False,105,0.5682695,0.5048206,0.0
AF,31071,False,0,0.0,,106,filtered_top200,filtered_topk,False,False,False,106,0.5487521,0.49909142,0.0
AF,10772,False,0,0.0,,107,filtered_top200,filtered_topk,False,False,False,107,0.55793756,0.49790522,0.0
AF,9959,False,0,0.0,,108,filtered_top200,filtered_topk,False,False,False,108,0.61308646,0.49677402,0.0
AF,11660,False,0,0.0,,109,filtered_top200,filtered_topk,False,False,False,109,0.61186814,0.49670637,0.0
AF,22379,False,0,0.0,,110,filtered_top200,filtered_topk,False,False,False,110,0.62424725,0.49632877,0.0
AF,14383,False,0,0.0,,111,filtered_top200,filtered_topk,False,False,False,111,0.54867035,0.49617198,0.0
AF,19111,False,1,0.2,3.0,112,filtered_top200,filtered_topk,False,False,False,112,0.52158755,0.49250454,0.0
AF,12729,False,0,0.0,,113,filtered_top200,filtered_topk,False,False,False,113,0.53646433,0.49237755,0.0
AF,18414,False,0,0.0,,114,filtered_top200,filtered_topk,False,False,False,114,0.53082067,0.49230707,0.0
AF,4830,False,0,0.0,,115,filtered_top200,filtered_topk,False,False,False,115,0.62682354,0.49092016,0.0
AF,18971,False,1,0.2,6.0,116,filtered_top200,filtered_topk,False,False,False,116,0.53100765,0.4866167,0.0
AF,26930,False,0,0.0,,117,filtered_top200,filtered_topk,False,False,False,117,0.5345478,0.48167965,0.0
AF,25786,False,0,0.0,,118,filtered_top200,filtered_topk,False,False,False,118,0.5274301,0.47933137,0.0
AF,22658,False,0,0.0,,119,filtered_top200,filtered_topk,False,False,False,119,0.5088099,0.47385392,0.0
AF,25692,False,0,0.0,,120,filtered_top200,filtered_topk,False,False,False,120,0.5507072,0.47203365,0.0
AF,20066,False,0,0.0,,121,filtered_top200,filtered_topk,False,False,False,121,0.57551855,0.471073,0.0
AF,1238,False,0,0.0,,122,filtered_top200,filtered_topk,False,False,False,122,0.52185273,0.4705563,0.0
AF,8873,False,0,0.0,,123,filtered_top200,filtered_topk,False,False,False,123,0.53976196,0.47036883,0.0
AF,12673,False,0,0.0,,124,filtered_top200,filtered_topk,False,False,False,124,0.54374754,0.46932694,0.0
AF,15311,False,1,0.2,4.0,125,filtered_top200,filtered_topk,False,False,False,125,0.6260106,0.46148166,0.0
AF,1406,False,0,0.0,,126,filtered_top200,filtered_topk,False,False,False,126,0.51236916,0.46112415,0.0
AF,3105,False,0,0.0,,127,filtered_top200,filtered_topk,False,False,False,127,0.53744644,0.46053982,0.0
AF,15089,False,0,0.0,,128,filtered_top200,filtered_topk,False,False,False,128,0.55634654,0.46023616,0.0
AF,27061,False,0,0.0,,129,filtered_top200,filtered_topk,False,False,False,129,0.60419756,0.45933405,0.0
AF,6286,False,1,0.2,7.0,130,filtered_top200,filtered_topk,False,False,False,130,0.5276568,0.45840245,0.0
AF,27934,False,0,0.0,,131,filtered_top200,filtered_topk,False,False,False,131,0.5358729,0.45410115,0.0
AF,404,False,0,0.0,,132,filtered_top200,filtered_topk,False,False,False,132,0.54787207,0.45407444,0.0
AF,8420,False,0,0.0,,133,filtered_top200,filtered_topk,False,False,False,133,0.5364862,0.4531995,0.0
AF,21832,False,0,0.0,,134,filtered_top200,filtered_topk,False,False,False,134,0.5158065,0.45161608,0.0
AF,16483,False,0,0.0,,135,filtered_top200,filtered_topk,False,False,False,135,0.52428377,0.45152187,0.0
AF,728,False,0,0.0,,136,filtered_top200,filtered_topk,False,False,False,136,0.5332283,0.45138693,0.0
AF,29190,False,0,0.0,,137,filtered_top200,filtered_topk,False,False,False,137,0.54655886,0.44534424,0.0
AF,21785,False,0,0.0,,138,filtered_top200,filtered_topk,False,False,False,138,0.56029123,0.44471616,0.0
AF,10916,False,0,0.0,,139,filtered_top200,filtered_topk,False,False,False,139,0.6111203,0.4443873,0.0
AF,12206,False,0,0.0,,140,filtered_top200,filtered_topk,False,False,False,140,0.5096622,0.44130734,0.0
AF,28599,False,0,0.0,,141,filtered_top200,filtered_topk,False,False,False,141,0.5432422,0.43965286,0.0
AF,207,False,0,0.0,,142,filtered_top200,filtered_topk,False,False,False,142,0.5487799,0.43958643,0.0
AF,2551,False,0,0.0,,143,filtered_top200,filtered_topk,False,False,False,143,0.5304685,0.43719286,0.0
AF,23670,False,0,0.0,,144,filtered_top200,filtered_topk,False,False,False,144,0.5440774,0.43516117,0.0
AF,18073,False,0,0.0,,145,filtered_top200,filtered_topk,False,False,False,145,0.5563485,0.4340656,0.0
AF,23003,False,0,0.0,,146,filtered_top200,filtered_topk,False,False,False,146,0.5315685,0.4335203,0.0
AF,13286,False,0,0.0,,147,filtered_top200,filtered_topk,False,False,False,147,0.5840093,0.4312147,0.0
AF,17199,False,0,0.0,,148,filtered_top200,filtered_topk,False,False,False,148,0.5515718,0.42987868,0.0
AF,32149,False,0,0.0,,149,filtered_top200,filtered_topk,False,False,False,149,0.5536646,0.42899624,0.0
AF,2937,False,0,0.0,,150,filtered_top200,filtered_topk,False,False,False,150,0.5300688,0.4280547,0.0
AF,10180,False,0,0.0,,151,filtered_top200,filtered_topk,False,False,False,151,0.5578463,0.42796862,0.0
AF,21144,True,2,0.4,5.5,152,filtered_top200,filtered_topk,False,False,False,152,0.6021853,0.4276671,0.0
AF,12340,False,0,0.0,,153,filtered_top200,filtered_topk,False,False,False,153,0.6155175,0.42746574,0.0
AF,28514,False,1,0.2,5.0,154,filtered_top200,filtered_topk,False,False,False,154,0.53976834,0.4258168,0.0
AF,19317,False,0,0.0,,155,filtered_top200,filtered_topk,False,False,False,155,0.5618176,0.42157277,0.0
AF,26312,False,0,0.0,,156,filtered_top200,filtered_topk,False,False,False,156,0.54762477,0.42025563,0.0
AF,22397,False,0,0.0,,157,filtered_top200,filtered_topk,False,False,False,157,0.56321293,0.41986862,0.0
AF,9447,False,0,0.0,,158,filtered_top200,filtered_topk,False,False,False,158,0.51657265,0.41979614,0.0
AF,24996,False,0,0.0,,159,filtered_top200,filtered_topk,False,False,False,159,0.5329952,0.41790235,0.0
AF,2095,False,0,0.0,,160,filtered_top200,filtered_topk,False,False,False,160,0.5351143,0.41763702,0.0
AF,28548,False,0,0.0,,161,filtered_top200,filtered_topk,False,False,False,161,0.58614266,0.414911,0.0
AF,2613,False,0,0.0,,162,filtered_top200,filtered_topk,False,False,False,162,0.6005375,0.41461316,0.0
AF,31462,False,0,0.0,,163,filtered_top200,filtered_topk,False,False,False,163,0.5105852,0.4128365,0.0
AF,10877,False,0,0.0,,164,filtered_top200,filtered_topk,False,False,False,164,0.5488224,0.41259238,0.0
AF,3993,False,0,0.0,,165,filtered_top200,filtered_topk,False,False,False,165,0.55878156,0.41192797,0.0
AF,8989,False,0,0.0,,166,filtered_top200,filtered_topk,False,False,False,166,0.5364171,0.4101165,0.0
AF,23291,False,0,0.0,,167,filtered_top200,filtered_topk,False,False,False,167,0.51154184,0.40822357,0.0
AF,31858,False,0,0.0,,168,filtered_top200,filtered_topk,False,False,False,168,0.5275528,0.40784618,0.0
AF,248,False,0,0.0,,169,filtered_top200,filtered_topk,False,False,False,169,0.5358415,0.40766767,0.0
AF,389,False,0,0.0,,170,filtered_top200,filtered_topk,False,False,False,170,0.5151928,0.40764263,0.0
AF,1017,False,1,0.2,5.0,171,filtered_top200,filtered_topk,False,False,False,171,0.5388061,0.4072676,0.0
AF,12544,False,0,0.0,,172,filtered_top200,filtered_topk,False,False,False,172,0.5906256,0.40601978,0.0
AF,18556,False,0,0.0,,173,filtered_top200,filtered_topk,False,False,False,173,0.5156501,0.40573034,0.0
AF,6251,False,0,0.0,,174,filtered_top200,filtered_topk,False,False,False,174,0.5516742,0.40322646,0.0
AF,3362,False,0,0.0,,175,filtered_top200,filtered_topk,False,False,False,175,0.5629997,0.40157133,0.0
AF,6566,False,0,0.0,,176,filtered_top200,filtered_topk,False,False,False,176,0.5452592,0.3985546,0.0
AF,9900,False,0,0.0,,177,filtered_top200,filtered_topk,False,False,False,177,0.5550588,0.39596295,0.0
AF,11002,False,0,0.0,,178,filtered_top200,filtered_topk,False,False,False,178,0.51539326,0.39572328,0.0
AF,4457,False,0,0.0,,179,filtered_top200,filtered_topk,False,False,False,179,0.54081196,0.3945903,0.0
AF,10116,False,0,0.0,,180,filtered_top200,filtered_topk,False,False,False,180,0.51542264,0.39380026,0.0
AF,5839,False,0,0.0,,181,filtered_top200,filtered_topk,False,False,False,181,0.5497894,0.3928276,0.0
AF,11567,False,0,0.0,,182,filtered_top200,filtered_topk,False,False,False,182,0.51595336,0.39222935,0.0
AF,12019,False,0,0.0,,183,filtered_top200,filtered_topk,False,False,False,183,0.51604986,0.39156795,0.0
AF,27614,False,0,0.0,,184,filtered_top200,filtered_topk,False,False,False,184,0.5176298,0.39132178,0.0
AF,4238,False,0,0.0,,185,filtered_top200,filtered_topk,False,False,False,185,0.6102771,0.39107588,0.0
AF,8368,False,0,0.0,,186,filtered_top200,filtered_topk,False,False,False,186,0.5380951,0.39075983,0.0
AF,12095,False,0,0.0,,187,filtered_top200,filtered_topk,False,False,False,187,0.51449215,0.39030862,0.0
AF,20688,False,0,0.0,,188,filtered_top200,filtered_topk,False,False,False,188,0.5224792,0.3869535,0.0
AF,23628,False,0,0.0,,189,filtered_top200,filtered_topk,False,False,False,189,0.5285929,0.3866994,0.0
AF,29590,False,0,0.0,,190,filtered_top200,filtered_topk,False,False,False,190,0.5851585,0.3863297,0.0
AF,10284,False,0,0.0,,191,filtered_top200,filtered_topk,False,False,False,191,0.5396679,0.3862234,0.0
AF,9328,False,0,0.0,,192,filtered_top200,filtered_topk,False,False,False,192,0.52187616,0.38528284,0.0
AF,30236,False,0,0.0,,193,filtered_top200,filtered_topk,False,False,False,193,0.5175937,0.38524157,0.0
AF,23543,False,0,0.0,,194,filtered_top200,filtered_topk,False,False,False,194,0.51581323,0.3840742,0.0
AF,17671,False,0,0.0,,195,filtered_top200,filtered_topk,False,False,False,195,0.5514642,0.38371637,0.0
AF,14363,False,0,0.0,,196,filtered_top200,filtered_topk,False,False,False,196,0.55660975,0.38319847,0.0
AF,5975,False,0,0.0,,197,filtered_top200,filtered_topk,False,False,False,197,0.51717365,0.3804997,0.0
AF,26008,False,0,0.0,,198,filtered_top200,filtered_topk,False,False,False,198,0.5272737,0.37956664,0.0
AF,13703,False,0,0.0,,199,filtered_top200,filtered_topk,False,False,False,199,0.60184705,0.37930143,0.0
AF,17754,False,0,0.0,,200,filtered_top200,filtered_topk,False,False,False,200,0.50880396,0.3792216,0.0
