label,latent_idx,n_positive,n_negative,prevalence,pos_mean,neg_mean,mean_diff,cohens_d,abs_cohens_d,auc,directional_auc,auc_effect,p_value,significant_fdr,precision_at_10,precision_lift_at_10,precision_at_50,precision_lift_at_50,full_data_rank,inclusion_frequency,inclusion_count,n_half_runs,cohens_d_ci_lo,cohens_d_ci_hi,ci_excludes_zero,rank_within_label,cross_quality_max_auc_drop,cross_quality_tested,top_k_star,label_selection_status,stable_claim_allowed,ci_supported,cross_quality_stable,cross_quality_risk_or_missing,stable_set_role
RES,20808,416,4602,0.082901554404145,0.8412804,0.27997848,0.56130195,0.7116696,0.7116696,0.6387069,0.6387069,0.27741385,4.7048095e-20,True,0.3,0.21709846,0.24,0.15709844,1,1.0,40,40,0.5392990007996559,0.9165279358625408,True,1,0.0431774854660034,True,55,performance_only_unstable,False,True,True,False,stable_core
RES,11435,416,4602,0.082901554404145,31.528002,21.843624,9.684378,0.5004963,0.5004963,0.6231169,0.6231169,0.24623382,3.4491795e-28,True,0.2,0.11709845,0.12,0.037098445,2,1.0,40,40,0.3988529123365879,0.5939400225877761,True,2,0.0455811023712158,True,55,performance_only_unstable,False,True,True,False,stable_core
RES,28269,416,4602,0.082901554404145,0.22833252,0.091597825,0.1367347,0.46738258,0.46738258,0.57458586,0.57458586,0.14917171,8.9892505e-10,True,0.0,-0.08290155,0.4,0.31709844,3,0.975,39,40,0.3061997532844543,0.6342958584427834,True,3,0.0179363489151,True,55,performance_only_unstable,False,True,True,False,stable_core
RES,29759,416,4602,0.082901554404145,0.42856538,0.21621798,0.2123474,0.4349086,0.4349086,0.6175926,0.6175926,0.23518515,6.622028e-13,True,0.0,-0.08290155,0.08,-0.002901554,4,1.0,40,40,0.3127141505479812,0.5717256277799605,True,4,0.0134640336036682,True,55,performance_only_unstable,False,True,True,False,stable_core
RES,1516,416,4602,0.082901554404145,0.67248535,0.36588416,0.3066012,0.42111248,0.42111248,0.61571187,0.61571187,0.23142374,1.6059817e-12,True,0.2,0.11709845,0.08,-0.002901554,5,0.95,38,40,0.2909542232751846,0.5608838602900504,True,5,0.0824264287948608,True,55,performance_only_unstable,False,True,False,True,stable_core
RES,19435,416,4602,0.082901554404145,0.71400803,0.40889704,0.305111,0.41644457,0.41644457,0.57857394,0.57857394,0.15714788,4.3794124e-10,True,0.4,0.31709844,0.24,0.15709844,6,1.0,40,40,0.2809990964829921,0.5608742579817769,True,6,0.0303050875663757,True,55,performance_only_unstable,False,True,True,False,stable_core
RES,8468,416,4602,0.082901554404145,0.17878605,0.07989903,0.09888703,0.40368426,0.40368426,0.56615984,0.56615984,0.13231969,7.913984e-09,True,0.1,0.01709845,0.24,0.15709844,7,0.9,36,40,0.2688958652317524,0.5352742388844489,True,7,0.0183832049369812,True,55,performance_only_unstable,False,True,True,False,stable_core
RES,2767,416,4602,0.082901554404145,0.051325873,0.012199604,0.03912627,0.3566488,0.3566488,0.52371645,0.52371645,0.0474329,9.2522576e-05,True,0.3,0.21709846,0.4,0.31709844,8,0.775,31,40,0.1731870327144861,0.5551426127552985,True,8,0.0324790477752685,True,55,performance_only_unstable,False,True,True,False,stable_core
RES,26319,416,4602,0.082901554404145,0.33409235,0.15328848,0.18080387,0.35091776,0.35091776,0.55786884,0.55786884,0.11573768,2.0718755e-07,True,0.0,-0.08290155,0.08,-0.002901554,9,0.85,34,40,0.2235084716230631,0.4945979699492454,True,9,0.0062642693519592,True,55,performance_only_unstable,False,True,True,False,stable_core
RES,17442,416,4602,0.082901554404145,0.07215764,0.021394825,0.05076281,0.3390087,0.3390087,0.52478987,0.52478987,0.04957974,9.434134e-05,True,0.2,0.11709845,0.36,0.27709848,10,0.775,31,40,0.1559099536389112,0.5292853489518162,True,10,0.0289753079414367,True,55,performance_only_unstable,False,True,True,False,stable_core
RES,32727,416,4602,0.082901554404145,0.16600154,0.084584065,0.08141748,0.33631402,0.33631402,0.55905616,0.55905616,0.118112326,3.7061403e-07,True,0.2,0.11709845,0.12,0.037098445,11,0.825,33,40,0.2191862564533949,0.4680830791592595,True,11,0.0355018377304077,True,55,performance_only_unstable,False,True,True,False,stable_core
RES,22120,416,4602,0.082901554404145,0.021212064,0.002378806,0.018833257,0.33137894,0.33137894,0.5135636,0.5135636,0.027127147,0.008867443,True,0.5,0.41709846,0.3,0.21709846,12,0.65,26,40,0.1424099810421467,0.5129440113902092,True,12,0.0444677472114563,True,55,performance_only_unstable,False,True,True,False,boundary_candidate
RES,16286,416,4602,0.082901554404145,0.012817383,0.0017073929,0.01110999,0.32882038,0.32882038,0.5122666,0.5122666,0.024533153,0.004203704,True,0.7,0.61709845,0.3,0.21709846,13,0.65,26,40,0.1200535755604505,0.5342731907963751,True,13,0.0452641248703002,True,55,performance_only_unstable,False,True,True,False,boundary_candidate
RES,29701,416,4602,0.082901554404145,0.096228965,0.040546656,0.05568231,0.32571822,0.32571822,0.54679245,0.54679245,0.093584895,4.722592e-06,True,0.1,0.01709845,0.22,0.13709845,14,0.7,28,40,0.183276879787445,0.4813242502510546,True,14,0.0076749920845031,True,55,performance_only_unstable,False,True,True,False,stable_core
RES,31930,416,4602,0.082901554404145,1.1307561,0.7307544,0.40000176,0.3246986,0.3246986,0.5678491,0.5678491,0.1356982,2.7287083e-08,True,0.1,0.01709845,0.1,0.01709845,15,0.725,29,40,0.2061260517686605,0.4472599580883979,True,15,0.0424638986587524,True,55,performance_only_unstable,False,True,True,False,stable_core
RES,13966,416,4602,0.082901554404145,0.24610314,0.103614084,0.14248905,0.31970447,0.31970447,0.55093575,0.55093575,0.10187149,6.6776543e-06,True,0.0,-0.08290155,0.18,0.097098455,16,0.7,28,40,0.182455176115036,0.476093082875013,True,16,0.0529875755310058,True,55,performance_only_unstable,False,True,False,True,stable_core
RES,14602,416,4602,0.082901554404145,0.043565016,0.013278024,0.030286992,0.30695945,0.30695945,0.52428395,0.52428395,0.04856789,0.0002530364,True,0.1,0.01709845,0.3,0.21709846,17,0.675,27,40,0.1405990649014711,0.4913071751594543,True,17,0.0321273207664489,True,55,performance_only_unstable,False,True,True,False,boundary_candidate
RES,7140,416,4602,0.082901554404145,0.079092175,0.024181062,0.054911114,0.3065039,0.3065039,0.5211572,0.5211572,0.04231441,0.00052881805,True,0.4,0.31709844,0.34,0.25709844,18,0.675,27,40,0.1368864495307207,0.483260953426361,True,18,0.0313031077384948,True,55,performance_only_unstable,False,True,True,False,boundary_candidate
RES,16320,416,4602,0.082901554404145,0.43961746,0.25595403,0.18366343,0.30506244,0.30506244,0.5330341,0.5330341,0.06606817,1.3420016e-05,True,0.3,0.21709846,0.26,0.17709844,19,0.65,26,40,0.1807914987206459,0.4453605405986307,True,19,0.0297440290451049,True,55,performance_only_unstable,False,True,True,False,boundary_candidate
RES,19079,416,4602,0.082901554404145,0.06731239,0.018346727,0.048965663,0.29480442,0.29480442,0.5238021,0.5238021,0.047604203,0.0024722116,True,0.4,0.31709844,0.2,0.11709845,20,0.575,23,40,0.1578891094774007,0.4305190198123454,True,20,0.0011524541946411,True,55,performance_only_unstable,False,True,True,False,boundary_candidate
RES,27859,416,4602,0.082901554404145,0.10775522,0.05336844,0.05438678,0.29276666,0.29276666,0.55473083,0.55473083,0.109461665,1.4426652e-06,True,0.0,-0.08290155,0.06,-0.022901554,21,0.65,26,40,0.1778911557048559,0.4186180926859378,True,21,-4.51232928466716e-05,True,55,performance_only_unstable,False,True,True,False,boundary_candidate
RES,8023,416,4602,0.082901554404145,0.03163499,0.005207909,0.02642708,0.28977636,0.28977636,0.50870544,0.50870544,0.017410874,0.009896442,True,0.6,0.5170985,0.22,0.13709845,22,0.5,20,40,0.0306489689275622,0.5228316903114317,True,22,0.0093342065811157,True,55,performance_only_unstable,False,True,True,False,boundary_candidate
RES,19892,416,4602,0.082901554404145,0.060715895,0.016624056,0.04409184,0.28930512,0.28930512,0.51286364,0.51286364,0.025727272,0.0039250874,True,0.6,0.5170985,0.26,0.17709844,23,0.5,20,40,-0.0598755603656172,0.6137147277593612,False,23,0.000240747143402,True,55,performance_only_unstable,False,False,True,False,ci_not_supported
RES,6349,416,4602,0.082901554404145,0.033015326,0.007381302,0.025634024,0.28840327,0.28840327,0.5157804,0.5157804,0.03156078,0.0016888736,True,0.3,0.21709846,0.3,0.21709846,24,0.5,20,40,0.1219162853434681,0.4803660966455936,True,24,0.0041778087615966,True,55,performance_only_unstable,False,True,True,False,boundary_candidate
RES,14836,416,4602,0.082901554404145,0.005953275,0.00043798893,0.0055152862,0.2846358,0.2846358,0.50666827,0.50666827,0.013336539,0.026576858,False,0.5,0.41709846,0.24,0.15709844,25,0.475,19,40,0.0910699129104614,0.4633551828563213,True,25,0.0022203922271728,True,55,performance_only_unstable,False,True,True,False,boundary_candidate
RES,846,416,4602,0.082901554404145,0.017066369,0.0032238022,0.013842567,0.27933088,0.27933088,0.51279336,0.51279336,0.025586724,0.004024679,True,0.3,0.21709846,0.28,0.19709845,26,0.55,22,40,0.1203580383211374,0.4497361175715922,True,26,0.0032206773757934,True,55,performance_only_unstable,False,True,True,False,boundary_candidate
RES,10913,416,4602,0.082901554404145,0.04007662,0.011434397,0.028642224,0.27771166,0.27771166,0.5161181,0.5161181,0.03223622,0.0019653891,True,0.3,0.21709846,0.3,0.21709846,27,0.45,18,40,0.0995831301435828,0.4626608781516552,True,27,0.0186966657638549,True,55,performance_only_unstable,False,True,True,False,boundary_candidate
RES,14875,416,4602,0.082901554404145,0.29402044,0.19676398,0.09725647,0.2728592,0.2728592,0.556457,0.556457,0.112913966,1.8950893e-06,True,0.1,0.01709845,0.08,-0.002901554,28,0.55,22,40,0.1567611880600452,0.3967581667006015,True,28,0.0400592684745788,True,55,performance_only_unstable,False,True,True,False,boundary_candidate
RES,7472,416,4602,0.082901554404145,0.030569224,0.0034355817,0.027133642,0.271002,0.271002,0.50505894,0.50505894,0.010117888,0.062520206,False,0.5,0.41709846,0.16,0.077098444,29,0.5,20,40,-0.0614870871417224,0.5110199019312857,False,29,0.0251197218894958,True,55,performance_only_unstable,False,False,True,False,ci_not_supported
RES,677,416,4602,0.082901554404145,0.015183669,0.0028515966,0.0123320725,0.26320446,0.26320446,0.51071364,0.51071364,0.021427274,0.007143602,True,0.2,0.11709845,0.3,0.21709846,30,0.475,19,40,0.0982479948550462,0.4311385594308375,True,30,0.0008281500593566,True,55,performance_only_unstable,False,True,True,False,boundary_candidate
RES,11339,416,4602,0.082901554404145,0.21136944,0.10545687,0.10591257,0.26120767,0.26120767,0.5318713,0.5318713,0.06374264,0.0010658122,True,0.5,0.41709846,0.2,0.11709845,31,0.425,17,40,0.1064181879162788,0.4321967490017414,True,31,0.0040352752388,True,55,performance_only_unstable,False,True,True,False,boundary_candidate
RES,26578,416,4602,0.082901554404145,0.019733135,0.0026466073,0.017086528,0.2585776,0.2585776,0.5062666,0.5062666,0.012533188,0.03655818,False,0.5,0.41709846,0.22,0.13709845,32,0.425,17,40,0.0487346521578729,0.4729092977941036,True,32,0.0066460371017456,True,55,performance_only_unstable,False,True,True,False,boundary_candidate
RES,21183,416,4602,0.082901554404145,0.04853234,0.012026446,0.036505893,0.25813383,0.25813383,0.51278,0.51278,0.025560021,0.0048987437,True,0.5,0.41709846,0.26,0.17709844,33,0.375,15,40,0.1153198279440403,0.4160483844578265,True,33,0.00049489736557,True,55,performance_only_unstable,False,True,True,False,unstable_inclusion
RES,2995,416,4602,0.082901554404145,0.40105262,0.27416325,0.12688938,0.25763646,0.25763646,0.5716479,0.5716479,0.14329576,3.61155e-06,True,0.0,-0.08290155,0.08,-0.002901554,34,0.375,15,40,0.1518655858933925,0.367988771945238,True,34,0.0721147060394287,True,55,performance_only_unstable,False,True,False,True,unstable_inclusion
RES,19179,416,4602,0.082901554404145,0.056171123,0.020576566,0.035594556,0.2558622,0.2558622,0.51985055,0.51985055,0.039701104,0.0020589249,True,0.4,0.31709844,0.24,0.15709844,35,0.275,11,40,0.1209971690550446,0.3974018417298793,True,35,0.0033548453491211,True,55,performance_only_unstable,False,True,True,False,unstable_inclusion
RES,15557,416,4602,0.082901554404145,0.029465895,0.0068223565,0.022643538,0.2557438,0.2557438,0.51153606,0.51153606,0.023072124,0.006777731,True,0.5,0.41709846,0.26,0.17709844,36,0.375,15,40,0.1055136259645223,0.4155345015227793,True,36,0.0008444768434142,True,55,performance_only_unstable,False,True,True,False,unstable_inclusion
RES,23077,416,4602,0.082901554404145,0.4929293,0.3833689,0.1095604,0.25547388,0.25547388,0.56266403,0.56266403,0.12532806,1.0032944e-05,True,0.1,0.01709845,0.08,-0.002901554,37,0.325,13,40,0.137478744238615,0.3765469208359718,True,37,0.0621242523193359,True,55,performance_only_unstable,False,True,False,True,unstable_inclusion
RES,10922,416,4602,0.082901554404145,0.011770396,0.0011964057,0.01057399,0.25326365,0.25326365,0.50503886,0.50503886,0.010077715,0.054763127,False,0.4,0.31709844,0.2,0.11709845,38,0.325,13,40,0.0631721347570419,0.4235837586224078,True,38,0.0062166452407836,True,55,performance_only_unstable,False,True,True,False,unstable_inclusion
RES,17609,416,4602,0.082901554404145,0.020733174,0.0040480024,0.016685171,0.2531229,0.2531229,0.5107188,0.5107188,0.021437645,0.008379081,True,0.2,0.11709845,0.3,0.21709846,39,0.45,18,40,0.0911450477316975,0.4262785017490386,True,39,0.0008333100593567,True,55,performance_only_unstable,False,True,True,False,boundary_candidate
RES,9537,416,4602,0.082901554404145,0.40695894,0.25478563,0.15217331,0.2530606,0.2530606,0.544748,0.544748,0.08949602,2.2906232e-05,True,0.1,0.01709845,0.1,0.01709845,40,0.325,13,40,0.1469905223697424,0.3602051250636576,True,40,0.0055893577079773,True,55,performance_only_unstable,False,True,True,False,unstable_inclusion
RES,93,416,4602,0.082901554404145,0.060983513,0.023344131,0.03763938,0.25304323,0.25304323,0.52601975,0.52601975,0.052039504,0.0006966421,True,0.2,0.11709845,0.18,0.097098455,41,0.35,14,40,0.1236466920003295,0.3913023322820663,True,41,0.0008406639099121,True,55,performance_only_unstable,False,True,True,False,unstable_inclusion
RES,3421,416,4602,0.082901554404145,0.10922945,0.059587713,0.04964174,0.25205916,0.25205916,0.5358686,0.5358686,0.07173717,0.00013377672,True,0.1,0.01709845,0.12,0.037098445,42,0.35,14,40,0.1312123287469148,0.3819295108318328,True,42,0.0064540654312134,True,55,performance_only_unstable,False,True,True,False,unstable_inclusion
RES,15998,416,4602,0.082901554404145,0.05453726,0.013935008,0.040602252,0.2493886,0.2493886,0.514643,0.514643,0.029286027,0.0033967546,True,0.1,0.01709845,0.26,0.17709844,43,0.3,12,40,0.1107189973816275,0.4143824853003024,True,43,0.0026955604553222,True,55,performance_only_unstable,False,True,True,False,unstable_inclusion
RES,18659,416,4602,0.082901554404145,0.10681152,0.056046452,0.05076507,0.24811706,0.24811706,0.55058104,0.55058104,0.101162076,2.1141943e-05,True,0.0,-0.08290155,0.1,0.01709845,44,0.275,11,40,0.1413854405283928,0.3656835772097109,True,44,0.0025758763304137,True,55,performance_only_unstable,False,True,True,False,unstable_inclusion
RES,21803,416,4602,0.082901554404145,0.015883226,0.0019403928,0.013942833,0.24682593,0.24682593,0.50822043,0.50822043,0.016440868,0.01829673,True,0.7,0.61709845,0.24,0.15709844,45,0.4,16,40,0.0690857198089361,0.4728987097740171,True,45,0.0033701616360473,True,55,performance_only_unstable,False,True,True,False,boundary_candidate
RES,11776,416,4602,0.082901554404145,0.0136484,0.0030710152,0.010577384,0.24586281,0.24586281,0.5111675,0.5111675,0.022335052,0.0073960857,True,0.4,0.31709844,0.24,0.15709844,46,0.325,13,40,0.1014591608196497,0.4085808038711547,True,46,0.00447279214859,True,55,performance_only_unstable,False,True,True,False,unstable_inclusion
RES,24665,416,4602,0.082901554404145,0.056847207,0.0131460335,0.043701172,0.24357294,0.24357294,0.50875115,0.50875115,0.017502308,0.014847056,True,0.5,0.41709846,0.24,0.15709844,47,0.4,16,40,0.0595024758018553,0.4580063745379448,True,47,0.0072892904281616,True,55,performance_only_unstable,False,True,True,False,boundary_candidate
RES,22036,416,4602,0.082901554404145,0.014662523,0.0031397694,0.011522753,0.24246359,0.24246359,0.5111814,0.5111814,0.022362828,0.011880039,True,0.4,0.31709844,0.24,0.15709844,48,0.375,15,40,0.0843048734590411,0.4072209298610683,True,48,0.0022387504577636,True,55,performance_only_unstable,False,True,True,False,unstable_inclusion
RES,20632,416,4602,0.082901554404145,0.010629507,0.002116522,0.008512985,0.24213673,0.24213673,0.50962245,0.50962245,0.01924491,0.011521716,True,0.4,0.31709844,0.26,0.17709844,49,0.425,17,40,0.076640404202044,0.4145734094083309,True,49,0.000270779257965,True,55,performance_only_unstable,False,True,True,False,boundary_candidate
RES,28270,416,4602,0.082901554404145,0.029099684,0.0068983254,0.02220136,0.23973273,0.23973273,0.5107507,0.5107507,0.021501422,0.008821821,True,0.4,0.31709844,0.24,0.15709844,50,0.275,11,40,0.0879134459421038,0.4063405044376847,True,50,0.0009732732803344,True,55,performance_only_unstable,False,True,True,False,unstable_inclusion
RES,2013,416,4602,0.082901554404145,0.03995455,0.0143865775,0.025567973,0.23965427,0.23965427,0.5165981,0.5165981,0.03319621,0.0047974004,True,0.4,0.31709844,0.18,0.097098455,51,0.25,10,40,0.0887800367549061,0.4077284112572668,True,51,0.0097696781158447,True,55,performance_only_unstable,False,True,True,False,unstable_inclusion
RES,17789,416,4602,0.082901554404145,0.10261418,0.028884351,0.07372983,0.23730178,0.23730178,0.5120385,0.5120385,0.024077058,0.0066207163,True,0.5,0.41709846,0.24,0.15709844,52,0.275,11,40,0.0898513816297054,0.4039888136088846,True,52,0.0022218823432922,True,55,performance_only_unstable,False,True,True,False,unstable_inclusion
RES,5663,416,4602,0.082901554404145,0.9796237,0.7080369,0.27158678,0.23729292,0.23729292,0.56138426,0.56138426,0.12276852,1.1421707e-05,True,0.0,-0.08290155,0.04,-0.042901553,53,0.275,11,40,0.1232927795499563,0.352851030230522,True,53,0.0139434927117919,True,55,performance_only_unstable,False,True,True,False,unstable_inclusion
RES,19039,416,4602,0.082901554404145,0.46293288,0.35389972,0.10903317,0.23630925,0.23630925,0.5789691,0.5789691,0.15793824,1.3485038e-05,True,0.1,0.01709845,0.08,-0.002901554,54,0.25,10,40,0.1194559833034873,0.3605055749416351,True,54,0.0152233242988586,True,55,performance_only_unstable,False,True,True,False,unstable_inclusion
RES,24829,416,4602,0.082901554404145,0.043640137,0.01559614,0.028043997,0.23282374,0.23282374,0.51411176,0.51411176,0.028223515,0.0054238513,True,0.2,0.11709845,0.26,0.17709844,55,0.275,11,40,0.0888618486002087,0.4007917433977125,True,55,0.0116733312606811,True,55,performance_only_unstable,False,True,True,False,unstable_inclusion
REC,31133,829,4189,0.1652052610601833,0.7724291,0.10053815,0.671891,0.86524636,0.86524636,0.60939044,0.60939044,0.21878088,9.25392e-37,True,0.7,0.53479475,0.6,0.43479478,1,1.0,40,40,0.7311231389641761,1.0261491984128952,True,1,0.007105529308319,True,58,stable_topk_found,True,True,True,False,stable_core
REC,20436,829,4189,0.1652052610601833,0.21454924,0.025620487,0.18892875,0.85400176,0.85400176,0.60244334,0.60244334,0.20488667,1.1821139e-30,True,1.0,0.83479476,0.8,0.6347948,2,1.0,40,40,0.7413120284676552,0.9808462753891944,True,2,0.0440297722816467,True,58,stable_topk_found,True,True,True,False,stable_core
REC,26800,829,4189,0.1652052610601833,0.2985831,0.04426586,0.25431722,0.8390925,0.8390925,0.62279487,0.62279487,0.24558973,5.282967e-37,True,0.6,0.43479478,0.62,0.45479476,3,1.0,40,40,0.7150263011455535,0.9828760921955106,True,3,0.0136268138885498,True,58,stable_topk_found,True,True,True,False,stable_core
REC,3993,829,4189,0.1652052610601833,0.26478156,0.054442253,0.21033931,0.82198966,0.82198966,0.62348354,0.62348354,0.24696708,5.814580000000001e-40,True,0.8,0.6347948,0.58,0.41479474,4,1.0,40,40,0.7001566588878632,0.9533174961805344,True,4,0.0020843148231506,True,58,stable_topk_found,True,True,True,False,stable_core
REC,30224,829,4189,0.1652052610601833,0.3315035,0.0942349,0.23726861,0.8108539,0.8108539,0.6499543,0.6499543,0.29990864,0.0,True,0.6,0.43479478,0.52,0.35479474,5,1.0,40,40,0.687606492638588,0.93321643024683,True,5,0.0380083322525024,True,58,stable_topk_found,True,True,True,False,stable_core
REC,16292,829,4189,0.1652052610601833,0.4307854,0.04847424,0.38231114,0.81069833,0.81069833,0.6175114,0.6175114,0.23502278,5.2565197e-31,True,0.6,0.43479478,0.7,0.53479475,6,1.0,40,40,0.6823542729020119,0.9509425848722456,True,6,0.0166882872581481,True,58,stable_topk_found,True,True,True,False,stable_core
REC,29759,829,4189,0.1652052610601833,0.54976344,0.17129731,0.37846613,0.80312824,0.80312824,0.6955452,0.6955452,0.3910904,0.0,True,0.4,0.23479475,0.46,0.29479474,7,1.0,40,40,0.6843881398439408,0.9205415859818458,True,7,0.0320489406585693,True,58,stable_topk_found,True,True,True,False,stable_core
REC,10181,829,4189,0.1652052610601833,0.3395893,0.089289844,0.25029945,0.79068595,0.79068595,0.6328959,0.6328959,0.26579177,0.0,True,0.8,0.6347948,0.64,0.47479475,8,1.0,40,40,0.6863093912601471,0.9014896392822264,True,8,0.0185194742568969,True,58,stable_topk_found,True,True,True,False,stable_core
REC,15068,829,4189,0.1652052610601833,1.1414638,0.41190237,0.7295614,0.7785894,0.7785894,0.65326285,0.65326285,0.3065257,0.0,True,0.7,0.53479475,0.54,0.37479478,9,1.0,40,40,0.6743216693401337,0.8977015048265456,True,9,0.0133371353149414,True,58,stable_topk_found,True,True,True,False,stable_core
REC,19435,829,4189,0.1652052610601833,0.8940106,0.3431933,0.5508173,0.77741927,0.77741927,0.66014326,0.66014326,0.3202865,0.0,True,0.4,0.23479475,0.52,0.35479474,10,1.0,40,40,0.6778991535305977,0.8745575383305548,True,10,0.0657692551612854,True,58,stable_topk_found,True,True,False,True,stable_core
REC,21800,829,4189,0.1652052610601833,0.27495477,0.03067931,0.24427545,0.7675462,0.7675462,0.5943997,0.5943997,0.18879938,1.9495509999999998e-26,True,0.7,0.53479475,0.74,0.57479477,11,1.0,40,40,0.6394892275333405,0.9098959699273108,True,11,0.0166548584243774,True,58,stable_topk_found,True,True,True,False,stable_core
REC,23670,829,4189,0.1652052610601833,0.51073396,0.055316005,0.45541796,0.7631803,0.7631803,0.5766038,0.5766038,0.15320754,1.5109347e-27,True,0.5,0.33479476,0.7,0.53479475,12,1.0,40,40,0.6262224227190017,0.9256754353642462,True,12,0.0177684426307678,True,58,stable_topk_found,True,True,True,False,stable_core
REC,29874,829,4189,0.1652052610601833,0.267842,0.03310148,0.23474051,0.7594772,0.7594772,0.60145617,0.60145617,0.20291233,3.7860512e-29,True,0.4,0.23479475,0.64,0.47479475,13,1.0,40,40,0.6193805679678916,0.9082032203674312,True,13,0.0058522271289062,True,58,stable_topk_found,True,True,True,False,stable_core
REC,29190,829,4189,0.1652052610601833,0.6770983,0.08903807,0.5880602,0.7528769,0.7528769,0.59408224,0.59408224,0.18816447,1.1068779e-29,True,0.1,-0.06520525,0.46,0.29479474,14,1.0,40,40,0.6273962631821632,0.8991899996995926,True,14,0.0118021406080627,True,58,stable_topk_found,True,True,True,False,stable_core
REC,3805,829,4189,0.1652052610601833,0.30091554,0.080799885,0.22011566,0.72683,0.72683,0.6209495,0.6209495,0.24189901,5.5918895e-36,True,0.4,0.23479475,0.6,0.43479478,15,1.0,40,40,0.6111995115876198,0.8611268147826194,True,15,0.0114722184295654,True,58,stable_topk_found,True,True,True,False,stable_core
REC,19005,829,4189,0.1652052610601833,0.46081734,0.16661522,0.29420212,0.71487623,0.71487623,0.6575159,0.6575159,0.31503177,0.0,True,0.5,0.33479476,0.42,0.25479472,16,1.0,40,40,0.6052644714713097,0.827547414600849,True,16,0.0049556659301758,True,58,stable_topk_found,True,True,True,False,stable_core
REC,7054,829,4189,0.1652052610601833,0.56254005,0.15336157,0.4091785,0.70666254,0.70666254,0.62547797,0.62547797,0.25095594,1.7766194e-36,True,0.5,0.33479476,0.3,0.13479476,17,1.0,40,40,0.5892205953598022,0.8301827624440192,True,17,0.0438517928123474,True,58,stable_topk_found,True,True,True,False,stable_core
REC,28688,829,4189,0.1652052610601833,0.43645394,0.066583425,0.3698705,0.6942208,0.6942208,0.58109325,0.58109325,0.1621865,4.0684849999999996e-26,True,0.7,0.53479475,0.54,0.37479478,18,1.0,40,40,0.5635031193494797,0.8451213613152503,True,18,0.0161083919639587,True,58,stable_topk_found,True,True,True,False,stable_core
REC,2089,829,4189,0.1652052610601833,0.26457658,0.028834354,0.23574223,0.6926938,0.6926938,0.5900643,0.5900643,0.18012857,5.9930255e-23,True,0.7,0.53479475,0.58,0.41479474,19,1.0,40,40,0.5775860324501991,0.8278810739517212,True,19,0.0243241190910339,True,58,stable_topk_found,True,True,True,False,stable_core
REC,30091,829,4189,0.1652052610601833,0.121355265,0.020287508,0.10106776,0.6875316,0.6875316,0.5798808,0.5798808,0.15976155,2.3563992e-26,True,0.5,0.33479476,0.58,0.41479474,20,0.975,39,40,0.5663359373807907,0.8142241969704628,True,20,0.0093140602111816,True,58,stable_topk_found,True,True,True,False,stable_core
REC,22558,829,4189,0.1652052610601833,0.49798328,0.13719758,0.3607857,0.6833253,0.6833253,0.6156733,0.6156733,0.2313466,6.4701245e-31,True,0.7,0.53479475,0.62,0.45479476,21,1.0,40,40,0.5746834993362426,0.7979424297809601,True,21,0.0309659242630004,True,58,stable_topk_found,True,True,True,False,stable_core
REC,111,829,4189,0.1652052610601833,0.43168774,0.12963687,0.3020509,0.6831903,0.6831903,0.63107425,0.63107425,0.2621485,5.7817555e-36,True,0.3,0.13479476,0.4,0.23479475,22,0.975,39,40,0.5782496616244316,0.8000583693385124,True,22,0.0024760365486145,True,58,stable_topk_found,True,True,True,False,stable_core
REC,12852,829,4189,0.1652052610601833,0.74193543,0.4083332,0.33360222,0.6767032,0.6767032,0.67354846,0.67354846,0.34709692,0.0,True,0.5,0.33479476,0.46,0.29479474,23,0.975,39,40,0.5701116025447845,0.7881720110774039,True,23,0.0281318426065063,True,58,stable_topk_found,True,True,True,False,stable_core
REC,14875,829,4189,0.1652052610601833,0.4004778,0.16610748,0.23437032,0.6760484,0.6760484,0.65040785,0.65040785,0.3008157,0.0,True,0.1,-0.06520525,0.22,0.054794744,24,0.95,38,40,0.5794965520501136,0.7759069353342055,True,24,0.0422900907722473,True,58,stable_topk_found,True,True,True,False,stable_core
REC,5663,829,4189,0.1652052610601833,1.352492,0.6074704,0.7450216,0.6693256,0.6693256,0.6522845,0.6522845,0.304569,0.0,True,0.2,0.034794748,0.24,0.07479474,25,1.0,40,40,0.5762618869543076,0.762289060652256,True,25,0.0465003818244934,True,58,stable_topk_found,True,True,True,False,stable_core
REC,11405,829,4189,0.1652052610601833,0.62721467,0.28480422,0.34241045,0.66370505,0.66370505,0.65262675,0.65262675,0.3052535,0.0,True,0.5,0.33479476,0.4,0.23479475,26,0.975,39,40,0.5710017040371895,0.7633585974574089,True,26,0.0656373500823974,True,58,stable_topk_found,True,True,False,True,stable_core
REC,31867,829,4189,0.1652052610601833,0.3879368,0.1200307,0.2679061,0.661754,0.661754,0.6186815,0.6186815,0.23736298,9.976889e-36,True,0.6,0.43479478,0.42,0.25479472,27,1.0,40,40,0.5527566909790039,0.767639648914337,True,27,0.019744823020935,True,58,stable_topk_found,True,True,True,False,stable_core
REC,26968,829,4189,0.1652052610601833,0.29624358,0.0902699,0.20597368,0.660263,0.660263,0.62025523,0.62025523,0.24051046,8.430531e-34,True,0.4,0.23479475,0.42,0.25479472,28,0.925,37,40,0.5216176018118859,0.8093012318015098,True,28,0.0292864423298645,True,58,stable_topk_found,True,True,True,False,stable_core
REC,8034,829,4189,0.1652052610601833,0.25032985,0.05549365,0.1948362,0.6549882,0.6549882,0.5949098,0.5949098,0.18981957,4.3953716000000004e-27,True,0.6,0.43479478,0.56,0.39479476,29,0.95,38,40,0.5383592575788498,0.7861513912677764,True,29,0.0089752078056335,True,58,stable_topk_found,True,True,True,False,stable_core
REC,13169,829,4189,0.1652052610601833,0.375033,0.1081469,0.2668861,0.65278846,0.65278846,0.62020236,0.62020236,0.24040473,2.5252967e-33,True,0.6,0.43479478,0.42,0.25479472,30,0.95,38,40,0.5540205717086792,0.7564815953373909,True,30,0.0281063318252563,True,58,stable_topk_found,True,True,True,False,stable_core
REC,32596,829,4189,0.1652052610601833,0.2194356,0.06051237,0.15892324,0.6527156,0.6527156,0.61685383,0.61685383,0.23370767,1.407578e-30,True,0.7,0.53479475,0.5,0.33479476,31,0.95,38,40,0.5468814939260482,0.7634259864687919,True,31,0.0282031297683715,True,58,stable_topk_found,True,True,True,False,stable_core
REC,31930,829,4189,0.1652052610601833,1.4157306,0.6349214,0.7808092,0.6494037,0.6494037,0.64400864,0.64400864,0.28801727,0.0,True,0.3,0.13479476,0.26,0.094794735,32,0.875,35,40,0.5600603386759758,0.7408553823828696,True,32,0.0531315207481384,True,58,stable_topk_found,True,True,False,True,stable_core
REC,1455,829,4189,0.1652052610601833,0.29377216,0.06521638,0.22855578,0.6454006,0.6454006,0.58810395,0.58810395,0.1762079,1.2801687e-24,True,0.8,0.6347948,0.7,0.53479475,33,0.875,35,40,0.5261643618345261,0.7697033002972603,True,33,0.0300754308700561,True,58,stable_topk_found,True,True,True,False,stable_core
REC,4018,829,4189,0.1652052610601833,0.21682043,0.059818126,0.1570023,0.63572425,0.63572425,0.6029342,0.6029342,0.20586836,1.07962645e-29,True,0.3,0.13479476,0.46,0.29479474,34,0.85,34,40,0.5150871828198433,0.7619816333055496,True,34,0.0186203122138977,True,58,stable_topk_found,True,True,True,False,stable_core
REC,26319,829,4189,0.1652052610601833,0.43436888,0.1156181,0.31875077,0.63253677,0.63253677,0.60086316,0.60086316,0.20172632,9.1676745e-29,True,0.2,0.034794748,0.46,0.29479474,35,0.775,31,40,0.5174020782113076,0.7500768855214119,True,35,0.0023927701570128,True,58,stable_topk_found,True,True,True,False,stable_core
REC,3416,829,4189,0.1652052610601833,0.256029,0.06886479,0.18716422,0.63119286,0.63119286,0.59679997,0.59679997,0.19359994,1.3643870000000001e-27,True,0.7,0.53479475,0.54,0.37479478,36,0.9,36,40,0.5230251312255859,0.7490286335349082,True,36,0.0158420801162719,True,58,stable_topk_found,True,True,True,False,stable_core
REC,8583,829,4189,0.1652052610601833,0.18737277,0.036860865,0.1505119,0.6187683,0.6187683,0.58288527,0.58288527,0.16577053,5.3385557e-22,True,0.6,0.43479478,0.56,0.39479476,37,0.8,32,40,0.4935768067836761,0.7523776784539221,True,37,0.0181647539138793,True,58,stable_topk_found,True,True,True,False,stable_core
REC,31915,829,4189,0.1652052610601833,0.38094184,0.12503217,0.25590968,0.6161405,0.6161405,0.61162025,0.61162025,0.2232405,4.2616545e-30,True,0.5,0.33479476,0.54,0.37479478,38,0.85,34,40,0.5179563462734222,0.7198469787836075,True,38,0.0493096113204956,True,58,stable_topk_found,True,True,True,False,stable_core
REC,16745,829,4189,0.1652052610601833,0.33728984,0.0931532,0.24413663,0.61437964,0.61437964,0.6024809,0.6024809,0.20496178,2.6360875e-26,True,0.8,0.6347948,0.54,0.37479478,39,0.75,30,40,0.4966338649392128,0.747910313308239,True,39,0.0131975412368774,True,58,stable_topk_found,True,True,True,False,stable_core
REC,2995,829,4189,0.1652052610601833,0.5308589,0.23596445,0.29489443,0.612533,0.612533,0.6556858,0.6556858,0.31137156,2.6913900000000003e-40,True,0.1,-0.06520525,0.26,0.094794735,40,0.775,31,40,0.5126847937703133,0.7186033472418785,True,40,0.0321338772773742,True,58,stable_topk_found,True,True,True,False,stable_core
REC,1211,829,4189,0.1652052610601833,1.1984389,0.75897205,0.43946683,0.6065269,0.6065269,0.66618085,0.66618085,0.3323617,0.0,True,0.7,0.53479475,0.56,0.39479476,41,0.825,33,40,0.5280849561095238,0.6949751794338226,True,41,0.0501059302993774,True,58,stable_topk_found,True,True,False,True,stable_core
REC,21741,829,4189,0.1652052610601833,0.3934475,0.14018346,0.253264,0.6036453,0.6036453,0.6172672,0.6172672,0.23453438,6.249548000000001e-29,True,0.8,0.6347948,0.54,0.37479478,42,0.725,29,40,0.506390155851841,0.7017790108919142,True,42,0.0373330116271972,True,58,stable_topk_found,True,True,True,False,stable_core
REC,15396,829,4189,0.1652052610601833,0.4932206,0.16949037,0.32373023,0.6016201,0.6016201,0.6279461,0.6279461,0.25589216,4.0785745e-33,True,0.5,0.33479476,0.3,0.13479476,43,0.775,31,40,0.5035483300685882,0.703387589752674,True,43,0.0168458819389343,True,58,stable_topk_found,True,True,True,False,stable_core
REC,16256,829,4189,0.1652052610601833,0.6812,0.36243966,0.31876037,0.6000407,0.6000407,0.64761704,0.64761704,0.29523408,0.0,True,0.2,0.034794748,0.36,0.19479476,44,0.825,33,40,0.4998304329812527,0.7133075684309005,True,44,0.0194493511534118,True,58,stable_topk_found,True,True,True,False,stable_core
REC,14094,829,4189,0.1652052610601833,0.17534775,0.032521,0.14282675,0.5971362,0.5971362,0.56257343,0.56257343,0.12514687,1.2983585999999998e-18,True,0.9,0.73479474,0.66,0.4947948,45,0.675,27,40,0.4949674755334854,0.7074056878685951,True,45,0.0093008279800415,True,58,stable_topk_found,True,True,True,False,boundary_candidate
REC,15075,829,4189,0.1652052610601833,0.13643603,0.029155135,0.107280895,0.591317,0.591317,0.5697094,0.5697094,0.13941884,5.8075264e-21,True,0.9,0.73479474,0.56,0.39479476,46,0.7,28,40,0.4704266786575317,0.712029318511486,True,46,0.030547022819519,True,58,stable_topk_found,True,True,True,False,stable_core
REC,26869,829,4189,0.1652052610601833,1.0177972,0.5677262,0.45007104,0.58676565,0.58676565,0.655252,0.655252,0.31050396,0.0,True,0.2,0.034794748,0.26,0.094794735,47,0.725,29,40,0.5007066138088703,0.677432619035244,True,47,0.0229888558387756,True,58,stable_topk_found,True,True,True,False,stable_core
REC,5569,829,4189,0.1652052610601833,0.7267628,0.13189073,0.59487206,0.58363646,0.58363646,0.56745464,0.56745464,0.13490927,3.4195608e-20,True,0.4,0.23479475,0.56,0.39479476,48,0.625,25,40,0.4738744720816612,0.692346653342247,True,48,0.0092387834478759,True,58,stable_topk_found,True,True,True,False,boundary_candidate
REC,9993,829,4189,0.1652052610601833,1.085782,0.7551064,0.33067566,0.5814879,0.5814879,0.66586363,0.66586363,0.33172727,0.0,True,0.0,-0.16520526,0.36,0.19479476,49,0.6,24,40,0.5041420459747314,0.6666123926639557,True,49,0.0230054823788452,True,58,stable_topk_found,True,True,True,False,boundary_candidate
REC,3673,829,4189,0.1652052610601833,0.78026754,0.44332907,0.33693847,0.5790101,0.5790101,0.64662933,0.64662933,0.29325867,9.70399e-40,True,0.3,0.13479476,0.54,0.37479478,50,0.6,24,40,0.4807982467114925,0.6930615544319152,True,50,0.0156450867652893,True,58,stable_topk_found,True,True,True,False,boundary_candidate
REC,31575,829,4189,0.1652052610601833,0.49204615,0.15981029,0.33223587,0.5778471,0.5778471,0.60100925,0.60100925,0.2020185,4.9584067e-30,True,0.1,-0.06520525,0.18,0.014794752,51,0.6,24,40,0.4750217393040657,0.6950420677661894,True,51,0.0179658532142639,True,58,stable_topk_found,True,True,True,False,boundary_candidate
REC,28676,829,4189,0.1652052610601833,0.09939498,0.015072493,0.08432248,0.5775209,0.5775209,0.56385255,0.56385255,0.1277051,4.0684514e-18,True,0.8,0.6347948,0.56,0.39479476,52,0.675,27,40,0.4663923010230064,0.6923056036233901,True,52,0.0047721862792968,True,58,stable_topk_found,True,True,True,False,boundary_candidate
REC,23242,829,4189,0.1652052610601833,0.9191538,0.57129395,0.34785986,0.5770266,0.5770266,0.6568506,0.6568506,0.31370115,0.0,True,0.1,-0.06520525,0.12,-0.045205258,53,0.55,22,40,0.4923483207821846,0.6694756925106047,True,53,0.0266846654373168,True,58,stable_topk_found,True,True,True,False,boundary_candidate
REC,31585,829,4189,0.1652052610601833,25.968033,15.060357,10.907676,0.5706047,0.5706047,0.63776386,0.63776386,0.27552772,0.0,True,0.4,0.23479475,0.24,0.07479474,54,0.55,22,40,0.4828491620719433,0.6689143434166908,True,54,0.0148448369630431,True,58,stable_topk_found,True,True,True,False,boundary_candidate
REC,6756,829,4189,0.1652052610601833,0.3257313,0.12156186,0.20416945,0.5691363,0.5691363,0.60247356,0.60247356,0.20494711,1.948425e-27,True,0.5,0.33479476,0.56,0.39479476,55,0.525,21,40,0.4478623077273369,0.6963764563202858,True,55,0.0243790179734801,True,58,stable_topk_found,True,True,True,False,boundary_candidate
REC,30798,829,4189,0.1652052610601833,0.39706394,0.1235397,0.27352422,0.5639576,0.5639576,0.6098455,0.6098455,0.21969104,3.1701019e-28,True,0.2,0.034794748,0.42,0.25479472,56,0.475,19,40,0.4527949765324592,0.6786616608500481,True,56,0.0203335881233215,True,58,stable_topk_found,True,True,True,False,boundary_candidate
REC,29798,829,4189,0.1652052610601833,0.11790137,0.02493463,0.092966735,0.56268746,0.56268746,0.5710359,0.5710359,0.14207184,1.9536959999999998e-20,True,0.6,0.43479478,0.46,0.29479474,57,0.475,19,40,0.452290640771389,0.6788753882050508,True,57,0.0267395973205566,True,58,stable_topk_found,True,True,True,False,boundary_candidate
REC,8226,829,4189,0.1652052610601833,1.136608,0.71267664,0.42393136,0.5613273,0.5613273,0.65334433,0.65334433,0.30668867,0.0,True,0.3,0.13479476,0.32,0.15479474,58,0.425,17,40,0.4713128715753555,0.6625173225998878,True,58,0.0191569892636108,True,58,stable_topk_found,True,True,True,False,boundary_candidate
QUO,9959,1134,3884,0.2259864487843762,0.60460585,0.06469048,0.5399154,1.6401216,1.6401216,0.80176735,0.80176735,0.6035347,0.0,True,0.5,0.27401355,0.66,0.43401358,1,1.0,40,40,1.517174446582794,1.7798851937055586,True,1,0.0024449236808776,True,45,stable_topk_found,True,True,True,False,stable_core
QUO,664,1134,3884,0.2259864487843762,0.9289297,0.18214399,0.7467857,1.55704,1.55704,0.84580696,0.84580696,0.6916139,0.0,True,0.5,0.27401355,0.5,0.27401355,2,1.0,40,40,1.42101911008358,1.7028314769268036,True,2,0.0219179428948974,True,45,stable_topk_found,True,True,True,False,stable_core
QUO,13430,1134,3884,0.2259864487843762,1.4037164,0.44242808,0.96128833,1.5028424,1.5028424,0.8454664,0.8454664,0.69093275,0.0,True,0.3,0.07401356,0.44,0.21401355,3,1.0,40,40,1.3964378774166106,1.6140794694423672,True,3,0.0089821219444274,True,45,stable_topk_found,True,True,True,False,stable_core
QUO,23183,1134,3884,0.2259864487843762,0.5657466,0.04625748,0.5194891,1.2429547,1.2429547,0.69438714,0.69438714,0.38877428,0.0,True,0.6,0.37401357,0.78,0.5540135,4,1.0,40,40,1.1248283505439758,1.3701657712459565,True,4,0.0351699590682983,True,45,stable_topk_found,True,True,True,False,stable_core
QUO,24744,1134,3884,0.2259864487843762,0.42343888,0.038447496,0.38499138,1.1981512,1.1981512,0.7034457,0.7034457,0.40689135,0.0,True,0.6,0.37401357,0.8,0.5740136,5,1.0,40,40,1.084645965695381,1.3258567422628402,True,5,0.0055816769599914,True,45,stable_topk_found,True,True,True,False,stable_core
QUO,11660,1134,3884,0.2259864487843762,0.8215698,0.16517584,0.65639395,1.1554012,1.1554012,0.7301983,0.7301983,0.46039665,0.0,True,0.8,0.5740136,0.7,0.47401354,6,1.0,40,40,1.0497405171394347,1.2625572949647903,True,6,0.0272940397262573,True,45,stable_topk_found,True,True,True,False,stable_core
QUO,26485,1134,3884,0.2259864487843762,0.78322035,0.2645187,0.5187017,1.1465749,1.1465749,0.76695395,0.76695395,0.5339079,0.0,True,1.0,0.7740135,0.86,0.63401353,7,1.0,40,40,1.0502815663814544,1.240462499856949,True,7,0.0301661491394042,True,45,stable_topk_found,True,True,True,False,stable_core
QUO,18310,1134,3884,0.2259864487843762,0.36306942,0.026803171,0.33626625,1.1376389,1.1376389,0.69003445,0.69003445,0.3800689,0.0,True,0.9,0.6740135,0.64,0.41401353,8,1.0,40,40,1.0241716265678409,1.253772422671318,True,8,0.0144751667976379,True,45,stable_topk_found,True,True,True,False,stable_core
QUO,24761,1134,3884,0.2259864487843762,0.79177344,0.121080175,0.6706933,1.1246191,1.1246191,0.68448746,0.68448746,0.36897492,0.0,True,1.0,0.7740135,0.98,0.75401354,9,1.0,40,40,1.0361785233020782,1.2198791205883026,True,9,0.0081825852394104,True,45,stable_topk_found,True,True,True,False,stable_core
QUO,27061,1134,3884,0.2259864487843762,0.4525859,0.08786246,0.36472344,1.0776169,1.0776169,0.70389897,0.70389897,0.40779793,0.0,True,0.9,0.6740135,0.84,0.61401355,10,1.0,40,40,0.9808619081974028,1.1758146196603774,True,10,0.0079987682025146,True,45,stable_topk_found,True,True,True,False,stable_core
QUO,10916,1134,3884,0.2259864487843762,0.7617859,0.13408826,0.62769765,1.0747439,1.0747439,0.7577828,0.7577828,0.51556563,0.0,True,0.6,0.37401357,0.48,0.25401354,11,1.0,40,40,0.9562694385647774,1.2038400620222092,True,11,0.0303782224655151,True,45,stable_topk_found,True,True,True,False,stable_core
QUO,21125,1134,3884,0.2259864487843762,0.32574645,0.038936783,0.28680965,1.0735371,1.0735371,0.6681705,0.6681705,0.33634102,0.0,True,1.0,0.7740135,0.94,0.7140136,12,1.0,40,40,0.9550605058670044,1.1916063398122787,True,12,0.037017822265625,True,45,stable_topk_found,True,True,True,False,stable_core
QUO,3459,1134,3884,0.2259864487843762,0.43904492,0.041751314,0.3972936,1.0465713,1.0465713,0.6741786,0.6741786,0.3483572,0.0,True,0.7,0.47401354,0.68,0.45401356,13,1.0,40,40,0.9370180562138556,1.1801961600780486,True,13,0.0493974685668945,True,45,stable_topk_found,True,True,True,False,stable_core
QUO,18730,1134,3884,0.2259864487843762,1.210879,0.24257621,0.9683027,1.0299712,1.0299712,0.6894761,0.6894761,0.37895215,0.0,True,0.1,-0.12598646,0.34,0.11401355,14,1.0,40,40,0.9255703657865524,1.142903509736061,True,14,0.0303587913513183,True,45,stable_topk_found,True,True,True,False,stable_core
QUO,21203,1134,3884,0.2259864487843762,0.26259026,0.021575393,0.24101487,1.0045639,1.0045639,0.6503567,0.6503567,0.30071342,0.0,True,0.8,0.5740136,0.88,0.6540135,15,1.0,40,40,0.9002089872956276,1.1247150748968124,True,15,0.0236538648605346,True,45,stable_topk_found,True,True,True,False,stable_core
QUO,32508,1134,3884,0.2259864487843762,0.18447214,0.013034243,0.1714379,0.98138785,0.98138785,0.63441056,0.63441056,0.26882112,0.0,True,0.5,0.27401355,0.86,0.63401353,16,1.0,40,40,0.8811427608132363,1.1010231971740725,True,16,0.0370882749557495,True,45,stable_topk_found,True,True,True,False,stable_core
QUO,19840,1134,3884,0.2259864487843762,0.28226274,0.044477344,0.2377854,0.95887923,0.95887923,0.6596893,0.6596893,0.3193786,0.0,True,0.6,0.37401357,0.76,0.5340135,17,1.0,40,40,0.8553244978189468,1.0694886565208432,True,17,0.03394216299057,True,45,stable_topk_found,True,True,True,False,stable_core
QUO,14833,1134,3884,0.2259864487843762,0.4159364,0.01484204,0.40109438,0.93190765,0.93190765,0.6195135,0.6195135,0.23902702,0.0,True,1.0,0.7740135,0.96,0.73401356,18,1.0,40,40,0.8447164371609688,1.0236272782087326,True,18,0.0478386878967285,True,45,stable_topk_found,True,True,True,False,stable_core
QUO,12544,1134,3884,0.2259864487843762,0.37788662,0.076490186,0.30139643,0.9251966,0.9251966,0.6990037,0.6990037,0.3980074,0.0,True,0.4,0.17401356,0.52,0.29401353,19,1.0,40,40,0.8125994607806206,1.0455797553062438,True,19,0.0377699136734008,True,45,stable_topk_found,True,True,True,False,stable_core
QUO,26144,1134,3884,0.2259864487843762,0.76998425,0.0906418,0.67934245,0.90792394,0.90792394,0.6233975,0.6233975,0.24679506,0.0,True,1.0,0.7740135,0.96,0.73401356,20,1.0,40,40,0.8045814886689187,1.0159089922904967,True,20,0.0851899981498718,True,45,stable_topk_found,True,True,False,True,stable_core
QUO,29590,1134,3884,0.2259864487843762,0.4013224,0.079338916,0.3219835,0.86979294,0.86979294,0.6806871,0.6806871,0.36137426,0.0,True,0.2,-0.025986448,0.58,0.35401353,21,1.0,40,40,0.7748499855399131,0.972080886363983,True,21,0.0191879868507385,True,45,stable_topk_found,True,True,True,False,stable_core
QUO,19038,1134,3884,0.2259864487843762,0.51406455,0.06765335,0.4464112,0.8519321,0.8519321,0.62979233,0.62979233,0.25958467,0.0,True,0.5,0.27401355,0.68,0.45401356,22,1.0,40,40,0.7497982829809189,0.9641579806804657,True,22,0.0057530403137207,True,45,stable_topk_found,True,True,True,False,stable_core
QUO,3887,1134,3884,0.2259864487843762,0.18523513,0.011055472,0.17417966,0.84404707,0.84404707,0.60589683,0.60589683,0.21179366,0.0,True,1.0,0.7740135,0.9,0.6740135,23,1.0,40,40,0.7678733929991722,0.933026088774204,True,23,0.0095386505126953,True,45,stable_topk_found,True,True,True,False,stable_core
QUO,6129,1134,3884,0.2259864487843762,0.51793635,0.032968286,0.48496807,0.83534914,0.83534914,0.63322973,0.63322973,0.26645947,0.0,True,1.0,0.7740135,0.94,0.7140136,24,1.0,40,40,0.7572670727968216,0.9182113245129584,True,24,0.014006495475769,True,45,stable_topk_found,True,True,True,False,stable_core
QUO,12337,1134,3884,0.2259864487843762,0.43104124,0.0934342,0.33760703,0.8277984,0.8277984,0.6525386,0.6525386,0.3050772,0.0,True,0.8,0.5740136,0.84,0.61401355,25,1.0,40,40,0.7461701467633247,0.9246700674295424,True,25,0.0712019801139831,True,45,stable_topk_found,True,True,False,True,stable_core
QUO,12340,1134,3884,0.2259864487843762,0.99846715,0.2636573,0.7348099,0.82766515,0.82766515,0.705194,0.705194,0.410388,0.0,True,0.2,-0.025986448,0.3,0.07401356,26,1.0,40,40,0.7340572625398636,0.9329934284090996,True,26,0.0055050253868103,True,45,stable_topk_found,True,True,True,False,stable_core
QUO,18990,1134,3884,0.2259864487843762,0.5381755,0.06999922,0.4681763,0.8244792,0.8244792,0.63014925,0.63014925,0.2602985,0.0,True,0.8,0.5740136,0.82,0.5940136,27,1.0,40,40,0.7334062084555626,0.9236948683857916,True,27,0.0208576321601867,True,45,stable_topk_found,True,True,True,False,stable_core
QUO,8191,1134,3884,0.2259864487843762,0.14883192,0.013477267,0.13535465,0.8111238,0.8111238,0.5922761,0.5922761,0.1845522,0.0,True,0.9,0.6740135,0.9,0.6740135,28,1.0,40,40,0.7169491037726402,0.9136107981204986,True,28,0.0016800761222839,True,45,stable_topk_found,True,True,True,False,stable_core
QUO,25210,1134,3884,0.2259864487843762,0.18855406,0.020651128,0.16790293,0.79797375,0.79797375,0.61821276,0.61821276,0.23642552,0.0,True,0.6,0.37401357,0.72,0.49401358,29,1.0,40,40,0.7075328201055526,0.8984362319111823,True,29,0.0155551433563232,True,45,stable_topk_found,True,True,True,False,stable_core
QUO,14247,1134,3884,0.2259864487843762,0.35912353,0.036400337,0.32272318,0.7836807,0.7836807,0.5992004,0.5992004,0.19840086,1.629489e-39,True,1.0,0.7740135,0.96,0.73401356,30,0.975,39,40,0.6901666671037674,0.8785578817129135,True,30,0.0600669980049133,True,45,stable_topk_found,True,True,False,True,stable_core
QUO,13311,1134,3884,0.2259864487843762,0.29988047,0.037651967,0.26222852,0.75815296,0.75815296,0.5953406,0.5953406,0.19068122,5.637092e-38,True,1.0,0.7740135,0.98,0.75401354,31,1.0,40,40,0.6675652533769607,0.8444297552108764,True,31,0.0333670973777771,True,45,stable_topk_found,True,True,True,False,stable_core
QUO,19470,1134,3884,0.2259864487843762,0.71188134,0.18293902,0.52894235,0.75740546,0.75740546,0.6344855,0.6344855,0.26897097,0.0,True,0.5,0.27401355,0.58,0.35401353,32,0.975,39,40,0.6629814833402634,0.8542033776640892,True,32,0.0302529335021972,True,45,stable_topk_found,True,True,True,False,stable_core
QUO,3156,1134,3884,0.2259864487843762,0.5372282,0.14756352,0.3896647,0.729612,0.729612,0.640484,0.640484,0.28096795,0.0,True,0.7,0.47401354,0.5,0.27401355,33,0.975,39,40,0.6285930216312409,0.8363065972924232,True,33,0.0223604440689086,True,45,stable_topk_found,True,True,True,False,stable_core
QUO,21190,1134,3884,0.2259864487843762,0.3312562,0.016147979,0.31510824,0.7292648,0.7292648,0.5743004,0.5743004,0.14860082,1.05746274e-32,True,1.0,0.7740135,0.94,0.7140136,34,1.0,40,40,0.6484340593218804,0.811961843073368,True,34,0.0043081641197204,True,45,stable_topk_found,True,True,True,False,stable_core
QUO,24074,1134,3884,0.2259864487843762,0.17423631,0.024902847,0.14933346,0.7109617,0.7109617,0.5926995,0.5926995,0.18539906,2.4998600000000002e-40,True,0.6,0.37401357,0.74,0.5140135,35,0.9,36,40,0.6189908564090729,0.8023959442973135,True,35,0.0475464463233947,True,45,stable_topk_found,True,True,True,False,stable_core
QUO,7350,1134,3884,0.2259864487843762,0.34215513,0.025178416,0.31697673,0.702732,0.702732,0.5946932,0.5946932,0.18938637,7.058615e-34,True,0.8,0.5740136,0.82,0.5940136,36,0.925,37,40,0.6122792810201645,0.8047742873430251,True,36,0.0004072189331054,True,45,stable_topk_found,True,True,True,False,stable_core
QUO,28066,1134,3884,0.2259864487843762,0.33868462,0.03259466,0.30608997,0.70047057,0.70047057,0.5714983,0.5714983,0.14299655,2.0396707e-34,True,0.5,0.27401355,0.86,0.63401353,37,0.875,35,40,0.6014768272638321,0.798808628320694,True,37,0.0488722920417785,True,45,stable_topk_found,True,True,True,False,stable_core
QUO,23594,1134,3884,0.2259864487843762,0.11995529,0.010236306,0.10971898,0.6926106,0.6926106,0.5678145,0.5678145,0.13562906,1.714937e-34,True,0.6,0.37401357,0.62,0.39401355,38,0.825,33,40,0.5819148406386375,0.812851458787918,True,38,0.0178186893463134,True,45,stable_topk_found,True,True,True,False,stable_core
QUO,28770,1134,3884,0.2259864487843762,0.17815118,0.021920359,0.15623082,0.6911766,0.6911766,0.59335613,0.59335613,0.18671227,5.107587599999999e-37,True,0.7,0.47401354,0.8,0.5740136,39,0.75,30,40,0.5905290260910988,0.7989788398146628,True,39,0.0017849206924438,True,45,stable_topk_found,True,True,True,False,stable_core
QUO,5260,1134,3884,0.2259864487843762,0.06356785,0.0050452375,0.058522608,0.67789704,0.67789704,0.5662991,0.5662991,0.13259816,1.198603e-33,True,0.2,-0.025986448,0.58,0.35401353,40,0.75,30,40,0.5668731525540351,0.7941673427820206,True,40,0.0204190015792846,True,45,stable_topk_found,True,True,True,False,stable_core
QUO,6885,1134,3884,0.2259864487843762,0.10877218,0.010615465,0.09815671,0.675831,0.675831,0.56781155,0.56781155,0.1356231,6.1537148e-34,True,0.2,-0.025986448,0.74,0.5140135,41,0.825,33,40,0.5669219478964805,0.7866161316633223,True,41,0.0217286348342895,True,45,stable_topk_found,True,True,True,False,stable_core
QUO,17345,1134,3884,0.2259864487843762,0.15670642,0.01924512,0.1374613,0.67489207,0.67489207,0.5934593,0.5934593,0.18691862,4.1937433e-36,True,0.5,0.27401355,0.68,0.45401356,42,0.7,28,40,0.5773821875452996,0.7842087477445602,True,42,0.0458177328109741,True,45,stable_topk_found,True,True,True,False,stable_core
QUO,5332,1134,3884,0.2259864487843762,0.17782049,0.044224907,0.13359559,0.65937144,0.65937144,0.61097443,0.61097443,0.22194886,0.0,True,0.0,-0.22598645,0.22,-0.005986452,43,0.55,22,40,0.5581714540719986,0.7583299979567527,True,43,0.0026111602783203,True,45,stable_topk_found,True,True,True,False,boundary_candidate
QUO,580,1134,3884,0.2259864487843762,0.20810254,0.023277087,0.18482545,0.6475028,0.6475028,0.5760851,0.5760851,0.15217018,2.6916252e-29,True,1.0,0.7740135,0.86,0.63401353,44,0.5,20,40,0.5675141528248787,0.7318379297852515,True,44,0.0141980648040771,True,45,stable_topk_found,True,True,True,False,boundary_candidate
QUO,17247,1134,3884,0.2259864487843762,0.13131924,0.023396265,0.10792297,0.6389356,0.6389356,0.5853867,0.5853867,0.17077339,1.681164e-35,True,0.8,0.5740136,0.7,0.47401354,45,0.425,17,40,0.5588967427611351,0.7240442290902137,True,45,0.041238248348236,True,45,stable_topk_found,True,True,True,False,boundary_candidate
QUC,21935,687,4331,0.1369071343164607,0.73521936,0.11715503,0.61806434,1.432533,1.432533,0.7541753,0.7541753,0.5083506,0.0,True,0.5,0.36309287,0.56,0.42309287,1,1.0,40,40,1.2620894342660904,1.6180151134729386,True,1,0.0234614610671997,True,50,stable_topk_found,True,True,True,False,stable_core
QUC,13430,687,4331,0.1369071343164607,1.4714878,0.53089195,0.9405958,1.3774931,1.3774931,0.8285691,0.8285691,0.6571382,0.0,True,0.4,0.26309288,0.48,0.34309286,2,1.0,40,40,1.277578169107437,1.4795228600502013,True,2,0.0245044827461242,True,50,stable_topk_found,True,True,True,False,stable_core
QUC,14014,687,4331,0.1369071343164607,0.7134052,0.056283914,0.6571213,1.25963,1.25963,0.6717268,0.6717268,0.34345365,0.0,True,0.9,0.7630929,0.8,0.66309285,3,1.0,40,40,1.111915612220764,1.4103856801986694,True,3,0.0445517897605896,True,50,stable_topk_found,True,True,True,False,stable_core
QUC,20869,687,4331,0.1369071343164607,0.43250206,0.0551078,0.37739426,1.2299426,1.2299426,0.68772334,0.68772334,0.37544668,0.0,True,0.7,0.5630928,0.66,0.52309287,4,1.0,40,40,1.0577655017375946,1.423919939994812,True,4,0.0451706051826477,True,50,stable_topk_found,True,True,True,False,stable_core
QUC,18646,687,4331,0.1369071343164607,0.46129572,0.07423995,0.38705578,1.1728493,1.1728493,0.7025345,0.7025345,0.405069,0.0,True,0.2,0.06309287,0.46,0.32309288,5,1.0,40,40,1.013071855902672,1.3412920236587524,True,5,0.0180021524429321,True,50,stable_topk_found,True,True,True,False,stable_core
QUC,4998,687,4331,0.1369071343164607,0.2271709,0.028883792,0.1982871,0.9925143,0.9925143,0.63324237,0.63324237,0.26648474,4.7453776999999995e-37,True,0.5,0.36309287,0.66,0.52309287,6,1.0,40,40,0.850807537138462,1.1586238205432893,True,6,0.0267254114151,True,50,stable_topk_found,True,True,True,False,stable_core
QUC,22358,687,4331,0.1369071343164607,0.5586563,0.08534223,0.47331405,0.9058372,0.9058372,0.61264545,0.61264545,0.2252909,5.5087126e-35,True,0.6,0.4630929,0.46,0.32309288,7,0.975,39,40,0.6563289210200309,1.161667528748512,True,7,0.2050801515579223,True,50,stable_topk_found,True,True,False,True,stable_core
QUC,12555,687,4331,0.1369071343164607,0.33566743,0.035204954,0.30046248,0.8328413,0.8328413,0.5849248,0.5849248,0.16984963,1.4879646e-24,True,0.6,0.4630929,0.66,0.52309287,8,1.0,40,40,0.6649911046028137,1.0029136180877685,True,8,0.0246179699897766,True,50,stable_topk_found,True,True,True,False,stable_core
QUC,8969,687,4331,0.1369071343164607,0.21927026,0.028992474,0.19027779,0.77205443,0.77205443,0.5823184,0.5823184,0.16463685,9.231324e-20,True,0.8,0.66309285,0.7,0.5630928,9,0.975,39,40,0.5833210274577141,0.968600831925869,True,9,0.1339987516403198,True,50,stable_topk_found,True,True,False,True,stable_core
QUC,12340,687,4331,0.1369071343164607,1.0293708,0.33459452,0.6947763,0.76462346,0.76462346,0.6419024,0.6419024,0.28380477,3.3401618e-31,True,0.8,0.66309285,0.66,0.52309287,10,1.0,40,40,0.6307722344994545,0.8978131443262098,True,10,0.0364890098571777,True,50,stable_topk_found,True,True,True,False,stable_core
QUC,20463,687,4331,0.1369071343164607,0.47034207,0.07500974,0.39533234,0.7602986,0.7602986,0.6062171,0.6062171,0.21243417,8.908937e-19,True,0.9,0.7630929,0.74,0.6030929,11,1.0,40,40,0.6253517776727676,0.9088206872344016,True,11,0.0401448011398315,True,50,stable_topk_found,True,True,True,False,stable_core
QUC,11660,687,4331,0.1369071343164607,0.7113753,0.25040135,0.46097395,0.7547531,0.7547531,0.67892975,0.67892975,0.3578595,0.0,True,0.2,0.06309287,0.22,0.08309287,12,1.0,40,40,0.6421131387352943,0.8761627331376075,True,12,0.0055941343307495,True,50,stable_topk_found,True,True,True,False,stable_core
QUC,9827,687,4331,0.1369071343164607,0.2386878,0.044963814,0.19372398,0.7502001,0.7502001,0.60339224,0.60339224,0.20678449,1.3190319e-25,True,0.7,0.5630928,0.44,0.30309287,13,1.0,40,40,0.5949139624834061,0.9104916527867316,True,13,0.0280849933624267,True,50,stable_topk_found,True,True,True,False,stable_core
QUC,16969,687,4331,0.1369071343164607,0.8104815,0.21375062,0.5967309,0.7273253,0.7273253,0.5892834,0.5892834,0.17856681,2.0338408e-25,True,0.8,0.66309285,0.68,0.54309285,14,1.0,40,40,0.5920345261693001,0.8650537014007569,True,14,0.0098044872283935,True,50,stable_topk_found,True,True,True,False,stable_core
QUC,736,687,4331,0.1369071343164607,0.28178734,0.0648626,0.21692473,0.7116975,0.7116975,0.62528914,0.62528914,0.25057828,1.1589473999999998e-25,True,0.2,0.06309287,0.54,0.4030929,15,1.0,40,40,0.5799565568566323,0.8497092321515082,True,15,0.0063344240188598,True,50,stable_topk_found,True,True,True,False,stable_core
QUC,8089,687,4331,0.1369071343164607,0.14049706,0.024698846,0.11579821,0.7022344,0.7022344,0.5888962,0.5888962,0.17779243,2.1886207e-21,True,0.5,0.36309287,0.46,0.32309288,16,0.95,38,40,0.5661569625139237,0.8335422843694686,True,16,0.0074440836906433,True,50,stable_topk_found,True,True,True,False,stable_core
QUC,24943,687,4331,0.1369071343164607,0.3922995,0.09419149,0.298108,0.67992157,0.67992157,0.61200726,0.61200726,0.22401452,1.9659102e-24,True,0.3,0.16309288,0.48,0.34309286,17,0.875,35,40,0.5271956995129585,0.8355470523238177,True,17,0.1277706027030944,True,50,stable_topk_found,True,True,False,True,stable_core
QUC,27857,687,4331,0.1369071343164607,0.43091282,0.05346719,0.37744564,0.66822684,0.66822684,0.55544555,0.55544555,0.110891104,1.7098912e-14,True,0.8,0.66309285,0.74,0.6030929,18,0.975,39,40,0.4895874843001365,0.8491344541311262,True,18,0.0608623027801513,True,50,stable_topk_found,True,True,False,True,stable_core
QUC,7037,687,4331,0.1369071343164607,0.2283621,0.0148295,0.2135326,0.6571498,0.6571498,0.54166704,0.54166704,0.08333409,4.2441772e-13,True,0.9,0.7630929,0.8,0.66309285,19,1.0,40,40,0.4795527897775173,0.8401628017425536,True,19,0.0536230206489563,True,50,stable_topk_found,True,True,False,True,stable_core
QUC,17507,687,4331,0.1369071343164607,0.120064594,0.014728484,0.10533611,0.6493369,0.6493369,0.5614883,0.5614883,0.12297654,4.447053e-16,True,0.9,0.7630929,0.6,0.4630929,20,0.825,33,40,0.4512132070958614,0.8326408743858337,True,20,0.1128159761428833,True,50,stable_topk_found,True,True,False,True,stable_core
QUC,28816,687,4331,0.1369071343164607,0.14201237,0.007269088,0.13474329,0.64500296,0.64500296,0.54996157,0.54996157,0.099923134,7.586542e-12,True,0.8,0.66309285,0.8,0.66309285,21,0.8,32,40,0.4544858798384666,0.8223712444305418,True,21,0.1149390935897827,True,50,stable_topk_found,True,True,False,True,stable_core
QUC,2504,687,4331,0.1369071343164607,0.3068709,0.02788626,0.27898464,0.6345339,0.6345339,0.5979782,0.5979782,0.19595635,4.856745e-12,True,0.8,0.66309285,0.8,0.66309285,22,0.9,36,40,0.496468760818243,0.7732225656509397,True,22,0.0554050207138061,True,50,stable_topk_found,True,True,False,True,stable_core
QUC,14003,687,4331,0.1369071343164607,0.18100949,0.028716033,0.15229346,0.6333053,0.6333053,0.575253,0.575253,0.15050602,3.1680937e-18,True,0.5,0.36309287,0.46,0.32309288,23,0.8,32,40,0.4462497539818287,0.8149804890155791,True,23,0.1455771923065185,True,50,stable_topk_found,True,True,False,True,stable_core
QUC,12902,687,4331,0.1369071343164607,0.3510735,0.024641573,0.32643193,0.6321645,0.6321645,0.54107857,0.54107857,0.082157135,4.1456367e-13,True,0.7,0.5630928,0.7,0.5630928,24,0.975,39,40,0.4555383332073688,0.8214562058448791,True,24,0.0529823303222656,True,50,stable_topk_found,True,True,False,True,stable_core
QUC,12887,687,4331,0.1369071343164607,0.08839383,0.012608502,0.075785324,0.6053388,0.6053388,0.55416036,0.55416036,0.10832071,8.139183e-15,True,0.7,0.5630928,0.72,0.5830929,25,0.825,33,40,0.4402377106249332,0.7720859199762342,True,25,0.0571674108505249,True,50,stable_topk_found,True,True,False,True,stable_core
QUC,5178,687,4331,0.1369071343164607,0.08871509,0.005746183,0.082968906,0.60092497,0.60092497,0.5372784,0.5372784,0.07455683,9.955325e-12,True,0.7,0.5630928,0.74,0.6030929,26,0.95,38,40,0.4198097862303257,0.7887587770819662,True,26,0.0479890704154968,True,50,stable_topk_found,True,True,True,False,stable_core
QUC,6639,687,4331,0.1369071343164607,0.08402134,0.00517391,0.07884743,0.598682,0.598682,0.53566563,0.53566563,0.07133126,4.6185906e-11,True,0.9,0.7630929,0.82,0.68309283,27,0.95,38,40,0.4338399335741997,0.77703697681427,True,27,0.0449833869934082,True,50,stable_topk_found,True,True,True,False,stable_core
QUC,21296,687,4331,0.1369071343164607,0.05965418,0.003181551,0.05647263,0.5837988,0.5837988,0.5338069,0.5338069,0.06761384,8.191412e-11,True,0.6,0.4630929,0.76,0.6230929,28,0.875,35,40,0.4122368574142456,0.7605707570910454,True,28,0.0408152937889099,True,50,stable_topk_found,True,True,True,False,stable_core
QUC,664,687,4331,0.1369071343164607,0.63278973,0.30619416,0.32659557,0.5819055,0.5819055,0.6445197,0.6445197,0.28903937,6.464254e-28,True,0.5,0.36309287,0.5,0.36309287,29,0.85,34,40,0.4687690377235413,0.7001198291778563,True,29,0.083365261554718,True,50,stable_topk_found,True,True,False,True,stable_core
QUC,2550,687,4331,0.1369071343164607,0.05188148,0.0027923689,0.04908911,0.57781047,0.57781047,0.5320621,0.5320621,0.06412423,2.9545622e-10,True,0.8,0.66309285,0.74,0.6030929,30,0.9,36,40,0.4160720951855182,0.7484325960278511,True,30,0.035525619983673,True,50,stable_topk_found,True,True,True,False,stable_core
QUC,12676,687,4331,0.1369071343164607,0.056802675,0.006183167,0.05061951,0.5753313,0.5753313,0.5425269,0.5425269,0.0850538,1.828931e-12,True,0.7,0.5630928,0.6,0.4630929,31,0.875,35,40,0.4260004244744778,0.7180248647928237,True,31,0.0039973855018615,True,50,stable_topk_found,True,True,True,False,stable_core
QUC,18714,687,4331,0.1369071343164607,0.053993814,0.002580867,0.051412947,0.5718856,0.5718856,0.5310375,0.5310375,0.06207502,6.5601663e-10,True,0.9,0.7630929,0.74,0.6030929,32,0.875,35,40,0.4073468402028083,0.7454356864094733,True,32,0.0395959615707397,True,50,stable_topk_found,True,True,True,False,stable_core
QUC,31422,687,4331,0.1369071343164607,0.1136679,0.018643303,0.09502459,0.5709073,0.5709073,0.55840886,0.55840886,0.11681771,2.9410358e-13,True,0.7,0.5630928,0.56,0.42309287,33,0.8,32,40,0.4324896611273289,0.7078477710485457,True,33,0.0086038708686828,True,50,stable_topk_found,True,True,True,False,stable_core
QUC,32565,687,4331,0.1369071343164607,0.059250478,0.0038025284,0.05544795,0.56664693,0.56664693,0.53326213,0.53326213,0.06652427,1.9565478e-10,True,0.7,0.5630928,0.68,0.54309285,34,0.825,33,40,0.4016490094363689,0.7413714095950125,True,34,0.0400511026382446,True,50,stable_topk_found,True,True,True,False,stable_core
QUC,2416,687,4331,0.1369071343164607,0.05777213,0.0037159433,0.054056186,0.5656618,0.5656618,0.53540385,0.53540385,0.070807695,1.5931165e-10,True,0.7,0.5630928,0.72,0.5830929,35,0.875,35,40,0.4017933882772923,0.7396624445915222,True,35,0.0449954271316528,True,50,stable_topk_found,True,True,True,False,stable_core
QUC,29947,687,4331,0.1369071343164607,0.19923866,0.018098988,0.18113968,0.56146175,0.56146175,0.54317796,0.54317796,0.086355925,5.4691884e-10,True,0.9,0.7630929,0.72,0.5830929,36,0.85,34,40,0.4070355676114559,0.709740924835205,True,36,0.0156949758529663,True,50,stable_topk_found,True,True,True,False,stable_core
QUC,19364,687,4331,0.1369071343164607,0.29286924,0.035738446,0.2571308,0.5594415,0.5594415,0.5443976,0.5443976,0.088795185,4.506353e-11,True,0.8,0.66309285,0.64,0.5030929,37,0.85,34,40,0.4319812394678592,0.6696306258440016,True,37,0.0139750838279724,True,50,stable_topk_found,True,True,True,False,stable_core
QUC,29247,687,4331,0.1369071343164607,0.10341896,0.010660337,0.092758626,0.5581188,0.5581188,0.5400111,0.5400111,0.080022216,1.2890985e-11,True,0.6,0.4630929,0.66,0.52309287,38,0.875,35,40,0.3947981171309948,0.7325045645236969,True,38,0.0484617948532104,True,50,stable_topk_found,True,True,True,False,stable_core
QUC,32273,687,4331,0.1369071343164607,0.4404908,0.17916258,0.26132822,0.5486313,0.5486313,0.6335797,0.6335797,0.26715934,2.2419265e-24,True,0.2,0.06309287,0.28,0.14309287,39,0.575,23,40,0.4354425989091396,0.673066946864128,True,39,0.0100057721138,True,50,stable_topk_found,True,True,True,False,boundary_candidate
QUC,10916,687,4331,0.1369071343164607,0.5714241,0.2290685,0.3423556,0.54390377,0.54390377,0.5911035,0.5911035,0.18220699,1.171523e-19,True,0.4,0.26309288,0.5,0.36309287,40,0.7,28,40,0.4273137636482715,0.6658541589975355,True,40,0.0510848760604858,True,50,stable_topk_found,True,True,False,True,stable_core
QUC,29931,687,4331,0.1369071343164607,0.09625751,0.014470983,0.08178653,0.5385658,0.5385658,0.5484853,0.5484853,0.09697056,6.2382005e-12,True,0.7,0.5630928,0.6,0.4630929,41,0.725,29,40,0.3835295379161835,0.7027583852410315,True,41,0.0528266429901123,True,50,stable_topk_found,True,True,False,True,stable_core
QUC,24249,687,4331,0.1369071343164607,0.06710847,0.005131519,0.061976947,0.53491265,0.53491265,0.53485936,0.53485936,0.06971872,4.496756e-10,True,0.6,0.4630929,0.7,0.5630928,42,0.6,24,40,0.3823110587894917,0.7025983646512032,True,42,0.0442305207252502,True,50,stable_topk_found,True,True,True,False,boundary_candidate
QUC,29590,687,4331,0.1369071343164607,0.32818186,0.12417248,0.20400938,0.5263056,0.5263056,0.6044669,0.6044669,0.20893383,6.425732399999999e-19,True,0.8,0.66309285,0.36,0.22309288,43,0.55,22,40,0.4158365778625011,0.6420744106173515,True,43,0.0150288939476013,True,50,stable_topk_found,True,True,True,False,boundary_candidate
QUC,17727,687,4331,0.1369071343164607,0.20211005,0.047519427,0.15459062,0.5233449,0.5233449,0.5566598,0.5566598,0.113319635,4.382812e-11,True,0.9,0.7630929,0.64,0.5030929,44,0.5,20,40,0.3654048405587673,0.6639414906501769,True,44,0.0255262851715087,True,50,stable_topk_found,True,True,True,False,boundary_candidate
QUC,2836,687,4331,0.1369071343164607,0.28842,0.0626646,0.2257554,0.52232987,0.52232987,0.55329424,0.55329424,0.10658848,2.4836632e-13,True,0.7,0.5630928,0.64,0.5030929,45,0.55,22,40,0.3885543219745159,0.6694969102740287,True,45,0.0314143300056457,True,50,stable_topk_found,True,True,True,False,boundary_candidate
QUC,1622,687,4331,0.1369071343164607,0.33597732,0.11322939,0.22274792,0.51304305,0.51304305,0.5916864,0.5916864,0.18337286,1.9950336e-21,True,0.0,-0.13690713,0.0,-0.13690713,46,0.5,20,40,0.3447542324662208,0.7009665593504902,True,46,0.150576114654541,True,50,stable_topk_found,True,True,False,True,boundary_candidate
QUC,14904,687,4331,0.1369071343164607,0.1269247,0.030397227,0.096527465,0.5106837,0.5106837,0.5604148,0.5604148,0.12082958,5.793469e-14,True,0.5,0.36309287,0.46,0.32309288,47,0.525,21,40,0.377112141251564,0.6258095741271972,True,47,0.018381655216217,True,50,stable_topk_found,True,True,True,False,boundary_candidate
QUC,18437,687,4331,0.1369071343164607,0.21645288,0.03937141,0.17708147,0.5106026,0.5106026,0.5496754,0.5496754,0.09935081,1.3386884e-12,True,0.2,0.06309287,0.54,0.4030929,48,0.475,19,40,0.3760948240756988,0.6354098320007324,True,48,0.0166437029838562,True,50,stable_topk_found,True,True,True,False,boundary_candidate
QUC,20549,687,4331,0.1369071343164607,0.12389693,0.032927137,0.090969786,0.5105798,0.5105798,0.56455207,0.56455207,0.12910414,8.187842400000001e-16,True,0.5,0.36309287,0.36,0.22309288,49,0.475,19,40,0.3499971717596054,0.680819796025753,True,49,0.108810007572174,True,50,stable_topk_found,True,True,False,True,boundary_candidate
QUC,13243,687,4331,0.1369071343164607,0.30930164,0.05656802,0.25273362,0.50834024,0.50834024,0.56668943,0.56668943,0.13337886,4.1752812e-14,True,0.2,0.06309287,0.34,0.20309287,50,0.5,20,40,0.3718573354184628,0.6611263588070869,True,50,0.0518319010734558,True,50,stable_topk_found,True,True,False,True,boundary_candidate
GI,16345,604,4414,0.1203666799521721,0.0999004,0.012236456,0.08766395,0.62246734,0.62246734,0.54869497,0.54869497,0.09738994,1.9174174e-11,True,0.8,0.6796333,0.66,0.53963333,1,1.0,40,40,0.4656814657151699,0.7775735750794409,True,1,0.0076050758361816,True,85,performance_only_unstable,False,True,True,False,stable_core
GI,8294,604,4414,0.1203666799521721,0.081080556,0.007550992,0.073529564,0.5489897,0.5489897,0.5341484,0.5341484,0.06829679,1.86448e-08,True,0.9,0.7796333,0.6,0.47963333,2,0.95,38,40,0.3805277839303017,0.728802801668644,True,2,0.0293929576873779,True,85,performance_only_unstable,False,True,True,False,stable_core
GI,26879,604,4414,0.1203666799521721,0.049591266,0.003502262,0.046089005,0.54291207,0.54291207,0.5305228,0.5305228,0.061045647,4.973497e-08,True,0.8,0.6796333,0.64,0.5196333,3,1.0,40,40,0.3973078586161137,0.6837506681680677,True,3,0.0122879743576049,True,85,performance_only_unstable,False,True,True,False,stable_core
GI,13751,604,4414,0.1203666799521721,0.064065084,0.006795229,0.057269856,0.5353324,0.5353324,0.5340537,0.5340537,0.06810737,4.7786406e-09,True,0.7,0.5796333,0.62,0.4996333,4,1.0,40,40,0.3780816040933132,0.6950723424553871,True,4,0.0017676949501037,True,85,performance_only_unstable,False,True,True,False,stable_core
GI,16515,604,4414,0.1203666799521721,0.049969602,0.0041912096,0.045778394,0.5202872,0.5202872,0.5295675,0.5295675,0.05913496,1.3831465e-07,True,0.8,0.6796333,0.64,0.5196333,5,0.975,39,40,0.3852641925215721,0.6531273648142815,True,5,0.0080981254577636,True,85,performance_only_unstable,False,True,True,False,stable_core
GI,21634,604,4414,0.1203666799521721,0.086927,0.012027161,0.07489984,0.51590216,0.51590216,0.53569055,0.53569055,0.07138109,7.742375e-08,True,0.9,0.7796333,0.52,0.3996333,6,0.95,38,40,0.3336525730788707,0.6982772827148437,True,6,0.0213350057601928,True,85,performance_only_unstable,False,True,True,False,stable_core
GI,27515,604,4414,0.1203666799521721,0.1440171,0.04562941,0.09838769,0.51335055,0.51335055,0.5726125,0.5726125,0.14522505,1.38505125e-14,True,0.3,0.17963333,0.36,0.23963334,7,1.0,40,40,0.3759690329432487,0.6657479062676429,True,7,0.0273149609565734,True,85,performance_only_unstable,False,True,True,False,stable_core
GI,17827,604,4414,0.1203666799521721,0.04691057,0.0045102406,0.04240033,0.5115606,0.5115606,0.5304892,0.5304892,0.060978413,1.6723515e-08,True,0.6,0.47963333,0.62,0.4996333,8,1.0,40,40,0.3729404687881469,0.6681392595171928,True,8,0.0032596588134765,True,85,performance_only_unstable,False,True,True,False,stable_core
GI,26236,604,4414,0.1203666799521721,0.14739627,0.024434859,0.12296141,0.51155794,0.51155794,0.5512009,0.5512009,0.10240185,6.6134015e-10,True,0.6,0.47963333,0.48,0.35963333,9,0.925,37,40,0.337636973708868,0.6855165123939513,True,9,0.0322122573852539,True,85,performance_only_unstable,False,True,True,False,stable_core
GI,9893,604,4414,0.1203666799521721,0.11944459,0.032836746,0.08660784,0.48128644,0.48128644,0.5560153,0.5560153,0.112030625,6.3285974e-11,True,0.7,0.5796333,0.5,0.3796333,10,0.975,39,40,0.3456188268959522,0.6209033355116844,True,10,0.0214398503303527,True,85,performance_only_unstable,False,True,True,False,stable_core
GI,24876,604,4414,0.1203666799521721,0.12065074,0.0330133,0.08763744,0.48105383,0.48105383,0.5531872,0.5531872,0.10637438,8.326088e-11,True,0.6,0.47963333,0.46,0.33963335,11,0.9,36,40,0.3190088875591755,0.6508487761020659,True,11,0.0466644763946533,True,85,performance_only_unstable,False,True,True,False,stable_core
GI,18490,604,4414,0.1203666799521721,0.040802203,0.0029872104,0.037814993,0.47939408,0.47939408,0.523426,0.523426,0.046851993,1.2818388e-06,True,0.8,0.6796333,0.6,0.47963333,12,0.775,31,40,0.2628042779862881,0.6722032412886618,True,12,0.0069926977157592,True,85,performance_only_unstable,False,True,True,False,stable_core
GI,8166,604,4414,0.1203666799521721,0.0716577,0.0141311735,0.05752653,0.47059277,0.47059277,0.5375941,0.5375941,0.07518816,2.648744e-09,True,0.6,0.47963333,0.5,0.3796333,13,0.95,38,40,0.3423501387238502,0.6033663347363469,True,13,0.0135391354560852,True,85,performance_only_unstable,False,True,True,False,stable_core
GI,2055,604,4414,0.1203666799521721,0.105630435,0.027367203,0.07826323,0.46273452,0.46273452,0.5499275,0.5499275,0.099854946,2.7115007e-10,True,0.5,0.3796333,0.36,0.23963334,14,0.825,33,40,0.3249395854771137,0.6087409600615501,True,14,0.007788598537445,True,85,performance_only_unstable,False,True,True,False,stable_core
GI,16131,604,4414,0.1203666799521721,0.047757786,0.0047898907,0.042967893,0.4498271,0.4498271,0.52455556,0.52455556,0.049111128,3.929481e-06,True,0.9,0.7796333,0.5,0.3796333,15,0.75,30,40,0.2206726025789976,0.6534193307161329,True,15,0.016402781009674,True,85,performance_only_unstable,False,True,True,False,stable_core
GI,7148,604,4414,0.1203666799521721,0.021840077,0.0008345251,0.021005552,0.44917682,0.44917682,0.51649326,0.51649326,0.03298652,3.328933e-05,True,0.8,0.6796333,0.42,0.29963332,16,0.85,34,40,0.2983966365456581,0.5751780197024344,True,16,0.0064530968666076,True,85,performance_only_unstable,False,True,True,False,stable_core
GI,1713,604,4414,0.1203666799521721,0.08740881,0.022758286,0.06465052,0.44399202,0.44399202,0.5392147,0.5392147,0.07842934,5.1850217e-09,True,0.7,0.5796333,0.54,0.41963333,17,0.75,30,40,0.2857683785259723,0.6143492087721825,True,17,0.0382797122001647,True,85,performance_only_unstable,False,True,True,False,stable_core
GI,23723,604,4414,0.1203666799521721,0.25547782,0.039820917,0.2156569,0.43978465,0.43978465,0.5284846,0.5284846,0.056969166,6.3665155e-08,True,0.4,0.27963334,0.44,0.3196333,18,0.675,27,40,0.270530654489994,0.6007367491722106,True,18,0.0032472610473632,True,85,performance_only_unstable,False,True,True,False,boundary_candidate
GI,30517,604,4414,0.1203666799521721,0.087201856,0.020581707,0.06662015,0.43732682,0.43732682,0.538773,0.538773,0.077546,2.1964385e-07,True,0.8,0.6796333,0.44,0.3196333,19,0.85,34,40,0.2996104188263416,0.5625755131244659,True,19,0.0146518349647521,True,85,performance_only_unstable,False,True,True,False,stable_core
GI,17556,604,4414,0.1203666799521721,0.047004346,0.0076545333,0.039349813,0.43712926,0.43712926,0.5263314,0.5263314,0.05266285,9.1848204e-07,True,0.9,0.7796333,0.56,0.4396333,20,0.725,29,40,0.2750968635082245,0.5949877053499222,True,20,0.0027562132705688,True,85,performance_only_unstable,False,True,True,False,stable_core
GI,17685,604,4414,0.1203666799521721,0.07350411,0.013040893,0.06046322,0.43175346,0.43175346,0.5261399,0.5261399,0.05227983,4.1623937e-07,True,0.7,0.5796333,0.56,0.4396333,21,0.875,35,40,0.291375195235014,0.578330726921558,True,21,0.0041165947914123,True,85,performance_only_unstable,False,True,True,False,stable_core
GI,5828,604,4414,0.1203666799521721,0.23426506,0.09630844,0.13795662,0.42768323,0.42768323,0.567134,0.567134,0.13426805,1.0172351e-11,True,0.7,0.5796333,0.34,0.21963333,22,0.8,32,40,0.3029724910855293,0.5656959742307662,True,22,0.0325404405593872,True,85,performance_only_unstable,False,True,True,False,stable_core
GI,1782,604,4414,0.1203666799521721,0.06567868,0.01108821,0.054590467,0.42431676,0.42431676,0.5307182,0.5307182,0.061436415,1.6078899e-07,True,0.5,0.3796333,0.44,0.3196333,23,0.6,24,40,0.2560137219727039,0.6046875908970831,True,23,0.0116683840751647,True,85,performance_only_unstable,False,True,True,False,boundary_candidate
GI,32448,604,4414,0.1203666799521721,0.044524137,0.0032681879,0.04125595,0.41867843,0.41867843,0.5196174,0.5196174,0.039234757,2.5963818e-05,True,0.9,0.7796333,0.52,0.3996333,24,0.65,26,40,0.2132325801998376,0.5965978160500521,True,24,0.004553735256195,True,85,performance_only_unstable,False,True,True,False,boundary_candidate
GI,10264,604,4414,0.1203666799521721,0.067799956,0.01783565,0.049964305,0.41436222,0.41436222,0.5379902,0.5379902,0.075980425,6.9312636e-09,True,0.6,0.47963333,0.38,0.2596333,25,0.7,28,40,0.2706863075494766,0.5634475395083426,True,25,0.0022350549697875,True,85,performance_only_unstable,False,True,True,False,stable_core
GI,27664,604,4414,0.1203666799521721,0.09110487,0.023388384,0.06771649,0.41292268,0.41292268,0.5386601,0.5386601,0.07732022,4.1541664e-08,True,0.7,0.5796333,0.44,0.3196333,26,0.625,25,40,0.271637836843729,0.5653883904218672,True,26,0.0282206535339355,True,85,performance_only_unstable,False,True,True,False,boundary_candidate
GI,5582,604,4414,0.1203666799521721,0.051389176,0.0044797095,0.046909466,0.4129224,0.4129224,0.5270904,0.5270904,0.05418074,1.4937483e-05,True,0.5,0.3796333,0.58,0.4596333,27,0.75,30,40,0.2717131331562996,0.5804109200835227,True,27,0.0011111497879028,True,85,performance_only_unstable,False,True,True,False,stable_core
GI,19483,604,4414,0.1203666799521721,0.11416727,0.036608484,0.077558786,0.40679196,0.40679196,0.5431628,0.5431628,0.086325645,3.6286376e-09,True,0.6,0.47963333,0.42,0.29963332,28,0.725,29,40,0.2879314593970775,0.5440779224038123,True,28,0.0027398467063903,True,85,performance_only_unstable,False,True,True,False,stable_core
GI,6651,604,4414,0.1203666799521721,0.43070933,0.20876049,0.22194885,0.40112928,0.40112928,0.5718031,0.5718031,0.14360619,2.9930993e-12,True,0.5,0.3796333,0.32,0.19963332,29,0.725,29,40,0.2874089501798152,0.5188475534319877,True,29,0.0271694660186767,True,85,performance_only_unstable,False,True,True,False,stable_core
GI,26500,604,4414,0.1203666799521721,0.039094836,0.006174866,0.03291997,0.40065327,0.40065327,0.5227857,0.5227857,0.045571446,3.8236435e-06,True,0.9,0.7796333,0.46,0.33963335,30,0.65,26,40,0.2591626457870006,0.5318510547280312,True,30,0.026141881942749,True,85,performance_only_unstable,False,True,True,False,boundary_candidate
GI,20329,604,4414,0.1203666799521721,0.14999935,0.048915293,0.10108405,0.4002969,0.4002969,0.54286706,0.54286706,0.08573413,2.0719366e-08,True,0.5,0.3796333,0.42,0.29963332,31,0.625,25,40,0.2554447934031486,0.564504337310791,True,31,0.031599998474121,True,85,performance_only_unstable,False,True,True,False,boundary_candidate
GI,20548,604,4414,0.1203666799521721,0.051731944,0.00968111,0.042050835,0.39119673,0.39119673,0.52633214,0.52633214,0.05266428,2.1852638e-06,True,0.8,0.6796333,0.4,0.27963334,32,0.525,21,40,0.2559232465922832,0.5466653078794478,True,32,0.016959011554718,True,85,performance_only_unstable,False,True,True,False,boundary_candidate
GI,1442,604,4414,0.1203666799521721,0.25885698,0.10483622,0.15402076,0.3906683,0.3906683,0.56702656,0.56702656,0.13405311,1.4357726e-11,True,0.1,-0.020366676,0.24,0.11963332,33,0.625,25,40,0.2734651148319244,0.5069482162594795,True,33,0.0272459387779235,True,85,performance_only_unstable,False,True,True,False,boundary_candidate
GI,21650,604,4414,0.1203666799521721,0.035250027,0.001588518,0.033661507,0.39034978,0.39034978,0.51400363,0.51400363,0.028007269,0.00027186706,True,0.8,0.6796333,0.36,0.23963334,34,0.6,24,40,0.2582204729318619,0.4994121223688125,True,34,0.0006728172302246,True,85,performance_only_unstable,False,True,True,False,boundary_candidate
GI,986,604,4414,0.1203666799521721,0.016575694,0.00052080385,0.016054891,0.38935176,0.38935176,0.5127921,0.5127921,0.02558422,0.00030542386,True,0.8,0.6796333,0.32,0.19963332,35,0.65,26,40,0.2154281765222549,0.5566974088549613,True,35,0.0121383666992187,True,85,performance_only_unstable,False,True,True,False,boundary_candidate
GI,2102,604,4414,0.1203666799521721,0.015075279,0.0003991207,0.014676158,0.38932636,0.38932636,0.5112507,0.5112507,0.02250135,0.00036518715,True,0.9,0.7796333,0.28,0.15963332,36,0.625,25,40,0.233144262060523,0.5330704569816589,True,36,0.0016048550605773,True,85,performance_only_unstable,False,True,True,False,boundary_candidate
GI,8346,604,4414,0.1203666799521721,0.026473898,0.0024894157,0.023984483,0.38919953,0.38919953,0.5163059,0.5163059,0.032611847,3.004362e-05,True,0.7,0.5796333,0.46,0.33963335,37,0.65,26,40,0.2611881606280803,0.5061464563012122,True,37,0.0015098452568054,True,85,performance_only_unstable,False,True,True,False,boundary_candidate
GI,26371,604,4414,0.1203666799521721,0.031052748,0.0020681708,0.028984576,0.38910285,0.38910285,0.5153172,0.5153172,0.030634403,7.1061404e-05,True,0.6,0.47963333,0.4,0.27963334,38,0.65,26,40,0.2392347414046526,0.5300910636782645,True,38,0.0053661465644836,True,85,performance_only_unstable,False,True,True,False,boundary_candidate
GI,11818,604,4414,0.1203666799521721,0.019333998,0.00020177277,0.019132225,0.38873366,0.38873366,0.5137422,0.5137422,0.027484417,0.0008632793,True,1.0,0.8796333,0.34,0.21963333,39,0.75,30,40,0.260110130161047,0.5188066184520721,True,39,0.006913423538208,True,85,performance_only_unstable,False,True,True,False,stable_core
GI,7040,604,4414,0.1203666799521721,0.025513504,0.0025575582,0.022955945,0.38825366,0.38825366,0.51915526,0.51915526,0.038310528,2.4305295e-05,True,0.6,0.47963333,0.52,0.3996333,40,0.6,24,40,0.2275769419968128,0.5345734924077986,True,40,0.0018566846847534,True,85,performance_only_unstable,False,True,True,False,boundary_candidate
GI,17036,604,4414,0.1203666799521721,0.06796487,0.017948927,0.05001594,0.38529286,0.38529286,0.53603846,0.53603846,0.07207692,1.0839572e-07,True,0.7,0.5796333,0.38,0.2596333,41,0.5,20,40,0.237191453948617,0.5441621348261833,True,41,0.0071421282128906,True,85,performance_only_unstable,False,True,True,False,boundary_candidate
GI,3426,604,4414,0.1203666799521721,0.13258938,0.03409296,0.09849642,0.38503143,0.38503143,0.53239036,0.53239036,0.06478071,2.908271e-07,True,0.3,0.17963333,0.46,0.33963335,42,0.55,22,40,0.2467909477651119,0.5352911219000817,True,42,0.0004239082336425,True,85,performance_only_unstable,False,True,True,False,boundary_candidate
GI,12186,604,4414,0.1203666799521721,0.20158578,0.09296238,0.10862341,0.3847347,0.3847347,0.5614141,0.5614141,0.122828245,5.0982468e-11,True,0.6,0.47963333,0.28,0.15963332,43,0.575,23,40,0.2607180438935756,0.512844794988632,True,43,0.0044121742248535,True,85,performance_only_unstable,False,True,True,False,boundary_candidate
GI,21100,604,4414,0.1203666799521721,0.04667128,0.0052713137,0.041399963,0.3846925,0.3846925,0.5198248,0.5198248,0.039649606,3.694817e-05,True,0.7,0.5796333,0.52,0.3996333,44,0.55,22,40,0.2403873100876808,0.5154518723487853,True,44,0.0063206553459167,True,85,performance_only_unstable,False,True,True,False,boundary_candidate
GI,24140,604,4414,0.1203666799521721,0.041206412,0.001646041,0.03956037,0.3807668,0.3807668,0.5159269,0.5159269,0.031853795,0.00075235806,True,0.9,0.7796333,0.42,0.29963332,45,0.625,25,40,0.25825385004282,0.5018768697977066,True,45,0.0109036564826965,True,85,performance_only_unstable,False,True,True,False,boundary_candidate
GI,13912,604,4414,0.1203666799521721,0.022541778,0.0016540057,0.020887772,0.38049853,0.38049853,0.51427746,0.51427746,0.028554916,0.00010649458,True,0.9,0.7796333,0.38,0.2596333,46,0.55,22,40,0.2111573666334152,0.5524937525391578,True,46,0.0166523456573486,True,85,performance_only_unstable,False,True,True,False,boundary_candidate
GI,11658,604,4414,0.1203666799521721,0.31195673,0.1289067,0.18305004,0.3802721,0.3802721,0.5631339,0.5631339,0.12626779,2.7675306e-10,True,0.2,0.079633325,0.2,0.079633325,47,0.525,21,40,0.2352891184389591,0.5346114784479139,True,47,0.0261944532394409,True,85,performance_only_unstable,False,True,True,False,boundary_candidate
GI,30753,604,4414,0.1203666799521721,0.06686866,0.014132501,0.052736163,0.3790619,0.3790619,0.5318461,0.5318461,0.06369221,7.282295e-07,True,0.5,0.3796333,0.42,0.29963332,48,0.5,20,40,0.2553249381482601,0.5264609709382058,True,48,0.0165933966636657,True,85,performance_only_unstable,False,True,True,False,boundary_candidate
GI,3674,604,4414,0.1203666799521721,0.115324914,0.04024305,0.07508187,0.3782514,0.3782514,0.5391944,0.5391944,0.07838881,2.2627573e-08,True,0.8,0.6796333,0.42,0.29963332,49,0.55,22,40,0.2438590340316295,0.5061967730522156,True,49,0.0126137733459472,True,85,performance_only_unstable,False,True,True,False,boundary_candidate
GI,15524,604,4414,0.1203666799521721,0.012918434,0.00029380948,0.012624624,0.37800887,0.37800887,0.51042646,0.51042646,0.020852923,0.0007153538,True,0.9,0.7796333,0.26,0.13963331,50,0.525,21,40,0.2430992763489484,0.4984202928841114,True,50,0.0027359724044799,True,85,performance_only_unstable,False,True,True,False,boundary_candidate
GI,29956,604,4414,0.1203666799521721,0.02782233,0.0022248102,0.02559752,0.37738842,0.37738842,0.5152011,0.5152011,0.030402184,5.7912395e-05,True,0.5,0.3796333,0.4,0.27963334,51,0.525,21,40,0.2223189666867256,0.5086929634213445,True,51,0.0006776534400939,True,85,performance_only_unstable,False,True,True,False,boundary_candidate
GI,3960,604,4414,0.1203666799521721,0.3114717,0.13263728,0.17883442,0.37675777,0.37675777,0.5582983,0.5582983,0.11659658,6.5351474e-10,True,0.4,0.27963334,0.32,0.19963332,52,0.525,21,40,0.2587551087141037,0.5031989723443984,True,52,0.0217227935791015,True,85,performance_only_unstable,False,True,True,False,boundary_candidate
GI,15375,604,4414,0.1203666799521721,0.07719694,0.016715724,0.060481217,0.37175062,0.37175062,0.5290123,0.5290123,0.058024645,9.69126e-07,True,0.4,0.27963334,0.46,0.33963335,53,0.475,19,40,0.2217388533055782,0.517876812815666,True,53,0.0011349320411682,True,85,performance_only_unstable,False,True,True,False,boundary_candidate
GI,3630,604,4414,0.1203666799521721,0.031573366,0.0043810355,0.027192332,0.37060916,0.37060916,0.5213285,0.5213285,0.042657018,9.994653e-06,True,0.5,0.3796333,0.52,0.3996333,54,0.45,18,40,0.2276500158011913,0.5201330497860907,True,54,0.0155715346336364,True,85,performance_only_unstable,False,True,True,False,boundary_candidate
GI,15604,604,4414,0.1203666799521721,0.07510801,0.023197673,0.051910333,0.37009645,0.37009645,0.5356799,0.5356799,0.07135975,1.16566504e-07,True,0.5,0.3796333,0.42,0.29963332,55,0.45,18,40,0.2498197078704834,0.5048228114843368,True,55,0.0031412839889526,True,85,performance_only_unstable,False,True,True,False,boundary_candidate
GI,16935,604,4414,0.1203666799521721,0.09361742,0.02539328,0.06822414,0.36992157,0.36992157,0.5299238,0.5299238,0.059847593,1.38226e-06,True,0.6,0.47963333,0.46,0.33963335,56,0.425,17,40,0.2455683555454015,0.4995763458311556,True,56,0.0068187117576599,True,85,performance_only_unstable,False,True,True,False,boundary_candidate
GI,22511,604,4414,0.1203666799521721,0.04287174,0.0067204493,0.03615129,0.36969763,0.36969763,0.5211423,0.5211423,0.042284608,1.714799e-05,True,0.6,0.47963333,0.5,0.3796333,57,0.45,18,40,0.1771945480257272,0.5712504982948302,True,57,0.0134809017181396,True,85,performance_only_unstable,False,True,True,False,boundary_candidate
GI,29249,604,4414,0.1203666799521721,0.051237196,0.009558543,0.041678652,0.36770838,0.36770838,0.5202464,0.5202464,0.040492773,4.840642e-05,True,0.9,0.7796333,0.4,0.27963334,58,0.475,19,40,0.1653487484902143,0.5531323805451392,True,58,0.0034054517745971,True,85,performance_only_unstable,False,True,True,False,boundary_candidate
GI,21287,604,4414,0.1203666799521721,0.026913675,0.0029327848,0.02398089,0.3675828,0.3675828,0.51810443,0.51810443,0.036208868,6.179245e-05,True,0.6,0.47963333,0.5,0.3796333,59,0.45,18,40,0.211467945203185,0.510405758023262,True,59,0.0177041888236999,True,85,performance_only_unstable,False,True,True,False,boundary_candidate
GI,9728,604,4414,0.1203666799521721,0.05892035,0.016416604,0.042503744,0.3662823,0.3662823,0.5328168,0.5328168,0.065633655,1.2740313e-07,True,0.3,0.17963333,0.42,0.29963332,60,0.475,19,40,0.2305998977273702,0.5131645441055298,True,60,0.0189082622528076,True,85,performance_only_unstable,False,True,True,False,boundary_candidate
GI,24687,604,4414,0.1203666799521721,0.07686711,0.012923635,0.063943475,0.36416268,0.36416268,0.5228328,0.5228328,0.04566562,1.2775683e-05,True,0.5,0.3796333,0.44,0.3196333,61,0.475,19,40,0.2367405530065298,0.4978376917541026,True,61,0.0068165063858032,True,85,performance_only_unstable,False,True,True,False,boundary_candidate
GI,3541,604,4414,0.1203666799521721,0.032401178,0.0030832295,0.029317949,0.363742,0.363742,0.51761293,0.51761293,0.03522587,0.00012561625,True,0.7,0.5796333,0.48,0.35963333,62,0.45,18,40,0.2143384020775556,0.5156925976276396,True,62,0.0046602446438598,True,85,performance_only_unstable,False,True,True,False,boundary_candidate
GI,19684,604,4414,0.1203666799521721,0.0424643,0.007215589,0.03524871,0.36263144,0.36263144,0.52236545,0.52236545,0.0447309,6.5023737e-06,True,0.5,0.3796333,0.48,0.35963333,63,0.45,18,40,0.2028365217149257,0.512209615111351,True,63,0.0042064785957336,True,85,performance_only_unstable,False,True,True,False,boundary_candidate
GI,24901,604,4414,0.1203666799521721,0.022457704,0.0014411708,0.021016533,0.36237523,0.36237523,0.5144918,0.5144918,0.028983593,0.0003365803,True,0.7,0.5796333,0.38,0.2596333,64,0.45,18,40,0.2128298006951809,0.5155387610197066,True,64,0.0235300660133361,True,85,performance_only_unstable,False,True,True,False,boundary_candidate
GI,14202,604,4414,0.1203666799521721,0.03991295,0.006511154,0.033401795,0.36200705,0.36200705,0.52167267,0.52167267,0.043345332,9.127858e-06,True,0.5,0.3796333,0.5,0.3796333,65,0.475,19,40,0.2315822347998619,0.4990162067115306,True,65,0.0087164640426635,True,85,performance_only_unstable,False,True,True,False,boundary_candidate
GI,19401,604,4414,0.1203666799521721,0.030826392,0.0047969706,0.026029421,0.35858932,0.35858932,0.5188222,0.5188222,0.037644386,2.8280892e-05,True,0.7,0.5796333,0.46,0.33963335,66,0.425,17,40,0.2133906912058591,0.508206757903099,True,66,0.0123277306556701,True,85,performance_only_unstable,False,True,True,False,boundary_candidate
GI,6016,604,4414,0.1203666799521721,0.031288803,0.0045885607,0.026700241,0.35818315,0.35818315,0.5193537,0.5193537,0.038707376,2.903939e-05,True,0.6,0.47963333,0.46,0.33963335,67,0.4,16,40,0.1822689693421125,0.5089304342865943,True,67,0.0168206691741943,True,85,performance_only_unstable,False,True,True,False,boundary_candidate
GI,22383,604,4414,0.1203666799521721,0.06660997,0.01164043,0.05496954,0.35806337,0.35806337,0.52587754,0.52587754,0.05175507,8.407984e-06,True,0.6,0.47963333,0.4,0.27963334,68,0.45,18,40,0.2186997558921575,0.4971899785101413,True,68,0.0185815691947937,True,85,performance_only_unstable,False,True,True,False,boundary_candidate
GI,30153,604,4414,0.1203666799521721,0.09987777,0.03902843,0.06084934,0.35764313,0.35764313,0.5454139,0.5454139,0.09082782,1.1683209e-08,True,0.3,0.17963333,0.36,0.23963334,69,0.375,15,40,0.2393157411366701,0.4736593380570411,True,69,0.0003174543380737,True,85,performance_only_unstable,False,True,True,False,unstable_inclusion
GI,28960,604,4414,0.1203666799521721,0.065271236,0.018231232,0.047040004,0.3568805,0.3568805,0.53460544,0.53460544,0.06921089,2.2098894e-07,True,0.6,0.47963333,0.38,0.2596333,70,0.375,15,40,0.2063383396714925,0.5144626244902609,True,70,0.0162051320075988,True,85,performance_only_unstable,False,True,True,False,unstable_inclusion
GI,7217,604,4414,0.1203666799521721,0.012035647,0.00011416091,0.011921487,0.35443157,0.35443157,0.50816673,0.50816673,0.01633346,0.0021025122,True,1.0,0.8796333,0.2,0.079633325,71,0.35,14,40,0.209519786760211,0.4635613776743411,True,71,0.0011615753173828,True,85,performance_only_unstable,False,True,True,False,unstable_inclusion
GI,20863,604,4414,0.1203666799521721,0.031043047,0.0039925342,0.027050514,0.35410714,0.35410714,0.5157906,0.5157906,0.031581163,0.00012277804,True,0.8,0.6796333,0.44,0.3196333,72,0.4,16,40,0.1937411177903413,0.4874553799629211,True,72,0.0050461292266845,True,85,performance_only_unstable,False,True,True,False,boundary_candidate
GI,11873,604,4414,0.1203666799521721,0.040769868,0.0060261916,0.034743674,0.35392722,0.35392722,0.5187192,0.5187192,0.037438393,0.00022472697,True,0.7,0.5796333,0.44,0.3196333,73,0.225,9,40,0.2057066034525632,0.4684533044695854,True,73,0.0174920558929443,True,85,performance_only_unstable,False,True,True,False,unstable_inclusion
GI,30857,604,4414,0.1203666799521721,0.043670453,0.01048068,0.033189774,0.35091248,0.35091248,0.52852565,0.52852565,0.0570513,5.742626e-07,True,0.2,0.079633325,0.38,0.2596333,74,0.4,16,40,0.2160473074764013,0.511515937745571,True,74,0.0013005728477477,True,85,performance_only_unstable,False,True,True,False,boundary_candidate
GI,1061,604,4414,0.1203666799521721,0.0994962,0.03536245,0.06413375,0.35073224,0.35073224,0.5430488,0.5430488,0.0860976,1.2577e-08,True,0.1,-0.020366676,0.3,0.17963333,75,0.35,14,40,0.2268238238990307,0.4858104161918163,True,75,0.0024070739746093,True,85,performance_only_unstable,False,True,True,False,unstable_inclusion
GI,6564,604,4414,0.1203666799521721,0.029342147,0.0036646537,0.025677493,0.35007954,0.35007954,0.5167217,0.5167217,0.03344345,0.00018610714,True,0.6,0.47963333,0.48,0.35963333,76,0.35,14,40,0.1838833302259445,0.5118799433112142,True,76,0.0140178799629211,True,85,performance_only_unstable,False,True,True,False,unstable_inclusion
GI,1945,604,4414,0.1203666799521721,0.010121327,0.00031150883,0.009809818,0.349901,0.349901,0.5105313,0.5105313,0.021062613,0.0006616247,True,0.8,0.6796333,0.26,0.13963331,77,0.45,18,40,0.1788405191153288,0.5166038319468498,True,77,0.0122901201248168,True,85,performance_only_unstable,False,True,True,False,boundary_candidate
GI,31844,604,4414,0.1203666799521721,0.042810302,0.00996961,0.03284069,0.34745228,0.34745228,0.526512,0.526512,0.053024054,1.691245e-06,True,0.4,0.27963334,0.36,0.23963334,78,0.325,13,40,0.2091340661048889,0.4739346988499163,True,78,0.0088598132133483,True,85,performance_only_unstable,False,True,True,False,unstable_inclusion
GI,4209,604,4414,0.1203666799521721,0.05391466,0.008939065,0.044975594,0.3465859,0.3465859,0.5208364,0.5208364,0.041672826,2.2980512e-05,True,0.7,0.5796333,0.44,0.3196333,79,0.35,14,40,0.1936742074787616,0.4910020329058169,True,79,0.0210961699485778,True,85,performance_only_unstable,False,True,True,False,unstable_inclusion
GI,29750,604,4414,0.1203666799521721,0.11750116,0.03246639,0.08503477,0.34616417,0.34616417,0.53651273,0.53651273,0.073025465,2.4931776e-07,True,0.2,0.079633325,0.36,0.23963334,80,0.375,15,40,0.2033181313425302,0.5084799394011497,True,80,0.0291426181793212,True,85,performance_only_unstable,False,True,True,False,unstable_inclusion
GI,12351,604,4414,0.1203666799521721,0.09035143,0.012312564,0.07803887,0.34592482,0.34592482,0.5172763,0.5172763,0.034552574,0.00014790735,True,0.8,0.6796333,0.44,0.3196333,81,0.35,14,40,0.2048134364187717,0.4700076319277284,True,81,0.0089011192321777,True,85,performance_only_unstable,False,True,True,False,unstable_inclusion
GI,2182,604,4414,0.1203666799521721,0.04861147,0.0055292817,0.04308219,0.3455728,0.3455728,0.5161872,0.5161872,0.032374382,0.0003510421,True,0.7,0.5796333,0.46,0.33963335,82,0.4,16,40,0.2067699357867241,0.4813234411180018,True,82,0.0057282537719726,True,85,performance_only_unstable,False,True,True,False,boundary_candidate
GI,20378,604,4414,0.1203666799521721,0.05542154,0.005793887,0.04962765,0.34426963,0.34426963,0.51717067,0.51717067,0.034341335,0.0002680826,True,0.7,0.5796333,0.48,0.35963333,83,0.325,13,40,0.199981177970767,0.4722160711884496,True,83,0.007500410079956,True,85,performance_only_unstable,False,True,True,False,unstable_inclusion
GI,17748,604,4414,0.1203666799521721,0.045782026,0.004475727,0.0413063,0.3439445,0.3439445,0.5129367,0.5129367,0.025873423,0.0006685994,True,0.8,0.6796333,0.38,0.2596333,84,0.35,14,40,0.1819037515670061,0.4913691006600856,True,84,0.0015377289192199,True,85,performance_only_unstable,False,True,True,False,unstable_inclusion
GI,10178,604,4414,0.1203666799521721,0.054082807,0.0141431205,0.039939687,0.34309494,0.34309494,0.52414596,0.52414596,0.04829192,5.9572635e-06,True,0.7,0.5796333,0.48,0.35963333,85,0.375,15,40,0.1859192945063114,0.4998653158545492,True,85,0.0124955177307128,True,85,performance_only_unstable,False,True,True,False,unstable_inclusion
SU,11948,147,4871,0.0292945396572339,0.16580305,0.015511926,0.15029112,1.4286109,1.4286109,0.62261236,0.62261236,0.24522471,2.9396128e-09,True,0.2,0.17070547,0.32,0.29070544,1,0.9,36,40,0.780862209200859,2.0667309820652005,True,1,0.113447368144989,True,30,performance_only_unstable,False,True,False,True,stable_core
SU,30223,147,4871,0.0292945396572339,0.41442123,0.031370692,0.38305053,1.3196738,1.3196738,0.5915721,0.5915721,0.18314421,0.00014009122,True,0.7,0.67070544,0.28,0.25070545,2,0.825,33,40,0.7894169852137566,1.9307020813226696,True,2,0.0721332430839538,True,30,performance_only_unstable,False,True,False,True,stable_core
SU,16736,147,4871,0.0292945396572339,0.39112988,0.0415417,0.3495882,1.2788311,1.2788311,0.6157782,0.6157782,0.23155642,9.769107e-08,True,0.3,0.27070546,0.28,0.25070545,3,0.875,35,40,0.7860489934682846,1.8227925807237624,True,3,0.1779835820198059,True,30,performance_only_unstable,False,True,False,True,stable_core
SU,4512,147,4871,0.0292945396572339,0.25797194,0.015471429,0.24250051,1.2758591,1.2758591,0.5788402,0.5788402,0.15768039,7.54242e-06,True,0.4,0.37070546,0.36,0.33070546,4,0.775,31,40,0.5360898301005363,1.9805615693330765,True,4,0.1327019929885864,True,30,performance_only_unstable,False,True,False,True,stable_core
SU,9720,147,4871,0.0292945396572339,0.44238946,0.04561154,0.39677793,1.2614875,1.2614875,0.57923406,0.57923406,0.15846813,1.905844e-06,True,0.7,0.67070544,0.36,0.33070546,5,0.725,29,40,0.4170099720358848,2.005519676208496,True,5,0.1376687884330749,True,30,performance_only_unstable,False,True,False,True,stable_core
SU,29825,147,4871,0.0292945396572339,0.14259142,0.0066929916,0.13589843,1.247404,1.247404,0.54656047,0.54656047,0.09312093,0.00052378234,True,0.8,0.77070546,0.3,0.27070546,6,0.775,31,40,0.7040779605507851,1.8114971965551372,True,6,0.0572064518928527,True,30,performance_only_unstable,False,True,False,True,stable_core
SU,19359,147,4871,0.0292945396572339,1.8862671,0.40739357,1.4788735,1.2100813,1.2100813,0.72960895,0.72960895,0.4592179,6.223466e-14,True,0.2,0.17070547,0.2,0.17070547,7,0.95,38,40,0.8255110442638397,1.5686824679374696,True,7,0.1125329732894897,True,30,performance_only_unstable,False,True,False,True,stable_core
SU,7389,147,4871,0.0292945396572339,0.17094494,0.011971361,0.15897359,1.1989096,1.1989096,0.56059253,0.56059253,0.121185064,0.00018482895,True,0.6,0.5707055,0.34,0.31070545,8,0.775,31,40,0.6750990316271782,1.7777640670537946,True,8,0.0779705047607421,True,30,performance_only_unstable,False,True,False,True,stable_core
SU,28795,147,4871,0.0292945396572339,0.15335353,0.008586372,0.14476715,1.1988897,1.1988897,0.555847,0.555847,0.11169398,0.00014005238,True,0.5,0.47070545,0.32,0.29070544,9,0.75,30,40,0.6602322116494179,1.8158260703086853,True,9,0.0394952297210693,True,30,performance_only_unstable,False,True,True,False,stable_core
SU,4756,147,4871,0.0292945396572339,0.14361447,0.014791784,0.12882268,1.1747872,1.1747872,0.5869599,0.5869599,0.1739198,1.9174358e-06,True,0.5,0.47070545,0.28,0.25070545,10,0.8,32,40,0.7861024498939514,1.6340252637863155,True,10,0.0528715848922729,True,30,performance_only_unstable,False,True,False,True,stable_core
SU,9109,147,4871,0.0292945396572339,0.43609163,0.014693146,0.4213985,1.1741967,1.1741967,0.54563314,0.54563314,0.091266274,0.00055216835,True,0.5,0.47070545,0.3,0.27070546,11,0.7,28,40,0.6389333486557007,1.8234873622655867,True,11,0.0020340085029602,True,30,performance_only_unstable,False,True,True,False,stable_core
SU,5366,147,4871,0.0292945396572339,0.092527635,0.0008865447,0.09164109,1.1719987,1.1719987,0.5297324,0.5297324,0.059464812,0.013074521,True,0.7,0.67070544,0.18,0.15070547,12,0.825,33,40,0.5477420002222061,1.7954122185707089,True,12,0.0379914045333862,True,30,performance_only_unstable,False,True,True,False,stable_core
SU,2995,147,4871,0.0292945396572339,0.8113175,0.26878947,0.54252803,1.1181611,1.1181611,0.72893786,0.72893786,0.45787573,2.164602e-16,True,0.2,0.17070547,0.14,0.110705465,13,0.95,38,40,0.856178480386734,1.352720934152603,True,13,0.0022234916687011,True,30,performance_only_unstable,False,True,True,False,stable_core
SU,19935,147,4871,0.0292945396572339,0.09475978,0.0058493507,0.08891042,1.1168824,1.1168824,0.5565934,0.5565934,0.113186836,0.00011158725,True,0.6,0.5707055,0.32,0.29070544,14,0.65,26,40,0.2859923087060451,1.866075780987739,True,14,0.1218169927597045,True,30,performance_only_unstable,False,True,False,True,boundary_candidate
SU,28603,147,4871,0.0292945396572339,0.10432611,0.005976057,0.09835005,1.1104121,1.1104121,0.5430173,0.5430173,0.086034656,0.0015182673,True,0.5,0.47070545,0.28,0.25070545,15,0.65,26,40,0.261337736994028,1.789962711930274,True,15,0.105447232723236,True,30,performance_only_unstable,False,True,False,True,boundary_candidate
SU,24760,147,4871,0.0292945396572339,0.45754942,0.048835743,0.40871367,1.1054425,1.1054425,0.5807794,0.5807794,0.16155875,6.1871826e-05,True,0.6,0.5707055,0.28,0.25070545,16,0.65,26,40,0.5927912935614585,1.6848729193210594,True,16,0.0593623518943786,True,30,performance_only_unstable,False,True,False,True,boundary_candidate
SU,29856,147,4871,0.0292945396572339,0.8877152,0.2444578,0.64325744,1.0924573,1.0924573,0.69518405,0.69518405,0.3903681,1.3447478e-14,True,0.0,-0.02929454,0.1,0.07070546,17,0.8,32,40,0.7606863439083099,1.412692591547966,True,17,0.0800668597221374,True,30,performance_only_unstable,False,True,False,True,stable_core
SU,8760,147,4871,0.0292945396572339,0.16892539,0.031409588,0.1375158,1.0434518,1.0434518,0.62556195,0.62556195,0.2511239,6.3998523e-10,True,0.0,-0.02929454,0.06,0.03070546,18,0.75,30,40,0.6587118297815323,1.411051172018051,True,18,0.1363601684570312,True,30,performance_only_unstable,False,True,False,True,stable_core
SU,9578,147,4871,0.0292945396572339,0.19605654,0.037837937,0.1582186,1.030271,1.030271,0.62829643,0.62829643,0.25659287,5.043388e-10,True,0.0,-0.02929454,0.08,0.05070546,19,0.725,29,40,0.6640745654702187,1.382080590724945,True,19,0.1393840312957763,True,30,performance_only_unstable,False,True,False,True,stable_core
SU,16045,147,4871,0.0292945396572339,1.0553119,0.37769973,0.6776122,1.024521,1.024521,0.71737146,0.71737146,0.43474293,6.974145999999999e-19,True,0.1,0.07070546,0.06,0.03070546,20,0.725,29,40,0.7478967323899269,1.2706094712018965,True,20,0.0957578420639038,True,30,performance_only_unstable,False,True,False,True,stable_core
SU,16190,147,4871,0.0292945396572339,0.1691114,0.0146466335,0.15446477,1.0239466,1.0239466,0.5645274,0.5645274,0.12905478,2.4241708e-05,True,0.1,0.07070546,0.34,0.31070545,21,0.6,24,40,0.3098992682993412,1.7043446570634837,True,21,0.0866026878356933,True,30,performance_only_unstable,False,True,False,True,boundary_candidate
SU,26642,147,4871,0.0292945396572339,0.1687128,0.033294946,0.13541785,1.0109183,1.0109183,0.629869,0.629869,0.25973797,6.18991e-10,True,0.1,0.07070546,0.1,0.07070546,22,0.675,27,40,0.6494494289159775,1.359942343831062,True,22,0.1423961520195007,True,30,performance_only_unstable,False,True,False,True,boundary_candidate
SU,26263,147,4871,0.0292945396572339,1.5974437,0.5814214,1.0160223,0.9795434,0.9795434,0.7123766,0.7123766,0.4247532,1.8623584e-20,True,0.0,-0.02929454,0.12,0.090705454,23,0.6,24,40,0.725422827899456,1.2126657932996745,True,23,0.0296758413314819,True,30,performance_only_unstable,False,True,True,False,boundary_candidate
SU,20778,147,4871,0.0292945396572339,0.14587319,0.032437675,0.113435514,0.95878094,0.95878094,0.63620526,0.63620526,0.2724105,5.97243e-10,True,0.0,-0.02929454,0.18,0.15070547,24,0.5,20,40,0.5455473616719246,1.3538964539766312,True,24,0.1390284299850464,True,30,performance_only_unstable,False,True,False,True,boundary_candidate
SU,10539,147,4871,0.0292945396572339,0.12073501,0.014594106,0.106140904,0.95266414,0.95266414,0.5603188,0.5603188,0.120637655,6.352933e-05,True,0.4,0.37070546,0.3,0.27070546,25,0.5,20,40,0.2602935336530209,1.5923400431871415,True,25,0.0896286368370056,True,30,performance_only_unstable,False,True,False,True,boundary_candidate
SU,30172,147,4871,0.0292945396572339,0.6003534,0.15870152,0.44165188,0.9475427,0.9475427,0.65231687,0.65231687,0.30463374,4.5770047e-08,True,0.4,0.37070546,0.22,0.19070546,26,0.475,19,40,0.6037506580352783,1.348327401280403,True,26,0.0328287482261657,True,30,performance_only_unstable,False,True,True,False,boundary_candidate
SU,7382,147,4871,0.0292945396572339,0.45305857,0.10547156,0.34758702,0.9195969,0.9195969,0.6105662,0.6105662,0.2211324,6.5216057e-07,True,0.2,0.17070547,0.26,0.23070545,27,0.425,17,40,0.542726019024849,1.3231102228164673,True,27,0.1749078631401062,True,30,performance_only_unstable,False,True,False,True,boundary_candidate
SU,11872,147,4871,0.0292945396572339,0.34449404,0.035555616,0.30893844,0.91403776,0.91403776,0.5663988,0.5663988,0.1327976,4.3964294e-05,True,0.1,0.07070546,0.28,0.25070545,28,0.475,19,40,0.4817986138164997,1.3818859636783598,True,28,0.0833871364593505,True,30,performance_only_unstable,False,True,False,True,boundary_candidate
SU,5732,147,4871,0.0292945396572339,0.14815848,0.032719556,0.11543892,0.9007731,0.9007731,0.6208317,0.6208317,0.24166346,2.8304896e-09,True,0.0,-0.02929454,0.02,-0.00929454,29,0.275,11,40,0.5480029076337815,1.23919218480587,True,29,0.1338671445846557,True,30,performance_only_unstable,False,True,False,True,unstable_inclusion
SU,1871,147,4871,0.0292945396572339,0.2674851,0.04207579,0.22540933,0.88959503,0.88959503,0.5751805,0.5751805,0.15036094,2.7847285e-05,True,0.2,0.17070547,0.26,0.23070545,30,0.4,16,40,0.5166186213493347,1.348319187760353,True,30,0.0068966150283813,True,30,performance_only_unstable,False,True,True,False,boundary_candidate
AF,23464,265,4753,0.052809884416102,0.8528302,0.09683029,0.75599986,2.1990488,2.1990488,0.8019678,0.8019678,0.6039356,4.471347e-39,True,0.8,0.7471901,0.64,0.5871901,1,1.0,40,40,1.9039986371994015,2.491556590795517,True,1,0.0569421648979187,True,58,stable_topk_found,True,True,False,True,stable_core
AF,7143,265,4753,0.052809884416102,0.3200103,0.013549419,0.3064609,2.1111808,2.1111808,0.67599016,0.67599016,0.35198033,1.3019405e-21,True,0.9,0.8471901,0.72,0.66719013,2,1.0,40,40,1.7377695918083191,2.493386280536652,True,2,0.0305120944976806,True,58,stable_topk_found,True,True,True,False,stable_core
AF,17793,265,4753,0.052809884416102,0.49243072,0.02185544,0.47057527,1.9303179,1.9303179,0.6600236,0.6600236,0.32004726,4.0982529999999994e-19,True,0.8,0.7471901,0.66,0.60719013,3,1.0,40,40,1.5698292344808578,2.3378714621067047,True,3,0.0382626056671142,True,58,stable_topk_found,True,True,True,False,stable_core
AF,6676,265,4753,0.052809884416102,0.41964918,0.0183934,0.4012558,1.7031536,1.7031536,0.65155077,0.65155077,0.30310154,7.722514e-14,True,0.9,0.8471901,0.66,0.60719013,4,1.0,40,40,1.3416897296905517,2.079739725589752,True,4,0.0274541974067688,True,58,stable_topk_found,True,True,True,False,stable_core
AF,30870,265,4753,0.052809884416102,0.4943912,0.030057907,0.4643333,1.609799,1.609799,0.62527025,0.62527025,0.2505405,1.1716154e-14,True,1.0,0.9471901,0.64,0.5871901,5,1.0,40,40,1.287000036239624,1.9285129696130752,True,5,0.0423442721366882,True,58,stable_topk_found,True,True,True,False,stable_core
AF,28724,265,4753,0.052809884416102,0.4597509,0.0148278065,0.44492307,1.5353996,1.5353996,0.62975323,0.62975323,0.25950646,4.4118512e-13,True,0.5,0.4471901,0.64,0.5871901,6,1.0,40,40,1.1576139241456986,1.94021620452404,True,6,0.0524328351020813,True,58,stable_topk_found,True,True,False,True,stable_core
AF,2434,265,4753,0.052809884416102,0.48881927,0.018072879,0.4707464,1.5068046,1.5068046,0.61514753,0.61514753,0.23029506,1.322023e-12,True,0.6,0.5471901,0.62,0.5671901,7,1.0,40,40,1.1616390824317933,1.884214341640472,True,7,0.0341558456420898,True,58,stable_topk_found,True,True,True,False,stable_core
AF,18492,265,4753,0.052809884416102,0.62637085,0.061628018,0.5647428,1.3862767,1.3862767,0.66526324,0.66526324,0.33052647,8.839374e-19,True,0.2,0.14719012,0.3,0.24719013,8,1.0,40,40,1.0964218884706498,1.7173783779144285,True,8,0.055849552154541,True,58,stable_topk_found,True,True,False,True,stable_core
AF,9869,265,4753,0.052809884416102,0.53235555,0.017158981,0.51519656,1.3817712,1.3817712,0.59880435,0.59880435,0.19760871,8.8492796e-11,True,0.6,0.5471901,0.58,0.5271901,9,1.0,40,40,1.0463516354560851,1.7329369455575938,True,9,0.0293298959732055,True,58,stable_topk_found,True,True,True,False,stable_core
AF,24206,265,4753,0.052809884416102,0.11445312,0.0046224915,0.10983063,1.3693256,1.3693256,0.5809574,0.5809574,0.16191483,1.7738029e-10,True,0.8,0.7471901,0.66,0.60719013,10,1.0,40,40,1.024457225203514,1.725135254859924,True,10,0.0042041540145874,True,58,stable_topk_found,True,True,True,False,stable_core
AF,32764,265,4753,0.052809884416102,0.54843014,0.10032233,0.4481078,1.3442585,1.3442585,0.68176526,0.68176526,0.36353052,3.24112e-21,True,0.5,0.4471901,0.58,0.5271901,11,1.0,40,40,1.0935455292463303,1.6092005252838133,True,11,0.0616313219070434,True,58,stable_topk_found,True,True,False,True,stable_core
AF,22411,265,4753,0.052809884416102,0.23453714,0.020219138,0.214318,1.2684014,1.2684014,0.6124998,0.6124998,0.22499955,2.8762336e-13,True,0.6,0.5471901,0.48,0.4271901,12,1.0,40,40,0.9652561858296396,1.5868216544389724,True,12,0.0035392045974731,True,58,stable_topk_found,True,True,True,False,stable_core
AF,19654,265,4753,0.052809884416102,0.15742925,0.010088201,0.14734104,1.2351483,1.2351483,0.5853479,0.5853479,0.17069578,1.5761817e-10,True,0.7,0.6471901,0.58,0.5271901,13,1.0,40,40,0.9273532778024672,1.5370211839675902,True,13,0.0075846910476684,True,58,stable_topk_found,True,True,True,False,stable_core
AF,28469,265,4753,0.052809884416102,0.35795254,0.061426666,0.29652587,1.2229416,1.2229416,0.6604337,0.6604337,0.32086742,1.6003059999999998e-19,True,0.4,0.3471901,0.38,0.3271901,14,1.0,40,40,0.9765379711985588,1.4774589806795118,True,14,0.0250971317291259,True,58,stable_topk_found,True,True,True,False,stable_core
AF,31149,265,4753,0.052809884416102,0.17436616,0.006802447,0.1675637,1.2017546,1.2017546,0.5642851,0.5642851,0.1285702,5.3472778e-08,True,0.7,0.6471901,0.64,0.5871901,15,1.0,40,40,0.9258479863405228,1.4930334627628326,True,15,0.0309862494468688,True,58,stable_topk_found,True,True,True,False,stable_core
AF,5320,265,4753,0.052809884416102,0.23069723,0.03491093,0.1957863,1.1463919,1.1463919,0.6306603,0.6306603,0.2613206,8.039152e-14,True,0.8,0.7471901,0.34,0.2871901,16,1.0,40,40,0.9134634837508202,1.412024301290512,True,16,0.0468362569808959,True,58,stable_topk_found,True,True,True,False,stable_core
AF,11511,265,4753,0.052809884416102,0.36603773,0.004702622,0.3613351,1.1344097,1.1344097,0.5389998,0.5389998,0.07799959,4.2030083e-06,True,0.8,0.7471901,0.42,0.3671901,17,0.925,37,40,0.7987781822681427,1.4787856847047802,True,17,0.0154318809509277,True,58,stable_topk_found,True,True,True,False,stable_core
AF,25532,265,4753,0.052809884416102,0.25943395,0.057232358,0.2022016,1.0880154,1.0880154,0.64420724,0.64420724,0.28841448,5.2700435e-17,True,0.9,0.8471901,0.58,0.5271901,18,1.0,40,40,0.8629460394382477,1.3248703598976137,True,18,0.0582385659217834,True,58,stable_topk_found,True,True,False,True,stable_core
AF,24167,265,4753,0.052809884416102,0.31025207,0.052513707,0.25773835,1.0834823,1.0834823,0.663621,0.663621,0.32724202,6.547573799999999e-18,True,0.1,0.04719012,0.2,0.14719012,19,1.0,40,40,0.8739051833748818,1.2968550145626068,True,19,0.016228437423706,True,58,stable_topk_found,True,True,True,False,stable_core
AF,26057,265,4753,0.052809884416102,0.10964033,0.0047527547,0.104887575,1.064925,1.064925,0.56032217,0.56032217,0.12064433,2.0740035e-06,True,0.8,0.7471901,0.56,0.5071901,20,1.0,40,40,0.8182691499590874,1.3293134719133377,True,20,0.0359100103378295,True,58,stable_topk_found,True,True,True,False,stable_core
AF,29908,265,4753,0.052809884416102,0.16323704,0.015422825,0.14781421,1.0554625,1.0554625,0.59517324,0.59517324,0.19034648,3.6008568e-11,True,0.3,0.24719013,0.48,0.4271901,21,1.0,40,40,0.7470763012766838,1.4021245330572127,True,21,0.0182092785835266,True,58,stable_topk_found,True,True,True,False,stable_core
AF,15160,265,4753,0.052809884416102,0.17895783,0.017859198,0.16109863,1.0429652,1.0429652,0.57836443,0.57836443,0.15672886,5.9088743e-09,True,0.7,0.6471901,0.5,0.4471901,22,1.0,40,40,0.7575644478201866,1.3496339738368988,True,22,0.0169496536254882,True,58,stable_topk_found,True,True,True,False,stable_core
AF,9782,265,4753,0.052809884416102,0.28453714,0.04277726,0.24175988,1.0206866,1.0206866,0.6178342,0.6178342,0.23566842,9.011182e-13,True,0.2,0.14719012,0.44,0.3871901,23,1.0,40,40,0.7498247817158699,1.2936434775590897,True,23,0.0549677014350891,True,58,stable_topk_found,True,True,False,True,stable_core
AF,26938,265,4753,0.052809884416102,0.51261795,0.04372362,0.46889433,1.0103494,1.0103494,0.57795674,0.57795674,0.15591347,2.8870506e-10,True,0.1,0.04719012,0.24,0.18719012,24,1.0,40,40,0.7160334825515747,1.3578712850809096,True,24,0.0055203437805175,True,58,stable_topk_found,True,True,True,False,stable_core
AF,24856,265,4753,0.052809884416102,0.3947671,0.065807536,0.32895958,1.0081782,1.0081782,0.60598946,0.60598946,0.21197891,9.343887e-12,True,0.4,0.3471901,0.48,0.4271901,25,1.0,40,40,0.7562065348029137,1.2698305070400235,True,25,0.0210310220718383,True,58,stable_topk_found,True,True,True,False,stable_core
AF,12613,265,4753,0.052809884416102,0.17546433,0.016311245,0.15915309,1.0015526,1.0015526,0.58242816,0.58242816,0.16485631,5.875985e-09,True,0.7,0.6471901,0.44,0.3871901,26,0.975,39,40,0.7219772011041641,1.2856513857841492,True,26,0.0004830956459045,True,58,stable_topk_found,True,True,True,False,stable_core
AF,453,265,4753,0.052809884416102,0.100972876,0.005623504,0.09534937,0.9779395,0.9779395,0.5547039,0.5547039,0.10940778,7.850278e-07,True,0.7,0.6471901,0.48,0.4271901,27,0.975,39,40,0.653451307117939,1.2820584177970886,True,27,0.0096723437309265,True,58,stable_topk_found,True,True,True,False,stable_core
AF,15797,265,4753,0.052809884416102,0.107613504,0.010512275,0.09710123,0.966477,0.966477,0.57030594,0.57030594,0.14061189,1.7352853e-08,True,0.7,0.6471901,0.42,0.3671901,28,0.95,38,40,0.6505400538444519,1.2795264452695847,True,28,0.0191379785537719,True,58,stable_topk_found,True,True,True,False,stable_core
AF,8307,265,4753,0.052809884416102,0.30755454,0.023583788,0.28397074,0.93565935,0.93565935,0.5643284,0.5643284,0.12865674,7.7519054e-08,True,0.2,0.14719012,0.52,0.4671901,29,1.0,40,40,0.6490134596824646,1.2415503233671188,True,29,0.0249590873718261,True,58,stable_topk_found,True,True,True,False,stable_core
AF,16792,265,4753,0.052809884416102,0.3282724,0.04730113,0.2809713,0.9315178,0.9315178,0.5758218,0.5758218,0.15164363,4.604452e-09,True,0.6,0.5471901,0.52,0.4671901,30,0.9,36,40,0.6527369767427444,1.2195351690053933,True,30,0.0250540375709533,True,58,stable_topk_found,True,True,True,False,stable_core
AF,22475,265,4753,0.052809884416102,0.44512823,0.07671306,0.36841518,0.9279751,0.9279751,0.5999337,0.5999337,0.19986737,5.814857e-11,True,0.3,0.24719013,0.44,0.3871901,31,0.95,38,40,0.6707173749804497,1.2101104229688644,True,31,0.0178627967834472,True,58,stable_topk_found,True,True,True,False,stable_core
AF,15228,265,4753,0.052809884416102,0.2268131,0.045073505,0.18173958,0.90297383,0.90297383,0.6151626,0.6151626,0.23032522,8.5059564e-11,True,0.4,0.3471901,0.34,0.2871901,32,1.0,40,40,0.6475507989525795,1.1605940848588945,True,32,0.0405525565147399,True,58,stable_topk_found,True,True,True,False,stable_core
AF,1871,265,4753,0.052809884416102,0.26300853,0.03672927,0.22627926,0.9009026,0.9009026,0.5989639,0.5989639,0.19792783,1.9645054e-10,True,0.4,0.3471901,0.32,0.2671901,33,0.95,38,40,0.6173291563987732,1.195387503504753,True,33,0.0138900876045227,True,58,stable_topk_found,True,True,True,False,stable_core
AF,16965,265,4753,0.052809884416102,0.67387974,0.11172795,0.5621518,0.89060295,0.89060295,0.5906204,0.5906204,0.1812408,1.79172e-11,True,0.3,0.24719013,0.28,0.22719012,34,0.975,39,40,0.627312745153904,1.1794080078601834,True,34,0.0392668843269348,True,58,stable_topk_found,True,True,True,False,stable_core
AF,16074,265,4753,0.052809884416102,0.40931603,0.029585345,0.3797307,0.8840773,0.8840773,0.5574938,0.5574938,0.11498761,6.9235045e-07,True,0.5,0.4471901,0.42,0.3671901,35,0.925,37,40,0.5733314335346222,1.2122248768806452,True,35,0.0342516899108886,True,58,stable_topk_found,True,True,True,False,stable_core
AF,32482,265,4753,0.052809884416102,0.48424232,0.071583904,0.41265842,0.8810927,0.8810927,0.5625138,0.5625138,0.12502766,4.2063192e-08,True,0.6,0.5471901,0.48,0.4271901,36,0.9,36,40,0.6148800522089004,1.1500939965248107,True,36,0.0398304462432861,True,58,stable_topk_found,True,True,True,False,stable_core
AF,10881,265,4753,0.052809884416102,0.1559994,0.0044289464,0.15157045,0.8568821,0.8568821,0.55128795,0.55128795,0.1025759,5.4309963e-05,True,0.7,0.6471901,0.56,0.5071901,37,0.8,32,40,0.5349356576800346,1.204089868068695,True,37,0.0077573060989379,True,58,stable_topk_found,True,True,True,False,stable_core
AF,5149,265,4753,0.052809884416102,0.047766805,0.0021080435,0.04565876,0.8203543,0.8203543,0.53409284,0.53409284,0.06818569,5.567776e-05,True,0.7,0.6471901,0.4,0.3471901,38,0.8,32,40,0.5361849427223205,1.097526451945305,True,38,0.0081377625465393,True,58,stable_topk_found,True,True,True,False,stable_core
AF,2474,265,4753,0.052809884416102,0.14021227,0.0017653324,0.13844694,0.7981289,0.7981289,0.5224228,0.5224228,0.04484558,0.0007180023,True,0.8,0.7471901,0.26,0.20719011,39,0.775,31,40,0.4618301279842853,1.1290806174278258,True,39,0.0111986398696899,True,58,stable_topk_found,True,True,True,False,stable_core
AF,11336,265,4753,0.052809884416102,0.05208579,0.0042037596,0.04788203,0.7864168,0.7864168,0.5406254,0.5406254,0.08125079,3.2489123e-05,True,0.8,0.7471901,0.32,0.2671901,40,0.675,27,40,0.4951319552958012,1.1028948396444318,True,40,0.0006533861160278,True,58,stable_topk_found,True,True,True,False,boundary_candidate
AF,6513,265,4753,0.052809884416102,0.19180425,0.007858112,0.18394613,0.7814037,0.7814037,0.53597766,0.53597766,0.07195532,9.827892e-05,True,0.5,0.4471901,0.42,0.3671901,41,0.7,28,40,0.4022822454571724,1.1399415254592895,True,41,0.0014621019363403,True,58,stable_topk_found,True,True,True,False,stable_core
AF,4304,265,4753,0.052809884416102,0.20470224,0.02068636,0.18401588,0.7804057,0.7804057,0.5553501,0.5553501,0.11070025,0.00013883953,True,0.6,0.5471901,0.3,0.24719013,42,0.675,27,40,0.4981784336268902,1.0247082501649856,True,42,0.0128872394561767,True,58,stable_topk_found,True,True,True,False,boundary_candidate
AF,24188,265,4753,0.052809884416102,0.22506633,0.0149893,0.21007703,0.7801517,0.7801517,0.53228307,0.53228307,0.064566135,0.00011198427,True,0.7,0.6471901,0.32,0.2671901,43,0.75,30,40,0.4440433487296104,1.1069265633821486,True,43,0.0301058888435363,True,58,stable_topk_found,True,True,True,False,stable_core
AF,4737,265,4753,0.052809884416102,0.3145858,0.09180509,0.2227807,0.761507,0.761507,0.620611,0.620611,0.24122202,1.36780405e-11,True,0.3,0.24719013,0.28,0.22719012,44,0.725,29,40,0.5602069675922394,0.9854782462120056,True,44,0.0152225494384765,True,58,stable_topk_found,True,True,True,False,stable_core
AF,20904,265,4753,0.052809884416102,0.44107458,0.13329041,0.30778417,0.76098406,0.76098406,0.62783825,0.62783825,0.2556765,9.508569e-14,True,0.4,0.3471901,0.16,0.10719012,45,0.775,31,40,0.5627832964062691,0.9764680758118628,True,45,0.0300596356391906,True,58,stable_topk_found,True,True,True,False,stable_core
AF,18684,265,4753,0.052809884416102,0.15114976,0.00678601,0.14436376,0.7513814,0.7513814,0.529074,0.529074,0.058148026,0.0011028963,True,0.9,0.8471901,0.34,0.2871901,46,0.575,23,40,0.4582299590110779,1.009747534990311,True,46,0.0326724648475647,True,58,stable_topk_found,True,True,True,False,boundary_candidate
AF,29003,265,4753,0.052809884416102,0.033785377,0.00047091968,0.033314455,0.7412874,0.7412874,0.51845706,0.51845706,0.03691411,0.0033610926,True,0.8,0.7471901,0.22,0.16719012,47,0.625,25,40,0.4066166125237941,1.0202574640512465,True,47,0.0160650014877319,True,58,stable_topk_found,True,True,True,False,boundary_candidate
AF,12718,265,4753,0.052809884416102,0.08736733,0.0041729403,0.08319439,0.72748137,0.72748137,0.5355545,0.5355545,0.07110906,0.00057067734,True,0.6,0.5471901,0.4,0.3471901,48,0.575,23,40,0.4614775829017162,1.002212250232696,True,48,0.020953893661499,True,58,stable_topk_found,True,True,True,False,boundary_candidate
AF,30807,265,4753,0.052809884416102,0.10336085,0.00865243,0.09470841,0.71743435,0.71743435,0.53854764,0.53854764,0.07709527,2.3746656e-05,True,0.5,0.4471901,0.42,0.3671901,49,0.5,20,40,0.4364271715283394,1.0499283999204634,True,49,0.0189846754074096,True,58,stable_topk_found,True,True,True,False,boundary_candidate
AF,1577,265,4753,0.052809884416102,0.13815595,0.023892805,0.11426315,0.71533436,0.71533436,0.5733551,0.5733551,0.14671016,2.6697856e-08,True,0.2,0.14719012,0.22,0.16719012,50,0.55,22,40,0.4719917103648186,1.0150796979665755,True,50,0.0081859230995178,True,58,stable_topk_found,True,True,True,False,boundary_candidate
AF,19376,265,4753,0.052809884416102,0.045275647,0.0023250119,0.042950634,0.71304035,0.71304035,0.53424925,0.53424925,0.06849849,0.00015393445,True,0.4,0.3471901,0.38,0.3271901,51,0.575,23,40,0.3821780443191528,1.0641438245773307,True,51,0.0078863501548767,True,58,stable_topk_found,True,True,True,False,boundary_candidate
AF,14740,265,4753,0.052809884416102,0.2872789,0.022670304,0.2646086,0.70040977,0.70040977,0.5397552,0.5397552,0.07951045,6.9837835e-05,True,0.5,0.4471901,0.4,0.3471901,52,0.475,19,40,0.4199305027723312,0.9783721312880516,True,52,0.0488168597221374,True,58,stable_topk_found,True,True,True,False,boundary_candidate
AF,22532,265,4753,0.052809884416102,0.104532726,0.019007321,0.08552541,0.69773257,0.69773257,0.5687594,0.5687594,0.13751876,1.1999553e-07,True,0.3,0.24719013,0.22,0.16719012,53,0.5,20,40,0.4300669252872467,0.9954590991139408,True,53,0.0118259191513061,True,58,stable_topk_found,True,True,True,False,boundary_candidate
AF,31237,265,4753,0.052809884416102,0.28575325,0.026103579,0.25964966,0.693149,0.693149,0.5312899,0.5312899,0.06257975,0.00011300225,True,0.5,0.4471901,0.34,0.2871901,54,0.45,18,40,0.4083889462053776,0.9711633563041684,True,54,0.0380605459213256,True,58,stable_topk_found,True,True,True,False,boundary_candidate
AF,16549,265,4753,0.052809884416102,0.033755895,0.0024593843,0.03129651,0.6906732,0.6906732,0.5293868,0.5293868,0.058773637,0.00019240312,True,0.5,0.4471901,0.34,0.2871901,55,0.5,20,40,0.4101167067885399,0.9757040753960604,True,55,0.0025942325592041,True,58,stable_topk_found,True,True,True,False,boundary_candidate
AF,7551,265,4753,0.052809884416102,0.07159493,0.0050942334,0.0665007,0.68681186,0.68681186,0.53659457,0.53659457,0.07318914,9.182133e-05,True,0.4,0.3471901,0.42,0.3671901,56,0.5,20,40,0.3970522567629814,1.013161638379097,True,56,0.0040959119796752,True,58,stable_topk_found,True,True,True,False,boundary_candidate
AF,32057,265,4753,0.052809884416102,0.08452977,0.0010408722,0.0834889,0.68486583,0.68486583,0.5223275,0.5223275,0.044654965,0.005306777,True,0.8,0.7471901,0.26,0.20719011,57,0.4,16,40,0.3626771792769432,1.0082455039024352,True,57,0.0299732685089111,True,58,stable_topk_found,True,True,True,False,boundary_candidate
AF,23242,265,4753,0.052809884416102,1.0164726,0.6071457,0.40932685,0.6713515,0.6713515,0.6547384,0.6547384,0.30947685,1.2002828e-15,True,0.4,0.3471901,0.28,0.22719012,58,0.3,12,40,0.518557608127594,0.824490687251091,True,58,0.0473424792289733,True,58,stable_topk_found,True,True,True,False,unstable_inclusion
